2026-03-07 17:44:30,921 [INFO] django.utils.autoreload: Watching for file changes with StatReloader
2026-03-07 17:44:33,281 [INFO] django.server: "GET /?oa=1 HTTP/1.1" 200 64476
2026-03-07 17:44:33,311 [WARNING] django.request: Not Found: /.well-known/appspecific/com.chrome.devtools.json
2026-03-07 17:44:33,312 [WARNING] django.server: "GET /.well-known/appspecific/com.chrome.devtools.json HTTP/1.1" 404 10431
2026-03-07 17:44:33,369 [INFO] django.server: "GET /static/main/css/style.css HTTP/1.1" 200 9397
2026-03-07 17:44:33,369 [INFO] django.server: "GET /static/main/images/icon.png HTTP/1.1" 200 49378
2026-03-07 17:44:33,370 [INFO] django.server: "GET /static/main/scripts/main_filter.js HTTP/1.1" 200 9162
2026-03-07 17:44:33,553 [INFO] django.server: "GET /static/main/images/favicon.ico HTTP/1.1" 200 15406
2026-03-07 17:44:52,550 [INFO] django.utils.autoreload: D:\PROJECTs\su_science\project\document\views.py changed, reloading.
2026-03-07 17:44:53,039 [INFO] django.utils.autoreload: Watching for file changes with StatReloader
2026-03-07 17:47:06,234 [INFO] django.server: "GET /?oa=1 HTTP/1.1" 200 64476
2026-03-07 17:47:06,276 [WARNING] django.request: Not Found: /.well-known/appspecific/com.chrome.devtools.json
2026-03-07 17:47:06,276 [WARNING] django.server: "GET /.well-known/appspecific/com.chrome.devtools.json HTTP/1.1" 404 10431
2026-03-07 17:47:13,629 [INFO] django.server: "GET /?oa=1 HTTP/1.1" 200 64476
2026-03-07 17:47:13,661 [WARNING] django.request: Not Found: /.well-known/appspecific/com.chrome.devtools.json
2026-03-07 17:47:13,662 [WARNING] django.server: "GET /.well-known/appspecific/com.chrome.devtools.json HTTP/1.1" 404 10431
2026-03-07 17:47:14,252 [INFO] django.server: "GET /?status=published&y_min=2021 HTTP/1.1" 200 68355
2026-03-07 17:47:14,282 [WARNING] django.request: Not Found: /.well-known/appspecific/com.chrome.devtools.json
2026-03-07 17:47:14,283 [WARNING] django.server: "GET /.well-known/appspecific/com.chrome.devtools.json HTTP/1.1" 404 10431
2026-03-07 17:47:17,739 [INFO] django.server: "GET / HTTP/1.1" 200 21043
2026-03-07 17:47:17,776 [WARNING] django.request: Not Found: /.well-known/appspecific/com.chrome.devtools.json
2026-03-07 17:47:17,777 [WARNING] django.server: "GET /.well-known/appspecific/com.chrome.devtools.json HTTP/1.1" 404 10431
2026-03-07 17:47:27,297 [INFO] django.server: "GET /documents HTTP/1.1" 200 11793
2026-03-07 17:47:27,322 [WARNING] django.request: Not Found: /.well-known/appspecific/com.chrome.devtools.json
2026-03-07 17:47:27,323 [WARNING] django.server: "GET /.well-known/appspecific/com.chrome.devtools.json HTTP/1.1" 404 10431
2026-03-07 17:47:29,639 [INFO] django.server: "GET /generators/13/edit HTTP/1.1" 200 11357
2026-03-07 17:47:29,668 [WARNING] django.request: Not Found: /.well-known/appspecific/com.chrome.devtools.json
2026-03-07 17:47:29,669 [WARNING] django.server: "GET /.well-known/appspecific/com.chrome.devtools.json HTTP/1.1" 404 10431
2026-03-07 17:47:29,699 [INFO] document.views: ONLYOFFICE config generator=13 user=74 mode=edit key=gen-13-1772885817-s28287
2026-03-07 17:47:29,699 [INFO] django.server: "GET /onlyoffice/generator/config/13 HTTP/1.1" 200 1589
2026-03-07 17:47:30,132 [INFO] document.views: ONLYOFFICE callback generator=13 status=1
2026-03-07 17:47:30,133 [INFO] django.server: "POST /onlyoffice/generator/callback/13 HTTP/1.1" 200 12
2026-03-07 17:47:30,169 [INFO] document.views: Generator file served generator=13
2026-03-07 17:47:30,170 [INFO] django.server: "GET /generator-files/13?access_token=eyJnZW5lcmF0b3JfaWQiOjEzLCJ1c2VyX2lkIjo3NH0%3A1vyr45%3A-moKnkbcyGQfLR1YAXx6kZcgpavgrMwNQTMTUfGjAWA HTTP/1.1" 200 28287
2026-03-07 17:49:02,610 [INFO] django.server: "GET /account/ HTTP/1.1" 200 9711
2026-03-07 17:49:03,204 [WARNING] django.request: Not Found: /.well-known/appspecific/com.chrome.devtools.json
2026-03-07 17:49:03,205 [WARNING] django.server: "GET /.well-known/appspecific/com.chrome.devtools.json HTTP/1.1" 404 10431
2026-03-07 17:49:05,102 [INFO] django.server: "GET /documents/14/edit HTTP/1.1" 200 11326
2026-03-07 17:49:05,130 [WARNING] django.request: Not Found: /.well-known/appspecific/com.chrome.devtools.json
2026-03-07 17:49:05,130 [WARNING] django.server: "GET /.well-known/appspecific/com.chrome.devtools.json HTTP/1.1" 404 10431
2026-03-07 17:49:05,164 [INFO] document.views: ONLYOFFICE config document=14 user=74 mode=edit key=doc-14-v1
2026-03-07 17:49:05,165 [INFO] django.server: "GET /onlyoffice/config/14 HTTP/1.1" 200 1535
2026-03-07 17:49:05,607 [INFO] document.views: ONLYOFFICE callback document=14 status=1
2026-03-07 17:49:05,608 [INFO] django.server: "POST /onlyoffice/callback/14 HTTP/1.1" 200 12
2026-03-07 17:49:08,647 [INFO] document.views: ONLYOFFICE callback generator=13 status=2
2026-03-07 17:49:08,681 [INFO] document.views: ONLYOFFICE callback saved generator=13 file=synthetic_documents/template-from-document-5.docx
2026-03-07 17:49:08,682 [INFO] django.server: "POST /onlyoffice/generator/callback/13 HTTP/1.1" 200 12
2026-03-07 17:49:15,119 [INFO] django.server: "GET /account/ HTTP/1.1" 200 9711
2026-03-07 17:49:15,144 [INFO] document.views: ONLYOFFICE callback document=14 status=4
2026-03-07 17:49:15,147 [WARNING] django.request: Not Found: /.well-known/appspecific/com.chrome.devtools.json
2026-03-07 17:49:15,147 [INFO] django.server: "POST /onlyoffice/callback/14 HTTP/1.1" 200 12
2026-03-07 17:49:15,156 [WARNING] django.server: "GET /.well-known/appspecific/com.chrome.devtools.json HTTP/1.1" 404 10431
2026-03-07 17:49:15,717 [INFO] django.server: "GET /documents HTTP/1.1" 200 11793
2026-03-07 17:49:15,745 [WARNING] django.request: Not Found: /.well-known/appspecific/com.chrome.devtools.json
2026-03-07 17:49:15,746 [WARNING] django.server: "GET /.well-known/appspecific/com.chrome.devtools.json HTTP/1.1" 404 10431
2026-03-07 17:49:19,757 [INFO] django.server: "GET /generators/13/edit HTTP/1.1" 200 11357
2026-03-07 17:49:19,782 [WARNING] django.request: Not Found: /.well-known/appspecific/com.chrome.devtools.json
2026-03-07 17:49:19,783 [WARNING] django.server: "GET /.well-known/appspecific/com.chrome.devtools.json HTTP/1.1" 404 10431
2026-03-07 17:49:19,820 [INFO] document.views: ONLYOFFICE config generator=13 user=74 mode=edit key=gen-13-1772885817-s28286
2026-03-07 17:49:19,820 [INFO] django.server: "GET /onlyoffice/generator/config/13 HTTP/1.1" 200 1589
2026-03-07 17:49:20,229 [INFO] document.views: ONLYOFFICE callback generator=13 status=1
2026-03-07 17:49:20,229 [INFO] django.server: "POST /onlyoffice/generator/callback/13 HTTP/1.1" 200 12
2026-03-07 17:49:20,240 [INFO] document.views: Generator file served generator=13
2026-03-07 17:49:20,241 [INFO] django.server: "GET /generator-files/13?access_token=eyJnZW5lcmF0b3JfaWQiOjEzLCJ1c2VyX2lkIjo3NH0%3A1vyr5r%3AfKUkQqWL8JtscEjUNvONLBmiCNYYMIfY1dHkAG3Itak HTTP/1.1" 200 28286
2026-03-07 17:49:23,985 [INFO] document.views: ONLYOFFICE callback generator=13 status=4
2026-03-07 17:49:23,985 [INFO] django.server: "POST /onlyoffice/generator/callback/13 HTTP/1.1" 200 12
2026-03-07 17:49:23,999 [WARNING] django.request: Not Found: /.well-known/appspecific/com.chrome.devtools.json
2026-03-07 17:49:24,000 [WARNING] django.server: "GET /.well-known/appspecific/com.chrome.devtools.json HTTP/1.1" 404 10431
2026-03-07 17:49:24,018 [WARNING] django.request: Not Found: /.well-known/appspecific/com.chrome.devtools.json
2026-03-07 17:49:24,019 [WARNING] django.server: "GET /.well-known/appspecific/com.chrome.devtools.json HTTP/1.1" 404 10431
2026-03-07 17:49:42,506 [INFO] django.server: "GET /documents/14/edit HTTP/1.1" 200 11326
2026-03-07 17:49:42,532 [WARNING] django.request: Not Found: /.well-known/appspecific/com.chrome.devtools.json
2026-03-07 17:49:42,533 [WARNING] django.server: "GET /.well-known/appspecific/com.chrome.devtools.json HTTP/1.1" 404 10431
2026-03-07 17:49:42,562 [INFO] document.views: ONLYOFFICE config document=14 user=74 mode=edit key=doc-14-v1
2026-03-07 17:49:42,563 [INFO] django.server: "GET /onlyoffice/config/14 HTTP/1.1" 200 1535
2026-03-07 17:49:42,966 [INFO] document.views: ONLYOFFICE callback document=14 status=1
2026-03-07 17:49:42,966 [INFO] django.server: "POST /onlyoffice/callback/14 HTTP/1.1" 200 12
2026-03-07 17:51:37,257 [INFO] document.views: ONLYOFFICE config generator=20 user=74 mode=edit key=gen-20-1772887897-s1
2026-03-07 17:51:37,284 [INFO] document.views: Generator file served generator=20
2026-03-07 17:51:44,066 [INFO] document.views: ONLYOFFICE config document=16 user=74 mode=edit key=doc-16-v1
2026-03-07 17:51:59,325 [INFO] main.views: Generation request accepted user=74 template_id=21 filters_tags=0
2026-03-07 17:51:59,326 [INFO] main.views: Generation start template_id=21 user=74 template_file_type=txt publications_count=153 requested_title=
2026-03-07 17:51:59,326 [INFO] utils.document_generator: Template render start template_id=21 base_len=19
2026-03-07 17:51:59,327 [INFO] utils.document_generator: Template render after synonyms template_id=21 len=19
2026-03-07 17:51:59,330 [INFO] utils.document_generator: Template render finished template_id=21 rendered_len=8
2026-03-07 17:51:59,330 [INFO] main.views: Text render result template_id=21 text_len=8 non_empty=True
2026-03-07 17:51:59,336 [INFO] main.views: Generation finished document_id=17 generated_by=21 file_type=txt file_name=documents/tmp-gen-trace-20260307125159.txt
2026-03-07 17:52:18,516 [INFO] django.utils.autoreload: D:\PROJECTs\su_science\project\document\views.py changed, reloading.
2026-03-07 17:52:18,961 [INFO] django.utils.autoreload: Watching for file changes with StatReloader
2026-03-07 17:52:27,310 [INFO] django.utils.autoreload: D:\PROJECTs\su_science\project\document\views.py changed, reloading.
2026-03-07 17:52:27,733 [INFO] django.utils.autoreload: Watching for file changes with StatReloader
2026-03-07 17:52:56,170 [INFO] document.views: ONLYOFFICE config generator=23 user=74 mode=edit key=gen-23-1772887976-s1
2026-03-07 17:52:56,200 [INFO] document.views: Generator file served generator=23
2026-03-07 17:53:18,287 [INFO] django.server: "GET /documents/14/edit HTTP/1.1" 200 11326
2026-03-07 17:53:18,314 [WARNING] django.request: Not Found: /.well-known/appspecific/com.chrome.devtools.json
2026-03-07 17:53:18,316 [WARNING] django.server: "GET /.well-known/appspecific/com.chrome.devtools.json HTTP/1.1" 404 10431
2026-03-07 17:53:18,317 [INFO] document.views: ONLYOFFICE callback document=14 status=4
2026-03-07 17:53:18,317 [INFO] django.server: "POST /onlyoffice/callback/14 HTTP/1.1" 200 12
2026-03-07 17:53:18,377 [INFO] django.server: "GET /static/main/css/style.css HTTP/1.1" 200 9397
2026-03-07 17:53:18,377 [INFO] django.server: "GET /static/document/css/style.css HTTP/1.1" 200 1256
2026-03-07 17:53:18,378 [INFO] django.server: "GET /static/main/images/icon.png HTTP/1.1" 200 49378
2026-03-07 17:53:18,544 [INFO] document.views: ONLYOFFICE config document=14 user=74 mode=edit key=doc-14-v1
2026-03-07 17:53:18,545 [INFO] django.server: "GET /onlyoffice/config/14 HTTP/1.1" 200 1535
2026-03-07 17:53:18,549 [INFO] django.server: "GET /static/main/images/favicon.ico HTTP/1.1" 200 15406
2026-03-07 17:53:18,951 [INFO] document.views: ONLYOFFICE callback document=14 status=1
2026-03-07 17:53:18,951 [INFO] django.server: "POST /onlyoffice/callback/14 HTTP/1.1" 200 12
2026-03-07 17:53:20,314 [INFO] django.server: "GET /documents/14/edit HTTP/1.1" 200 11326
2026-03-07 17:53:20,334 [WARNING] django.request: Not Found: /.well-known/appspecific/com.chrome.devtools.json
2026-03-07 17:53:20,336 [WARNING] django.server: "GET /.well-known/appspecific/com.chrome.devtools.json HTTP/1.1" 404 10431
2026-03-07 17:53:20,336 [INFO] document.views: ONLYOFFICE callback document=14 status=4
2026-03-07 17:53:20,337 [INFO] django.server: "POST /onlyoffice/callback/14 HTTP/1.1" 200 12
2026-03-07 17:53:20,362 [INFO] django.server: "GET /static/document/css/style.css HTTP/1.1" 200 1256
2026-03-07 17:53:20,362 [INFO] django.server: "GET /static/main/css/style.css HTTP/1.1" 200 9397
2026-03-07 17:53:20,363 [INFO] django.server: "GET /static/main/images/icon.png HTTP/1.1" 200 49378
2026-03-07 17:53:20,544 [INFO] document.views: ONLYOFFICE config document=14 user=74 mode=edit key=doc-14-v1
2026-03-07 17:53:20,545 [INFO] django.server: "GET /onlyoffice/config/14 HTTP/1.1" 200 1535
2026-03-07 17:53:20,548 [INFO] django.server: "GET /static/main/images/favicon.ico HTTP/1.1" 200 15406
2026-03-07 17:53:20,902 [INFO] document.views: ONLYOFFICE callback document=14 status=1
2026-03-07 17:53:20,903 [INFO] django.server: "POST /onlyoffice/callback/14 HTTP/1.1" 200 12
2026-03-07 17:53:23,083 [INFO] django.server: "GET / HTTP/1.1" 200 21043
2026-03-07 17:53:23,117 [WARNING] django.request: Not Found: /.well-known/appspecific/com.chrome.devtools.json
2026-03-07 17:53:23,119 [WARNING] django.server: "GET /.well-known/appspecific/com.chrome.devtools.json HTTP/1.1" 404 10431
2026-03-07 17:53:23,120 [INFO] document.views: ONLYOFFICE callback document=14 status=4
2026-03-07 17:53:23,120 [INFO] django.server: "POST /onlyoffice/callback/14 HTTP/1.1" 200 12
2026-03-07 17:53:25,712 [INFO] django.server: "GET /?oa=1 HTTP/1.1" 200 64598
2026-03-07 17:53:25,733 [WARNING] django.request: Not Found: /.well-known/appspecific/com.chrome.devtools.json
2026-03-07 17:53:25,734 [WARNING] django.server: "GET /.well-known/appspecific/com.chrome.devtools.json HTTP/1.1" 404 10431
2026-03-07 17:53:31,977 [INFO] main.views: Generation request accepted user=74 template_id=13 filters_tags=0
2026-03-07 17:53:31,978 [INFO] main.views: Generation start template_id=13 user=74 template_file_type=docx publications_count=19 requested_title=ва
2026-03-07 17:53:31,978 [INFO] utils.document_generator: Template render start template_id=13 base_len=0
2026-03-07 17:53:31,978 [INFO] utils.document_generator: Template render after synonyms template_id=13 len=0
2026-03-07 17:53:31,979 [WARNING] utils.document_generator: Template render result is empty template_id=13
2026-03-07 17:53:31,979 [INFO] main.views: Text render result template_id=13 text_len=0 non_empty=False
2026-03-07 17:53:31,979 [INFO] main.views: DOCX render branch template_id=13 source_file=synthetic_documents/template-from-document-5.docx
2026-03-07 17:53:32,060 [INFO] utils.document_generator: DOCX render start template_id=13 source=D:\PROJECTs\su_science\project\media\synthetic_documents\template-from-document-5.docx output=C:\Users\admin\AppData\Local\Temp\tmpx8k_4ey6.docx
2026-03-07 17:53:32,104 [INFO] utils.document_generator: DOCX render finished template_id=13 output=C:\Users\admin\AppData\Local\Temp\tmpx8k_4ey6.docx
2026-03-07 17:53:32,121 [INFO] main.views: Generation finished document_id=19 generated_by=13 file_type=docx file_name=documents/report-20260307125332.docx
2026-03-07 17:53:32,122 [INFO] django.server: "POST / HTTP/1.1" 302 0
2026-03-07 17:53:32,129 [INFO] document.views: Document file served document=19
2026-03-07 17:53:32,130 [INFO] django.server: "GET /files/19?download=1 HTTP/1.1" 200 23939
2026-03-07 17:56:40,163 [INFO] django.server: "GET /?oa=1 HTTP/1.1" 200 64598
2026-03-07 17:56:40,194 [WARNING] django.request: Not Found: /.well-known/appspecific/com.chrome.devtools.json
2026-03-07 17:56:40,195 [WARNING] django.server: "GET /.well-known/appspecific/com.chrome.devtools.json HTTP/1.1" 404 10431
2026-03-07 17:56:40,209 [INFO] django.server: "GET /static/main/css/style.css HTTP/1.1" 200 9397
2026-03-07 17:56:40,209 [INFO] django.server: "GET /static/main/images/icon.png HTTP/1.1" 200 49378
2026-03-07 17:56:40,212 [INFO] django.server: "GET /static/main/scripts/main_filter.js HTTP/1.1" 200 9162
2026-03-07 17:56:40,575 [INFO] django.server: "GET /static/main/images/favicon.ico HTTP/1.1" 200 15406
2026-03-07 17:56:41,496 [INFO] django.server: "GET /?oa=1 HTTP/1.1" 200 64598
2026-03-07 17:56:41,519 [WARNING] django.request: Not Found: /.well-known/appspecific/com.chrome.devtools.json
2026-03-07 17:56:41,520 [WARNING] django.server: "GET /.well-known/appspecific/com.chrome.devtools.json HTTP/1.1" 404 10431
2026-03-07 17:56:41,529 [INFO] django.server: "GET /static/main/css/style.css HTTP/1.1" 200 9397
2026-03-07 17:56:41,536 [INFO] django.server: "GET /static/main/images/icon.png HTTP/1.1" 200 49378
2026-03-07 17:56:41,542 [INFO] django.server: "GET /static/main/scripts/main_filter.js HTTP/1.1" 200 9162
2026-03-07 17:56:41,701 [INFO] django.server: "GET /?oa=1 HTTP/1.1" 200 64598
2026-03-07 17:56:41,724 [WARNING] django.request: Not Found: /.well-known/appspecific/com.chrome.devtools.json
2026-03-07 17:56:41,724 [WARNING] django.server: "GET /.well-known/appspecific/com.chrome.devtools.json HTTP/1.1" 404 10431
2026-03-07 17:56:41,740 [INFO] django.server: "GET /static/main/css/style.css HTTP/1.1" 200 9397
2026-03-07 17:56:41,741 [INFO] django.server: "GET /static/main/images/icon.png HTTP/1.1" 200 49378
2026-03-07 17:56:41,745 [INFO] django.server: "GET /static/main/scripts/main_filter.js HTTP/1.1" 200 9162
2026-03-07 17:56:41,874 [INFO] django.server: "GET /?oa=1 HTTP/1.1" 200 64598
2026-03-07 17:56:41,903 [WARNING] django.request: Not Found: /.well-known/appspecific/com.chrome.devtools.json
2026-03-07 17:56:41,903 [WARNING] django.server: "GET /.well-known/appspecific/com.chrome.devtools.json HTTP/1.1" 404 10431
2026-03-07 17:56:41,907 [INFO] django.server: "GET /static/main/css/style.css HTTP/1.1" 200 9397
2026-03-07 17:56:41,911 [INFO] django.server: "GET /static/main/images/icon.png HTTP/1.1" 200 49378
2026-03-07 17:56:41,917 [INFO] django.server: "GET /static/main/scripts/main_filter.js HTTP/1.1" 200 9162
2026-03-07 17:56:42,273 [INFO] django.server: "GET /static/main/images/favicon.ico HTTP/1.1" 200 15406
2026-03-07 17:56:44,728 [INFO] django.server: "GET /documents HTTP/1.1" 200 14009
2026-03-07 17:56:44,751 [WARNING] django.request: Not Found: /.well-known/appspecific/com.chrome.devtools.json
2026-03-07 17:56:44,752 [WARNING] django.server: "GET /.well-known/appspecific/com.chrome.devtools.json HTTP/1.1" 404 10431
2026-03-07 17:56:47,667 [INFO] django.server: "GET /generators/20/edit HTTP/1.1" 200 11346
2026-03-07 17:56:47,692 [WARNING] django.request: Not Found: /.well-known/appspecific/com.chrome.devtools.json
2026-03-07 17:56:47,693 [WARNING] django.server: "GET /.well-known/appspecific/com.chrome.devtools.json HTTP/1.1" 404 10431
2026-03-07 17:56:47,729 [INFO] document.views: ONLYOFFICE config generator=20 user=74 mode=edit key=gen-20-1772887897-s1
2026-03-07 17:56:47,729 [INFO] django.server: "GET /onlyoffice/generator/config/20 HTTP/1.1" 200 1551
2026-03-07 17:56:48,143 [INFO] document.views: ONLYOFFICE callback generator=20 status=1
2026-03-07 17:56:48,145 [INFO] django.server: "POST /onlyoffice/generator/callback/20 HTTP/1.1" 200 12
2026-03-07 17:56:48,155 [INFO] document.views: Generator file served generator=20
2026-03-07 17:56:48,156 [INFO] django.server: "GET /generator-files/20?access_token=eyJnZW5lcmF0b3JfaWQiOjIwLCJ1c2VyX2lkIjo3NH0%3A1vyrD5%3ALTUR83VK1nfPYmqpoPAFLIiUsOVgAkR124IUQ_9aoGE HTTP/1.1" 200 1
2026-03-07 17:56:54,305 [INFO] document.views: Template deleted id=20 user=74
2026-03-07 17:56:54,306 [INFO] django.server: "DELETE /generators/20 HTTP/1.1" 200 21
2026-03-07 17:56:54,319 [INFO] django.server: "GET /documents HTTP/1.1" 200 12584
2026-03-07 17:56:54,343 [WARNING] django.request: Not Found: /onlyoffice/generator/callback/20
2026-03-07 17:56:54,344 [WARNING] django.server: "POST /onlyoffice/generator/callback/20 HTTP/1.1" 404 12
2026-03-07 17:56:54,350 [WARNING] django.request: Not Found: /.well-known/appspecific/com.chrome.devtools.json
2026-03-07 17:56:54,350 [WARNING] django.server: "GET /.well-known/appspecific/com.chrome.devtools.json HTTP/1.1" 404 10431
2026-03-07 17:56:56,898 [INFO] django.server: "GET /generators/13/edit HTTP/1.1" 200 11357
2026-03-07 17:56:56,928 [WARNING] django.request: Not Found: /.well-known/appspecific/com.chrome.devtools.json
2026-03-07 17:56:56,929 [WARNING] django.server: "GET /.well-known/appspecific/com.chrome.devtools.json HTTP/1.1" 404 10431
2026-03-07 17:56:56,960 [INFO] document.views: ONLYOFFICE config generator=13 user=74 mode=edit key=gen-13-1772885817-s28286
2026-03-07 17:56:56,961 [INFO] django.server: "GET /onlyoffice/generator/config/13 HTTP/1.1" 200 1589
2026-03-07 17:56:57,358 [INFO] document.views: ONLYOFFICE callback generator=13 status=1
2026-03-07 17:56:57,358 [INFO] django.server: "POST /onlyoffice/generator/callback/13 HTTP/1.1" 200 12
2026-03-07 18:04:17,170 [INFO] django.utils.autoreload: D:\PROJECTs\su_science\project\document\views.py changed, reloading.
2026-03-07 18:04:17,679 [INFO] django.utils.autoreload: Watching for file changes with StatReloader
2026-03-07 18:04:40,895 [INFO] django.server: "GET /generators/13/edit HTTP/1.1" 200 11357
2026-03-07 18:04:40,921 [INFO] document.views: ONLYOFFICE callback generator=13 status=4
2026-03-07 18:04:40,921 [INFO] django.server: "POST /onlyoffice/generator/callback/13 HTTP/1.1" 200 12
2026-03-07 18:04:40,925 [WARNING] django.request: Not Found: /.well-known/appspecific/com.chrome.devtools.json
2026-03-07 18:04:40,925 [WARNING] django.server: "GET /.well-known/appspecific/com.chrome.devtools.json HTTP/1.1" 404 10431
2026-03-07 18:04:40,979 [INFO] django.server: "GET /static/main/css/style.css HTTP/1.1" 200 9397
2026-03-07 18:04:40,981 [INFO] django.server: "GET /static/document/css/style.css HTTP/1.1" 200 1256
2026-03-07 18:04:40,981 [INFO] django.server: "GET /static/main/images/icon.png HTTP/1.1" 200 49378
2026-03-07 18:04:41,351 [INFO] document.views: ONLYOFFICE config generator=13 user=74 mode=edit key=gen-13-1772885817-s28286
2026-03-07 18:04:41,352 [INFO] django.server: "GET /onlyoffice/generator/config/13 HTTP/1.1" 200 1589
2026-03-07 18:04:41,352 [INFO] django.utils.autoreload: D:\PROJECTs\su_science\project\document\views.py changed, reloading.
2026-03-07 18:04:41,851 [INFO] django.utils.autoreload: Watching for file changes with StatReloader
2026-03-07 18:04:42,001 [INFO] django.server: "GET /static/main/images/favicon.ico HTTP/1.1" 200 15406
2026-03-07 18:04:42,813 [INFO] document.views: ONLYOFFICE callback generator=13 status=1
2026-03-07 18:04:42,813 [INFO] django.server: "POST /onlyoffice/generator/callback/13 HTTP/1.1" 200 12
2026-03-07 18:04:45,159 [INFO] django.utils.autoreload: D:\PROJECTs\su_science\project\document\urls.py changed, reloading.
2026-03-07 18:04:45,617 [INFO] django.utils.autoreload: Watching for file changes with StatReloader
2026-03-07 18:06:11,004 [INFO] document.views: Synonyms exported user=74 count=4
2026-03-07 18:06:11,011 [INFO] document.views: Synonyms imported user=74 imported=1 replaced=0 skipped=0
2026-03-07 18:08:05,804 [INFO] django.server: "GET /generators/13/edit HTTP/1.1" 200 11161
2026-03-07 18:08:05,826 [INFO] document.views: ONLYOFFICE callback generator=13 status=4
2026-03-07 18:08:05,826 [INFO] django.server: "POST /onlyoffice/generator/callback/13 HTTP/1.1" 200 12
2026-03-07 18:08:05,832 [WARNING] django.request: Not Found: /.well-known/appspecific/com.chrome.devtools.json
2026-03-07 18:08:05,832 [WARNING] django.server: "GET /.well-known/appspecific/com.chrome.devtools.json HTTP/1.1" 404 11473
2026-03-07 18:08:05,889 [INFO] django.server: "GET /static/document/css/style.css HTTP/1.1" 200 1256
2026-03-07 18:08:05,890 [INFO] django.server: "GET /static/main/css/style.css HTTP/1.1" 200 9397
2026-03-07 18:08:05,891 [INFO] django.server: "GET /static/main/images/icon.png HTTP/1.1" 200 49378
2026-03-07 18:08:06,055 [INFO] document.views: ONLYOFFICE config generator=13 user=74 mode=edit key=gen-13-1772885817-s28286
2026-03-07 18:08:06,056 [INFO] django.server: "GET /onlyoffice/generator/config/13 HTTP/1.1" 200 1589
2026-03-07 18:08:06,060 [INFO] django.server: "GET /static/main/images/favicon.ico HTTP/1.1" 200 15406
2026-03-07 18:08:06,458 [INFO] document.views: ONLYOFFICE callback generator=13 status=1
2026-03-07 18:08:06,459 [INFO] django.server: "POST /onlyoffice/generator/callback/13 HTTP/1.1" 200 12
2026-03-07 18:08:07,144 [INFO] django.server: "GET /documents HTTP/1.1" 200 13972
2026-03-07 18:08:07,166 [WARNING] django.request: Not Found: /.well-known/appspecific/com.chrome.devtools.json
2026-03-07 18:08:07,168 [INFO] document.views: ONLYOFFICE callback generator=13 status=4
2026-03-07 18:08:07,168 [INFO] django.server: "POST /onlyoffice/generator/callback/13 HTTP/1.1" 200 12
2026-03-07 18:08:07,169 [WARNING] django.server: "GET /.well-known/appspecific/com.chrome.devtools.json HTTP/1.1" 404 11473
2026-03-07 18:08:10,816 [INFO] django.server: "GET /documents/19/edit HTTP/1.1" 200 8665
2026-03-07 18:08:10,841 [WARNING] django.request: Not Found: /.well-known/appspecific/com.chrome.devtools.json
2026-03-07 18:08:10,842 [WARNING] django.server: "GET /.well-known/appspecific/com.chrome.devtools.json HTTP/1.1" 404 11473
2026-03-07 18:08:10,867 [INFO] document.views: ONLYOFFICE config document=19 user=74 mode=edit key=doc-19-v1
2026-03-07 18:08:10,868 [INFO] django.server: "GET /onlyoffice/config/19 HTTP/1.1" 200 1535
2026-03-07 18:08:11,274 [INFO] document.views: ONLYOFFICE callback document=19 status=1
2026-03-07 18:08:11,274 [INFO] django.server: "POST /onlyoffice/callback/19 HTTP/1.1" 200 12
2026-03-07 18:08:11,285 [INFO] document.views: Document file served document=19
2026-03-07 18:08:11,286 [INFO] django.server: "GET /files/19?access_token=eyJkb2N1bWVudF9pZCI6MTksInVzZXJfaWQiOjc0LCJ2ZXJzaW9uIjoxfQ%3A1vyrO6%3ABMV5W6yra5eLW1oFWUT5tAZwhlFtExE5i2LB5s_tV1g HTTP/1.1" 200 23939
2026-03-07 18:08:15,652 [INFO] django.server: "GET / HTTP/1.1" 200 21043
2026-03-07 18:08:15,670 [INFO] document.views: ONLYOFFICE callback document=19 status=4
2026-03-07 18:08:15,671 [INFO] django.server: "POST /onlyoffice/callback/19 HTTP/1.1" 200 12
2026-03-07 18:08:15,696 [WARNING] django.request: Not Found: /.well-known/appspecific/com.chrome.devtools.json
2026-03-07 18:08:15,698 [WARNING] django.server: "GET /.well-known/appspecific/com.chrome.devtools.json HTTP/1.1" 404 11473
2026-03-07 18:08:16,529 [INFO] django.server: "GET /documents HTTP/1.1" 200 13972
2026-03-07 18:08:16,555 [WARNING] django.request: Not Found: /.well-known/appspecific/com.chrome.devtools.json
2026-03-07 18:08:16,555 [WARNING] django.server: "GET /.well-known/appspecific/com.chrome.devtools.json HTTP/1.1" 404 11473
2026-03-07 18:08:20,768 [INFO] django.server: "GET /generators/13/edit HTTP/1.1" 200 11161
2026-03-07 18:08:20,792 [WARNING] django.request: Not Found: /.well-known/appspecific/com.chrome.devtools.json
2026-03-07 18:08:20,792 [WARNING] django.server: "GET /.well-known/appspecific/com.chrome.devtools.json HTTP/1.1" 404 11473
2026-03-07 18:08:20,822 [INFO] document.views: ONLYOFFICE config generator=13 user=74 mode=edit key=gen-13-1772885817-s28286
2026-03-07 18:08:20,822 [INFO] django.server: "GET /onlyoffice/generator/config/13 HTTP/1.1" 200 1589
2026-03-07 18:08:21,219 [INFO] document.views: ONLYOFFICE callback generator=13 status=1
2026-03-07 18:08:21,220 [INFO] django.server: "POST /onlyoffice/generator/callback/13 HTTP/1.1" 200 12
2026-03-07 18:08:51,500 [INFO] django.server: "GET /documents HTTP/1.1" 200 13972
2026-03-07 18:08:51,523 [INFO] document.views: ONLYOFFICE callback generator=13 status=4
2026-03-07 18:08:51,525 [INFO] django.server: "POST /onlyoffice/generator/callback/13 HTTP/1.1" 200 12
2026-03-07 18:08:51,534 [WARNING] django.request: Not Found: /.well-known/appspecific/com.chrome.devtools.json
2026-03-07 18:08:51,535 [WARNING] django.server: "GET /.well-known/appspecific/com.chrome.devtools.json HTTP/1.1" 404 11473
2026-03-07 18:14:32,516 [INFO] django.server: "GET /documents HTTP/1.1" 200 13972
2026-03-07 18:14:32,547 [WARNING] django.request: Not Found: /.well-known/appspecific/com.chrome.devtools.json
2026-03-07 18:14:32,548 [WARNING] django.server: "GET /.well-known/appspecific/com.chrome.devtools.json HTTP/1.1" 404 11473
2026-03-07 18:14:32,553 [INFO] django.server: "GET /static/main/css/style.css HTTP/1.1" 200 9397
2026-03-07 18:14:32,555 [INFO] django.server: "GET /static/document/css/style.css HTTP/1.1" 200 1256
2026-03-07 18:14:32,561 [INFO] django.server: "GET /static/main/images/icon.png HTTP/1.1" 200 49378
2026-03-07 18:14:32,753 [INFO] django.server: "GET /static/main/images/favicon.ico HTTP/1.1" 200 15406
2026-03-07 18:14:34,526 [INFO] document.views: Synonyms exported user=74 count=4
2026-03-07 18:14:34,527 [INFO] django.server: "GET /synonyms/export HTTP/1.1" 200 502
2026-03-07 18:18:07,263 [INFO] django.server: "GET /generators/13/edit HTTP/1.1" 200 11161
2026-03-07 18:18:07,289 [WARNING] django.request: Not Found: /.well-known/appspecific/com.chrome.devtools.json
2026-03-07 18:18:07,289 [WARNING] django.server: "GET /.well-known/appspecific/com.chrome.devtools.json HTTP/1.1" 404 11473
2026-03-07 18:18:07,336 [INFO] document.views: ONLYOFFICE config generator=13 user=74 mode=edit key=gen-13-1772885817-s28286
2026-03-07 18:18:07,336 [INFO] django.server: "GET /onlyoffice/generator/config/13 HTTP/1.1" 200 1589
2026-03-07 18:18:07,754 [INFO] document.views: ONLYOFFICE callback generator=13 status=1
2026-03-07 18:18:07,754 [INFO] django.server: "POST /onlyoffice/generator/callback/13 HTTP/1.1" 200 12
2026-03-07 18:18:44,535 [INFO] django.server: "GET /documents HTTP/1.1" 200 13972
2026-03-07 18:18:44,559 [INFO] document.views: ONLYOFFICE callback generator=13 status=4
2026-03-07 18:18:44,559 [INFO] django.server: "POST /onlyoffice/generator/callback/13 HTTP/1.1" 200 12
2026-03-07 18:18:44,566 [WARNING] django.request: Not Found: /.well-known/appspecific/com.chrome.devtools.json
2026-03-07 18:18:44,566 [WARNING] django.server: "GET /.well-known/appspecific/com.chrome.devtools.json HTTP/1.1" 404 11473
2026-03-07 18:21:12,737 [INFO] django.utils.autoreload: D:\PROJECTs\su_science\project\utils\document_generator.py changed, reloading.
2026-03-07 18:21:13,209 [INFO] django.utils.autoreload: Watching for file changes with StatReloader
2026-03-07 18:21:23,627 [INFO] django.utils.autoreload: D:\PROJECTs\su_science\project\document\views.py changed, reloading.
2026-03-07 18:21:24,080 [INFO] django.utils.autoreload: Watching for file changes with StatReloader
2026-03-07 18:21:32,462 [INFO] django.utils.autoreload: D:\PROJECTs\su_science\project\document\views.py changed, reloading.
2026-03-07 18:21:32,947 [INFO] django.utils.autoreload: Watching for file changes with StatReloader
2026-03-07 18:21:39,279 [INFO] django.utils.autoreload: D:\PROJECTs\su_science\project\document\views.py changed, reloading.
2026-03-07 18:21:39,725 [INFO] django.utils.autoreload: Watching for file changes with StatReloader
2026-03-07 18:22:10,474 [INFO] django.utils.autoreload: D:\PROJECTs\su_science\project\document\views.py changed, reloading.
2026-03-07 18:22:10,924 [INFO] django.utils.autoreload: Watching for file changes with StatReloader
2026-03-07 18:22:17,270 [INFO] django.utils.autoreload: D:\PROJECTs\su_science\project\document\views.py changed, reloading.
2026-03-07 18:22:17,735 [INFO] django.utils.autoreload: Watching for file changes with StatReloader
2026-03-07 18:22:24,089 [INFO] django.utils.autoreload: D:\PROJECTs\su_science\project\document\urls.py changed, reloading.
2026-03-07 18:22:24,555 [INFO] django.utils.autoreload: Watching for file changes with StatReloader
2026-03-07 18:23:54,100 [INFO] django.server: "GET /documents HTTP/1.1" 200 10619
2026-03-07 18:23:54,125 [WARNING] django.request: Not Found: /.well-known/appspecific/com.chrome.devtools.json
2026-03-07 18:23:54,125 [WARNING] django.server: "GET /.well-known/appspecific/com.chrome.devtools.json HTTP/1.1" 404 11999
2026-03-07 18:23:54,179 [INFO] django.server: "GET /static/main/css/style.css HTTP/1.1" 200 9397
2026-03-07 18:23:54,181 [INFO] django.server: "GET /static/main/images/icon.png HTTP/1.1" 200 49378
2026-03-07 18:23:54,188 [INFO] django.server: "GET /static/document/css/style.css HTTP/1.1" 200 1256
2026-03-07 18:23:54,320 [INFO] django.server: "GET /static/main/images/favicon.ico HTTP/1.1" 200 15406
2026-03-07 18:23:55,471 [INFO] django.server: "GET /documents HTTP/1.1" 200 10619
2026-03-07 18:23:55,495 [WARNING] django.request: Not Found: /.well-known/appspecific/com.chrome.devtools.json
2026-03-07 18:23:55,495 [WARNING] django.server: "GET /.well-known/appspecific/com.chrome.devtools.json HTTP/1.1" 404 11999
2026-03-07 18:23:55,504 [INFO] django.server: "GET /static/main/css/style.css HTTP/1.1" 200 9397
2026-03-07 18:23:55,508 [INFO] django.server: "GET /static/document/css/style.css HTTP/1.1" 200 1256
2026-03-07 18:23:55,511 [INFO] django.server: "GET /static/main/images/icon.png HTTP/1.1" 200 49378
2026-03-07 18:23:55,766 [INFO] django.server: "GET /static/main/images/favicon.ico HTTP/1.1" 200 15406
2026-03-07 18:24:07,200 [INFO] django.server: "GET /documents HTTP/1.1" 200 10601
2026-03-07 18:24:07,227 [WARNING] django.request: Not Found: /.well-known/appspecific/com.chrome.devtools.json
2026-03-07 18:24:07,227 [WARNING] django.server: "GET /.well-known/appspecific/com.chrome.devtools.json HTTP/1.1" 404 11999
2026-03-07 18:24:08,519 [INFO] django.server: "GET /documents HTTP/1.1" 200 10601
2026-03-07 18:24:08,547 [WARNING] django.request: Not Found: /.well-known/appspecific/com.chrome.devtools.json
2026-03-07 18:24:08,548 [WARNING] django.server: "GET /.well-known/appspecific/com.chrome.devtools.json HTTP/1.1" 404 11999
2026-03-07 18:24:08,553 [INFO] django.server: "GET /static/main/css/style.css HTTP/1.1" 200 9397
2026-03-07 18:24:08,561 [INFO] django.server: "GET /static/document/css/style.css HTTP/1.1" 200 1256
2026-03-07 18:24:08,561 [INFO] django.server: "GET /static/main/images/icon.png HTTP/1.1" 200 49378
2026-03-07 18:24:08,766 [INFO] django.server: "GET /static/main/images/favicon.ico HTTP/1.1" 200 15406
2026-03-07 18:25:50,376 [INFO] django.server: "GET /documents HTTP/1.1" 200 10601
2026-03-07 18:25:50,396 [WARNING] django.request: Not Found: /.well-known/appspecific/com.chrome.devtools.json
2026-03-07 18:25:50,396 [WARNING] django.server: "GET /.well-known/appspecific/com.chrome.devtools.json HTTP/1.1" 404 11999
2026-03-07 18:25:50,407 [INFO] django.server: "GET /static/document/css/style.css HTTP/1.1" 200 1256
2026-03-07 18:25:50,408 [INFO] django.server: "GET /static/main/css/style.css HTTP/1.1" 200 9397
2026-03-07 18:25:50,408 [INFO] django.server: "GET /static/main/images/icon.png HTTP/1.1" 200 49378
2026-03-07 18:25:50,786 [INFO] django.server: "GET /static/main/images/favicon.ico HTTP/1.1" 200 15406
2026-03-07 18:25:51,929 [INFO] document.views: Template created id=24 owner=74 file_type=docx has_file=True content_len=0
2026-03-07 18:25:51,930 [INFO] django.server: "POST /generators/create HTTP/1.1" 302 0
2026-03-07 18:25:51,940 [INFO] django.server: "GET /generators/24/edit HTTP/1.1" 200 12720
2026-03-07 18:25:51,960 [WARNING] django.request: Not Found: /.well-known/appspecific/com.chrome.devtools.json
2026-03-07 18:25:51,961 [WARNING] django.server: "GET /.well-known/appspecific/com.chrome.devtools.json HTTP/1.1" 404 11999
2026-03-07 18:25:52,010 [INFO] document.views: ONLYOFFICE config generator=24 user=74 mode=edit key=gen-24-1772889951-s2437
2026-03-07 18:25:52,011 [INFO] django.server: "GET /onlyoffice/generator/config/24 HTTP/1.1" 200 1593
2026-03-07 18:25:52,438 [INFO] document.views: ONLYOFFICE callback generator=24 status=1
2026-03-07 18:25:52,439 [INFO] django.server: "POST /onlyoffice/generator/callback/24 HTTP/1.1" 200 12
2026-03-07 18:25:52,451 [INFO] document.views: Generator file served generator=24
2026-03-07 18:25:52,452 [INFO] django.server: "GET /generator-files/24?access_token=eyJnZW5lcmF0b3JfaWQiOjI0LCJ1c2VyX2lkIjo3NH0%3A1vyrfE%3A_N3fDSiKsuYaJThCEvsPbR7_jJfSI4XJWzxAjW-i2SA HTTP/1.1" 200 2437
2026-03-07 18:25:56,548 [INFO] document.views: Template created id=25 owner=74 file_type=docx has_file=True content_len=0
2026-03-07 18:26:07,691 [INFO] document.views: Synonyms imported user=74 imported=1 replaced=1 skipped=0
2026-03-07 18:26:07,693 [INFO] document.views: Synonyms exported user=74 count=4
2026-03-07 18:27:45,677 [INFO] django.utils.autoreload: D:\PROJECTs\su_science\project\document\views.py changed, reloading.
2026-03-07 18:27:46,155 [INFO] django.utils.autoreload: Watching for file changes with StatReloader
2026-03-07 18:28:33,016 [INFO] document.views: Template created id=26 owner=74 file_type=docx has_file=True content_len=0
2026-03-07 18:28:33,031 [INFO] document.views: Synonyms imported user=74 imported=1 replaced=1 skipped=0
2026-03-07 18:28:33,033 [INFO] document.views: Synonyms exported user=74 count=4
2026-03-07 18:29:55,294 [INFO] django.server: "GET /documents HTTP/1.1" 200 12043
2026-03-07 18:29:55,320 [WARNING] django.request: Not Found: /.well-known/appspecific/com.chrome.devtools.json
2026-03-07 18:29:55,321 [WARNING] django.server: "GET /.well-known/appspecific/com.chrome.devtools.json HTTP/1.1" 404 11999
2026-03-07 18:29:59,244 [INFO] django.server: "GET /generators/24/edit HTTP/1.1" 200 12720
2026-03-07 18:29:59,264 [WARNING] django.request: Not Found: /.well-known/appspecific/com.chrome.devtools.json
2026-03-07 18:29:59,265 [WARNING] django.server: "GET /.well-known/appspecific/com.chrome.devtools.json HTTP/1.1" 404 11999
2026-03-07 18:29:59,311 [INFO] document.views: ONLYOFFICE config generator=24 user=74 mode=edit key=gen-24-1772889951-s2437
2026-03-07 18:29:59,312 [INFO] django.server: "GET /onlyoffice/generator/config/24 HTTP/1.1" 200 1593
2026-03-07 18:29:59,726 [INFO] document.views: ONLYOFFICE callback generator=24 status=1
2026-03-07 18:29:59,727 [INFO] django.server: "POST /onlyoffice/generator/callback/24 HTTP/1.1" 200 12
2026-03-07 18:30:05,227 [INFO] document.views: Template deleted id=24 user=74
2026-03-07 18:30:05,227 [INFO] django.server: "DELETE /generators/24 HTTP/1.1" 200 21
2026-03-07 18:30:05,240 [INFO] django.server: "GET /documents HTTP/1.1" 200 10619
2026-03-07 18:30:05,267 [WARNING] django.request: Not Found: /.well-known/appspecific/com.chrome.devtools.json
2026-03-07 18:30:05,268 [WARNING] django.server: "GET /.well-known/appspecific/com.chrome.devtools.json HTTP/1.1" 404 11999
2026-03-07 18:30:08,005 [INFO] django.server: "GET /documents HTTP/1.1" 200 10619
2026-03-07 18:30:08,033 [WARNING] django.request: Not Found: /.well-known/appspecific/com.chrome.devtools.json
2026-03-07 18:30:08,033 [WARNING] django.server: "GET /.well-known/appspecific/com.chrome.devtools.json HTTP/1.1" 404 11999
2026-03-07 18:30:10,180 [INFO] django.server: "GET /generators/13/edit HTTP/1.1" 200 12733
2026-03-07 18:30:10,203 [WARNING] django.request: Not Found: /.well-known/appspecific/com.chrome.devtools.json
2026-03-07 18:30:10,204 [WARNING] django.server: "GET /.well-known/appspecific/com.chrome.devtools.json HTTP/1.1" 404 11999
2026-03-07 18:30:10,239 [INFO] document.views: ONLYOFFICE config generator=13 user=74 mode=edit key=gen-13-1772885817-s28286
2026-03-07 18:30:10,239 [INFO] django.server: "GET /onlyoffice/generator/config/13 HTTP/1.1" 200 1589
2026-03-07 18:30:10,616 [WARNING] django.request: Not Found: /onlyoffice/generator/callback/24
2026-03-07 18:30:10,617 [WARNING] django.server: "POST /onlyoffice/generator/callback/24 HTTP/1.1" 404 12
2026-03-07 18:30:10,646 [INFO] document.views: ONLYOFFICE callback generator=13 status=1
2026-03-07 18:30:10,647 [INFO] django.server: "POST /onlyoffice/generator/callback/13 HTTP/1.1" 200 12
2026-03-07 18:31:22,510 [INFO] document.views: Synonyms imported user=74 imported=54 replaced=3 skipped=0
2026-03-07 18:31:22,511 [INFO] django.server: "POST /synonyms/import HTTP/1.1" 302 0
2026-03-07 18:31:22,518 [INFO] django.server: "GET /generators/13/edit?synonyms_import=ok&synonyms_imported=54&synonyms_replaced=3&synonyms_skipped=0 HTTP/1.1" 200 38266
2026-03-07 18:31:22,551 [INFO] document.views: ONLYOFFICE callback generator=13 status=4
2026-03-07 18:31:22,552 [INFO] django.server: "POST /onlyoffice/generator/callback/13 HTTP/1.1" 200 12
2026-03-07 18:31:22,563 [WARNING] django.request: Not Found: /.well-known/appspecific/com.chrome.devtools.json
2026-03-07 18:31:22,563 [WARNING] django.server: "GET /.well-known/appspecific/com.chrome.devtools.json HTTP/1.1" 404 11999
2026-03-07 18:31:22,602 [INFO] document.views: ONLYOFFICE config generator=13 user=74 mode=edit key=gen-13-1772885817-s28286
2026-03-07 18:31:22,602 [INFO] django.server: "GET /onlyoffice/generator/config/13 HTTP/1.1" 200 1589
2026-03-07 18:31:23,039 [INFO] document.views: ONLYOFFICE callback generator=13 status=1
2026-03-07 18:31:23,039 [INFO] django.server: "POST /onlyoffice/generator/callback/13 HTTP/1.1" 200 12
2026-03-07 18:32:39,754 [INFO] document.views: ONLYOFFICE callback generator=13 status=6
2026-03-07 18:32:39,792 [INFO] document.views: ONLYOFFICE callback saved generator=13 file=synthetic_documents/template-from-document-5.docx
2026-03-07 18:32:39,793 [INFO] django.server: "POST /onlyoffice/generator/callback/13 HTTP/1.1" 200 12
2026-03-07 18:33:01,981 [INFO] django.server: "GET / HTTP/1.1" 200 21043
2026-03-07 18:33:02,015 [WARNING] django.request: Not Found: /.well-known/appspecific/com.chrome.devtools.json
2026-03-07 18:33:02,016 [WARNING] django.server: "GET /.well-known/appspecific/com.chrome.devtools.json HTTP/1.1" 404 11999
2026-03-07 18:33:02,030 [INFO] django.server: "GET /static/main/scripts/main_filter.js HTTP/1.1" 304 0
2026-03-07 18:33:03,346 [INFO] django.server: "GET /?oa=1 HTTP/1.1" 200 64476
2026-03-07 18:33:03,366 [WARNING] django.request: Not Found: /.well-known/appspecific/com.chrome.devtools.json
2026-03-07 18:33:03,367 [WARNING] django.server: "GET /.well-known/appspecific/com.chrome.devtools.json HTTP/1.1" 404 11999
2026-03-07 18:33:06,788 [INFO] main.views: Generation request accepted user=74 template_id=13 filters_tags=0
2026-03-07 18:33:06,789 [INFO] main.views: Generation start template_id=13 user=74 template_file_type=docx publications_count=19 requested_title=жұмыстар_циклының_басы
2026-03-07 18:33:06,789 [INFO] utils.document_generator: Template render start template_id=13 base_len=0
2026-03-07 18:33:06,790 [INFO] utils.document_generator: Template render after synonyms template_id=13 len=0
2026-03-07 18:33:06,790 [WARNING] utils.document_generator: Template render result is empty template_id=13
2026-03-07 18:33:06,790 [INFO] main.views: Text render result template_id=13 text_len=0 non_empty=False
2026-03-07 18:33:06,790 [INFO] main.views: DOCX render branch template_id=13 source_file=synthetic_documents/template-from-document-5.docx
2026-03-07 18:33:06,838 [INFO] utils.document_generator: DOCX render start template_id=13 source=D:\PROJECTs\su_science\project\media\synthetic_documents\template-from-document-5.docx output=C:\Users\admin\AppData\Local\Temp\tmp3gnnx1ax.docx
2026-03-07 18:33:06,912 [INFO] utils.document_generator: DOCX render finished template_id=13 output=C:\Users\admin\AppData\Local\Temp\tmp3gnnx1ax.docx
2026-03-07 18:33:06,930 [INFO] main.views: Generation finished document_id=21 generated_by=13 file_type=docx file_name=documents/report-20260307133306.docx
2026-03-07 18:33:06,931 [INFO] django.server: "POST / HTTP/1.1" 302 0
2026-03-07 18:33:06,970 [INFO] document.views: Document file served document=21
2026-03-07 18:33:06,970 [INFO] django.server: "GET /files/21?download=1 HTTP/1.1" 200 27121
2026-03-07 18:33:07,438 [INFO] document.views: ONLYOFFICE callback generator=13 status=2
2026-03-07 18:33:07,470 [INFO] document.views: ONLYOFFICE callback saved generator=13 file=synthetic_documents/template-from-document-5.docx
2026-03-07 18:33:07,471 [INFO] django.server: "POST /onlyoffice/generator/callback/13 HTTP/1.1" 200 12
2026-03-07 18:45:48,942 [INFO] django.server: "GET /account/ HTTP/1.1" 200 12107
2026-03-07 18:45:49,068 [WARNING] django.request: Not Found: /.well-known/appspecific/com.chrome.devtools.json
2026-03-07 18:45:49,069 [WARNING] django.server: "GET /.well-known/appspecific/com.chrome.devtools.json HTTP/1.1" 404 11999
2026-03-07 18:45:50,556 [INFO] django.server: "GET /documents/21/edit HTTP/1.1" 200 9046
2026-03-07 18:45:50,573 [WARNING] django.request: Not Found: /.well-known/appspecific/com.chrome.devtools.json
2026-03-07 18:45:50,573 [WARNING] django.server: "GET /.well-known/appspecific/com.chrome.devtools.json HTTP/1.1" 404 11999
2026-03-07 18:45:50,604 [INFO] document.views: ONLYOFFICE config document=21 user=74 mode=edit key=doc-21-v1
2026-03-07 18:45:50,604 [INFO] django.server: "GET /onlyoffice/config/21 HTTP/1.1" 200 1535
2026-03-07 18:45:51,018 [INFO] document.views: ONLYOFFICE callback document=21 status=1
2026-03-07 18:45:51,018 [INFO] django.server: "POST /onlyoffice/callback/21 HTTP/1.1" 200 12
2026-03-07 18:45:51,032 [INFO] document.views: Document file served document=21
2026-03-07 18:45:51,033 [INFO] django.server: "GET /files/21?access_token=eyJkb2N1bWVudF9pZCI6MjEsInVzZXJfaWQiOjc0LCJ2ZXJzaW9uIjoxfQ%3A1vyryY%3AfXpIqx2d3GUkG1T9RZNpVgYepHpdF0GLweTSp-vwNgk HTTP/1.1" 200 27121
2026-03-07 18:46:00,025 [INFO] django.server: "GET / HTTP/1.1" 200 21043
2026-03-07 18:46:00,044 [INFO] document.views: ONLYOFFICE callback document=21 status=4
2026-03-07 18:46:00,044 [INFO] django.server: "POST /onlyoffice/callback/21 HTTP/1.1" 200 12
2026-03-07 18:46:00,053 [WARNING] django.request: Not Found: /.well-known/appspecific/com.chrome.devtools.json
2026-03-07 18:46:00,054 [WARNING] django.server: "GET /.well-known/appspecific/com.chrome.devtools.json HTTP/1.1" 404 11999
2026-03-07 18:46:13,148 [INFO] django.server: "GET /documents HTTP/1.1" 200 11448
2026-03-07 18:46:13,167 [WARNING] django.request: Not Found: /.well-known/appspecific/com.chrome.devtools.json
2026-03-07 18:46:13,167 [WARNING] django.server: "GET /.well-known/appspecific/com.chrome.devtools.json HTTP/1.1" 404 11999
2026-03-07 18:46:29,144 [INFO] django.server: "GET /documents HTTP/1.1" 200 11448
2026-03-07 18:46:29,172 [WARNING] django.request: Not Found: /.well-known/appspecific/com.chrome.devtools.json
2026-03-07 18:46:29,172 [WARNING] django.server: "GET /.well-known/appspecific/com.chrome.devtools.json HTTP/1.1" 404 11999
2026-03-07 18:46:29,619 [INFO] django.server: "GET /documents HTTP/1.1" 200 11448
2026-03-07 18:46:29,646 [WARNING] django.request: Not Found: /.well-known/appspecific/com.chrome.devtools.json
2026-03-07 18:46:29,647 [WARNING] django.server: "GET /.well-known/appspecific/com.chrome.devtools.json HTTP/1.1" 404 11999
2026-03-07 18:46:29,658 [INFO] django.server: "GET /static/document/css/style.css HTTP/1.1" 200 1256
2026-03-07 18:46:29,658 [INFO] django.server: "GET /static/main/css/style.css HTTP/1.1" 200 9397
2026-03-07 18:46:29,658 [INFO] django.server: "GET /static/main/images/icon.png HTTP/1.1" 200 49378
2026-03-07 18:46:30,007 [INFO] django.server: "GET /static/main/images/favicon.ico HTTP/1.1" 200 15406
2026-03-07 18:46:32,662 [INFO] django.server: "GET /documents HTTP/1.1" 200 11430
2026-03-07 18:46:32,690 [WARNING] django.request: Not Found: /.well-known/appspecific/com.chrome.devtools.json
2026-03-07 18:46:32,690 [WARNING] django.server: "GET /.well-known/appspecific/com.chrome.devtools.json HTTP/1.1" 404 11999
2026-03-07 18:46:32,700 [INFO] django.server: "GET /static/document/css/style.css HTTP/1.1" 200 1256
2026-03-07 18:46:32,700 [INFO] django.server: "GET /static/main/css/style.css HTTP/1.1" 200 9397
2026-03-07 18:46:32,701 [INFO] django.server: "GET /static/main/images/icon.png HTTP/1.1" 200 49378
2026-03-07 18:46:32,967 [INFO] django.server: "GET /static/main/images/favicon.ico HTTP/1.1" 200 15406
2026-03-07 18:47:21,603 [INFO] django.utils.autoreload: D:\PROJECTs\su_science\project\document\models.py changed, reloading.
2026-03-07 18:47:22,094 [INFO] django.utils.autoreload: Watching for file changes with StatReloader
2026-03-07 18:47:42,939 [INFO] django.server: "GET /documents HTTP/1.1" 200 11430
2026-03-07 18:47:42,960 [WARNING] django.request: Not Found: /.well-known/appspecific/com.chrome.devtools.json
2026-03-07 18:47:42,961 [WARNING] django.server: "GET /.well-known/appspecific/com.chrome.devtools.json HTTP/1.1" 404 11999
2026-03-07 18:47:43,025 [INFO] django.server: "GET /static/main/css/style.css HTTP/1.1" 200 9397
2026-03-07 18:47:43,027 [INFO] django.server: "GET /static/main/images/icon.png HTTP/1.1" 200 49378
2026-03-07 18:47:43,029 [INFO] django.server: "GET /static/document/css/style.css HTTP/1.1" 200 1256
2026-03-07 18:47:43,194 [INFO] django.server: "GET /static/main/images/favicon.ico HTTP/1.1" 200 15406
2026-03-07 18:48:15,850 [INFO] django.server: "GET /generators/13/edit HTTP/1.1" 200 38074
2026-03-07 18:48:15,869 [WARNING] django.request: Not Found: /.well-known/appspecific/com.chrome.devtools.json
2026-03-07 18:48:15,869 [WARNING] django.server: "GET /.well-known/appspecific/com.chrome.devtools.json HTTP/1.1" 404 11999
2026-03-07 18:48:15,920 [INFO] document.views: ONLYOFFICE config generator=13 user=74 mode=edit key=gen-13-1772885817-s28387
2026-03-07 18:48:15,921 [INFO] django.server: "GET /onlyoffice/generator/config/13 HTTP/1.1" 200 1589
2026-03-07 18:48:16,345 [INFO] document.views: ONLYOFFICE callback generator=13 status=1
2026-03-07 18:48:16,345 [INFO] django.server: "POST /onlyoffice/generator/callback/13 HTTP/1.1" 200 12
2026-03-07 18:48:16,355 [INFO] document.views: Generator file served generator=13
2026-03-07 18:48:16,355 [INFO] django.server: "GET /generator-files/13?access_token=eyJnZW5lcmF0b3JfaWQiOjEzLCJ1c2VyX2lkIjo3NH0%3A1vys0t%3AqWsccY3NiUZA8Y0IWDAX0j4vFjywS8p2-kGl5NmikYs HTTP/1.1" 200 28387
2026-03-07 18:48:46,415 [INFO] django.server: "GET /generators/13/edit HTTP/1.1" 200 38074
2026-03-07 18:48:46,442 [INFO] document.views: ONLYOFFICE callback generator=13 status=4
2026-03-07 18:48:46,443 [INFO] django.server: "POST /onlyoffice/generator/callback/13 HTTP/1.1" 200 12
2026-03-07 18:48:46,448 [WARNING] django.request: Not Found: /.well-known/appspecific/com.chrome.devtools.json
2026-03-07 18:48:46,448 [WARNING] django.server: "GET /.well-known/appspecific/com.chrome.devtools.json HTTP/1.1" 404 11999
2026-03-07 18:48:46,461 [INFO] django.server: "GET /static/main/css/style.css HTTP/1.1" 200 9397
2026-03-07 18:48:46,467 [INFO] django.server: "GET /static/document/css/style.css HTTP/1.1" 200 1256
2026-03-07 18:48:46,468 [INFO] django.server: "GET /static/main/images/icon.png HTTP/1.1" 200 49378
2026-03-07 18:48:46,837 [INFO] document.views: ONLYOFFICE config generator=13 user=74 mode=edit key=gen-13-1772885817-s28387
2026-03-07 18:48:46,837 [INFO] django.server: "GET /onlyoffice/generator/config/13 HTTP/1.1" 200 1589
2026-03-07 18:48:46,840 [INFO] django.server: "GET /static/main/images/favicon.ico HTTP/1.1" 200 15406
2026-03-07 18:48:47,221 [INFO] document.views: ONLYOFFICE callback generator=13 status=1
2026-03-07 18:48:47,221 [INFO] django.server: "POST /onlyoffice/generator/callback/13 HTTP/1.1" 200 12
2026-03-07 18:58:18,021 [INFO] django.server: "GET / HTTP/1.1" 200 21043
2026-03-07 18:58:18,060 [WARNING] django.request: Not Found: /.well-known/appspecific/com.chrome.devtools.json
2026-03-07 18:58:18,060 [WARNING] django.server: "GET /.well-known/appspecific/com.chrome.devtools.json HTTP/1.1" 404 11999
2026-03-07 18:58:19,062 [INFO] django.server: "GET /?oa=1 HTTP/1.1" 200 64476
2026-03-07 18:58:19,084 [WARNING] django.request: Not Found: /.well-known/appspecific/com.chrome.devtools.json
2026-03-07 18:58:19,084 [WARNING] django.server: "GET /.well-known/appspecific/com.chrome.devtools.json HTTP/1.1" 404 11999
2026-03-07 18:58:23,503 [INFO] document.views: ONLYOFFICE callback generator=13 status=2
2026-03-07 18:58:23,531 [INFO] document.views: ONLYOFFICE callback saved generator=13 file=synthetic_documents/template-from-document-5.docx
2026-03-07 18:58:23,532 [INFO] django.server: "POST /onlyoffice/generator/callback/13 HTTP/1.1" 200 12
2026-03-07 19:01:44,787 [INFO] django.utils.autoreload: D:\PROJECTs\su_science\project\document\views.py changed, reloading.
2026-03-07 19:01:45,273 [INFO] django.utils.autoreload: Watching for file changes with StatReloader
2026-03-07 19:01:56,692 [INFO] django.utils.autoreload: D:\PROJECTs\su_science\project\document\views.py changed, reloading.
2026-03-07 19:01:57,140 [INFO] django.utils.autoreload: Watching for file changes with StatReloader
2026-03-07 19:02:10,624 [INFO] django.utils.autoreload: D:\PROJECTs\su_science\project\document\views.py changed, reloading.
2026-03-07 19:02:11,080 [INFO] django.utils.autoreload: Watching for file changes with StatReloader
2026-03-07 19:02:28,595 [INFO] django.utils.autoreload: D:\PROJECTs\su_science\project\document\views.py changed, reloading.
2026-03-07 19:02:29,070 [INFO] django.utils.autoreload: Watching for file changes with StatReloader
2026-03-07 19:02:34,409 [INFO] django.utils.autoreload: D:\PROJECTs\su_science\project\document\urls.py changed, reloading.
2026-03-07 19:02:34,885 [INFO] django.utils.autoreload: Watching for file changes with StatReloader
2026-03-07 19:05:24,086 [INFO] django.server: "GET /?oa=1 HTTP/1.1" 200 64476
2026-03-07 19:05:24,116 [WARNING] django.request: Not Found: /.well-known/appspecific/com.chrome.devtools.json
2026-03-07 19:05:24,117 [WARNING] django.server: "GET /.well-known/appspecific/com.chrome.devtools.json HTTP/1.1" 404 13055
2026-03-07 19:05:24,181 [INFO] django.server: "GET /static/main/css/style.css HTTP/1.1" 200 9397
2026-03-07 19:05:24,182 [INFO] django.server: "GET /static/main/scripts/main_filter.js HTTP/1.1" 200 9162
2026-03-07 19:05:24,187 [INFO] django.server: "GET /static/main/images/icon.png HTTP/1.1" 200 49378
2026-03-07 19:05:24,392 [INFO] django.server: "GET /static/main/images/favicon.ico HTTP/1.1" 200 15406
2026-03-07 19:05:28,225 [INFO] django.server: "GET /documents HTTP/1.1" 200 11430
2026-03-07 19:05:28,247 [WARNING] django.request: Not Found: /.well-known/appspecific/com.chrome.devtools.json
2026-03-07 19:05:28,248 [WARNING] django.server: "GET /.well-known/appspecific/com.chrome.devtools.json HTTP/1.1" 404 13055
2026-03-07 19:05:29,987 [INFO] django.server: "GET /generators/13/edit HTTP/1.1" 200 215980
2026-03-07 19:05:30,008 [WARNING] django.request: Not Found: /.well-known/appspecific/com.chrome.devtools.json
2026-03-07 19:05:30,008 [WARNING] django.server: "GET /.well-known/appspecific/com.chrome.devtools.json HTTP/1.1" 404 13055
2026-03-07 19:05:30,045 [INFO] document.views: ONLYOFFICE config generator=13 user=74 mode=edit key=gen-13-1772885817-s28266
2026-03-07 19:05:30,045 [INFO] django.server: "GET /onlyoffice/generator/config/13 HTTP/1.1" 200 1589
2026-03-07 19:05:30,510 [INFO] document.views: ONLYOFFICE callback generator=13 status=1
2026-03-07 19:05:30,510 [INFO] django.server: "POST /onlyoffice/generator/callback/13 HTTP/1.1" 200 12
2026-03-07 19:05:30,519 [INFO] document.views: Generator file served generator=13
2026-03-07 19:05:30,520 [INFO] django.server: "GET /generator-files/13?access_token=eyJnZW5lcmF0b3JfaWQiOjEzLCJ1c2VyX2lkIjo3NH0%3A1vysHa%3Awj9DBnAF1zWJp3H4KrzyrlGCLHnSWoOnfWKm3pCzMb8 HTTP/1.1" 200 28266
2026-03-07 19:05:32,807 [INFO] django.server: "GET /generators/13/edit HTTP/1.1" 200 215980
2026-03-07 19:05:32,829 [INFO] document.views: ONLYOFFICE callback generator=13 status=4
2026-03-07 19:05:32,830 [INFO] django.server: "POST /onlyoffice/generator/callback/13 HTTP/1.1" 200 12
2026-03-07 19:05:32,842 [WARNING] django.request: Not Found: /.well-known/appspecific/com.chrome.devtools.json
2026-03-07 19:05:32,842 [WARNING] django.server: "GET /.well-known/appspecific/com.chrome.devtools.json HTTP/1.1" 404 13055
2026-03-07 19:05:32,855 [INFO] django.server: "GET /static/main/css/style.css HTTP/1.1" 200 9397
2026-03-07 19:05:32,855 [INFO] django.server: "GET /static/document/css/style.css HTTP/1.1" 200 2299
2026-03-07 19:05:32,855 [INFO] django.server: "GET /static/main/images/icon.png HTTP/1.1" 200 49378
2026-03-07 19:05:33,039 [INFO] document.views: ONLYOFFICE config generator=13 user=74 mode=edit key=gen-13-1772885817-s28266
2026-03-07 19:05:33,040 [INFO] django.server: "GET /onlyoffice/generator/config/13 HTTP/1.1" 200 1589
2026-03-07 19:05:33,289 [INFO] django.server: "GET /static/main/images/favicon.ico HTTP/1.1" 200 15406
2026-03-07 19:05:33,569 [INFO] document.views: ONLYOFFICE callback generator=13 status=1
2026-03-07 19:05:33,570 [INFO] django.server: "POST /onlyoffice/generator/callback/13 HTTP/1.1" 200 12
2026-03-07 19:05:39,299 [INFO] django.server: "GET /generators/13/edit HTTP/1.1" 200 215980
2026-03-07 19:05:39,318 [INFO] document.views: ONLYOFFICE callback generator=13 status=4
2026-03-07 19:05:39,319 [INFO] django.server: "POST /onlyoffice/generator/callback/13 HTTP/1.1" 200 12
2026-03-07 19:05:39,341 [WARNING] django.request: Not Found: /.well-known/appspecific/com.chrome.devtools.json
2026-03-07 19:05:39,341 [INFO] django.server: "GET /static/main/css/style.css HTTP/1.1" 200 9397
2026-03-07 19:05:39,342 [WARNING] django.server: "GET /.well-known/appspecific/com.chrome.devtools.json HTTP/1.1" 404 13055
2026-03-07 19:05:39,343 [INFO] django.server: "GET /static/document/css/style.css HTTP/1.1" 200 2299
2026-03-07 19:05:39,344 [INFO] django.server: "GET /static/main/images/icon.png HTTP/1.1" 200 49378
2026-03-07 19:05:39,528 [INFO] document.views: ONLYOFFICE config generator=13 user=74 mode=edit key=gen-13-1772885817-s28266
2026-03-07 19:05:39,529 [INFO] django.server: "GET /onlyoffice/generator/config/13 HTTP/1.1" 200 1589
2026-03-07 19:05:39,775 [INFO] django.server: "GET /static/main/images/favicon.ico HTTP/1.1" 200 15406
2026-03-07 19:05:40,091 [INFO] document.views: ONLYOFFICE callback generator=13 status=1
2026-03-07 19:05:40,092 [INFO] django.server: "POST /onlyoffice/generator/callback/13 HTTP/1.1" 200 12
2026-03-07 19:06:24,510 [INFO] django.utils.autoreload: D:\PROJECTs\su_science\project\document\views.py changed, reloading.
2026-03-07 19:06:25,001 [INFO] django.utils.autoreload: Watching for file changes with StatReloader
2026-03-07 19:06:46,191 [INFO] document.views: Synonym created user=74 synonym_id=70
2026-03-07 19:06:46,197 [INFO] document.views: Synonym updated user=74 synonym_id=70
2026-03-07 19:06:46,203 [INFO] document.views: Synonym deleted user=74 synonym_id=70
2026-03-07 19:06:55,056 [INFO] document.views: Template updated id=13 owner=74 file_type=docx has_file=True content_len=0
2026-03-07 19:07:01,661 [INFO] document.views: ONLYOFFICE callback generator=13 status=6
2026-03-07 19:07:01,686 [INFO] document.views: ONLYOFFICE callback saved generator=13 file=synthetic_documents/template-from-document-5.docx
2026-03-07 19:07:01,687 [INFO] django.server: "POST /onlyoffice/generator/callback/13 HTTP/1.1" 200 12
2026-03-07 19:07:02,909 [INFO] django.server: "GET /generators/13/edit HTTP/1.1" 200 216045
2026-03-07 19:07:02,948 [WARNING] django.request: Not Found: /.well-known/appspecific/com.chrome.devtools.json
2026-03-07 19:07:02,948 [WARNING] django.server: "GET /.well-known/appspecific/com.chrome.devtools.json HTTP/1.1" 404 13055
2026-03-07 19:07:03,003 [INFO] django.server: "GET /static/document/css/style.css HTTP/1.1" 200 2299
2026-03-07 19:07:03,005 [INFO] django.server: "GET /static/main/images/icon.png HTTP/1.1" 200 49378
2026-03-07 19:07:03,005 [INFO] django.server: "GET /static/main/css/style.css HTTP/1.1" 200 10120
2026-03-07 19:07:03,006 [INFO] django.server: "GET /static/main/scripts/app_feedback.js HTTP/1.1" 200 1259
2026-03-07 19:07:03,126 [INFO] document.views: ONLYOFFICE config generator=13 user=74 mode=edit key=gen-13-1772885817-s28382
2026-03-07 19:07:03,127 [INFO] django.server: "GET /onlyoffice/generator/config/13 HTTP/1.1" 200 1589
2026-03-07 19:07:03,443 [INFO] django.server: "GET /static/main/images/favicon.ico HTTP/1.1" 200 15406
2026-03-07 19:07:03,731 [INFO] document.views: ONLYOFFICE callback generator=13 status=1
2026-03-07 19:07:03,732 [INFO] django.server: "POST /onlyoffice/generator/callback/13 HTTP/1.1" 200 12
2026-03-07 19:07:03,742 [INFO] document.views: Generator file served generator=13
2026-03-07 19:07:03,742 [INFO] django.server: "GET /generator-files/13?access_token=eyJnZW5lcmF0b3JfaWQiOjEzLCJ1c2VyX2lkIjo3NH0%3A1vysJ5%3Aq81qbdmAsORps4f9xD9uM7iF6Ckz1AQHpn1hWDkoNjk HTTP/1.1" 200 28382
2026-03-07 19:07:08,359 [INFO] document.views: ONLYOFFICE callback generator=13 status=2
2026-03-07 19:07:08,387 [INFO] document.views: ONLYOFFICE callback saved generator=13 file=synthetic_documents/template-from-document-5.docx
2026-03-07 19:07:08,387 [INFO] django.server: "POST /onlyoffice/generator/callback/13 HTTP/1.1" 200 12
2026-03-07 19:07:20,939 [INFO] document.views: Template updated id=13 owner=74 file_type=docx has_file=True content_len=0
2026-03-07 19:07:20,940 [INFO] django.server: "POST /generators/13/edit HTTP/1.1" 302 0
2026-03-07 19:07:20,956 [INFO] django.server: "GET /generators/13/edit HTTP/1.1" 200 216053
2026-03-07 19:07:20,979 [INFO] document.views: ONLYOFFICE callback generator=13 status=4
2026-03-07 19:07:20,979 [INFO] django.server: "POST /onlyoffice/generator/callback/13 HTTP/1.1" 200 12
2026-03-07 19:07:20,993 [INFO] django.server: "GET /static/main/css/style.css HTTP/1.1" 304 0
2026-03-07 19:07:20,995 [INFO] django.server: "GET /static/main/scripts/app_feedback.js HTTP/1.1" 304 0
2026-03-07 19:07:20,996 [INFO] django.server: "GET /static/document/css/style.css HTTP/1.1" 304 0
2026-03-07 19:07:21,002 [WARNING] django.request: Not Found: /.well-known/appspecific/com.chrome.devtools.json
2026-03-07 19:07:21,003 [WARNING] django.server: "GET /.well-known/appspecific/com.chrome.devtools.json HTTP/1.1" 404 13055
2026-03-07 19:07:21,047 [INFO] document.views: ONLYOFFICE config generator=13 user=74 mode=edit key=gen-13-1772885817-s28382
2026-03-07 19:07:21,048 [INFO] django.server: "GET /onlyoffice/generator/config/13 HTTP/1.1" 200 1589
2026-03-07 19:07:21,518 [INFO] document.views: ONLYOFFICE callback generator=13 status=1
2026-03-07 19:07:21,518 [INFO] django.server: "POST /onlyoffice/generator/callback/13 HTTP/1.1" 200 12
2026-03-07 19:07:53,391 [INFO] document.views: Synonym created user=74 synonym_id=71
2026-03-07 19:07:53,392 [INFO] django.server: "POST /synonyms/create HTTP/1.1" 201 231
2026-03-07 19:07:58,189 [INFO] document.views: ONLYOFFICE callback generator=13 status=6
2026-03-07 19:07:58,222 [INFO] document.views: ONLYOFFICE callback saved generator=13 file=synthetic_documents/template-from-document-5.docx
2026-03-07 19:07:58,223 [INFO] django.server: "POST /onlyoffice/generator/callback/13 HTTP/1.1" 200 12
2026-03-07 19:08:27,675 [INFO] document.views: ONLYOFFICE callback generator=13 status=6
2026-03-07 19:08:27,712 [INFO] document.views: ONLYOFFICE callback saved generator=13 file=synthetic_documents/template-from-document-5.docx
2026-03-07 19:08:27,713 [INFO] django.server: "POST /onlyoffice/generator/callback/13 HTTP/1.1" 200 12
2026-03-07 19:08:36,655 [INFO] django.server: "GET /generators/13/edit HTTP/1.1" 200 219492
2026-03-07 19:08:36,704 [WARNING] django.request: Not Found: /.well-known/appspecific/com.chrome.devtools.json
2026-03-07 19:08:36,704 [WARNING] django.server: "GET /.well-known/appspecific/com.chrome.devtools.json HTTP/1.1" 404 13055
2026-03-07 19:08:36,710 [INFO] django.server: "GET /static/document/css/style.css HTTP/1.1" 200 2299
2026-03-07 19:08:36,710 [INFO] django.server: "GET /static/main/css/style.css HTTP/1.1" 200 10120
2026-03-07 19:08:36,711 [INFO] django.server: "GET /static/main/images/icon.png HTTP/1.1" 200 49378
2026-03-07 19:08:36,714 [INFO] django.server: "GET /static/main/scripts/app_feedback.js HTTP/1.1" 200 1259
2026-03-07 19:08:37,085 [INFO] document.views: ONLYOFFICE config generator=13 user=74 mode=edit key=gen-13-1772885817-s28440
2026-03-07 19:08:37,085 [INFO] django.server: "GET /onlyoffice/generator/config/13 HTTP/1.1" 200 1589
2026-03-07 19:08:37,367 [INFO] django.server: "GET /static/main/images/favicon.ico HTTP/1.1" 200 15406
2026-03-07 19:08:37,662 [INFO] document.views: ONLYOFFICE callback generator=13 status=1
2026-03-07 19:08:37,662 [INFO] django.server: "POST /onlyoffice/generator/callback/13 HTTP/1.1" 200 12
2026-03-07 19:08:37,673 [INFO] document.views: Generator file served generator=13
2026-03-07 19:08:37,674 [INFO] django.server: "GET /generator-files/13?access_token=eyJnZW5lcmF0b3JfaWQiOjEzLCJ1c2VyX2lkIjo3NH0%3A1vysKb%3AgKiSknfAWP1M66mNMs5aIopI9Fs_wPhVFOrSS9ajve4 HTTP/1.1" 200 28440
2026-03-07 19:08:39,643 [INFO] django.server: "GET / HTTP/1.1" 200 21108
2026-03-07 19:08:39,665 [INFO] document.views: ONLYOFFICE callback generator=13 status=4
2026-03-07 19:08:39,666 [INFO] django.server: "POST /onlyoffice/generator/callback/13 HTTP/1.1" 200 12
2026-03-07 19:08:39,684 [WARNING] django.request: Not Found: /.well-known/appspecific/com.chrome.devtools.json
2026-03-07 19:08:39,685 [WARNING] django.server: "GET /.well-known/appspecific/com.chrome.devtools.json HTTP/1.1" 404 13055
2026-03-07 19:08:41,113 [INFO] django.server: "GET /documents HTTP/1.1" 200 11495
2026-03-07 19:08:41,140 [WARNING] django.request: Not Found: /.well-known/appspecific/com.chrome.devtools.json
2026-03-07 19:08:41,140 [WARNING] django.server: "GET /.well-known/appspecific/com.chrome.devtools.json HTTP/1.1" 404 13055
2026-03-07 19:08:42,112 [INFO] document.views: ONLYOFFICE callback generator=13 status=2
2026-03-07 19:08:42,135 [INFO] document.views: ONLYOFFICE callback saved generator=13 file=synthetic_documents/template-from-document-5.docx
2026-03-07 19:08:42,136 [INFO] django.server: "POST /onlyoffice/generator/callback/13 HTTP/1.1" 200 12
2026-03-07 19:08:59,844 [INFO] document.views: Synonyms imported user=74 imported=1 replaced=1 skipped=0
2026-03-07 19:09:03,026 [INFO] django.server: "GET /generators/13/edit HTTP/1.1" 200 219474
2026-03-07 19:09:03,056 [WARNING] django.request: Not Found: /.well-known/appspecific/com.chrome.devtools.json
2026-03-07 19:09:03,056 [WARNING] django.server: "GET /.well-known/appspecific/com.chrome.devtools.json HTTP/1.1" 404 13055
2026-03-07 19:09:03,062 [INFO] django.server: "GET /static/main/css/style.css HTTP/1.1" 304 0
2026-03-07 19:09:03,063 [INFO] django.server: "GET /static/document/css/style.css HTTP/1.1" 304 0
2026-03-07 19:09:03,064 [INFO] django.server: "GET /static/main/scripts/app_feedback.js HTTP/1.1" 304 0
2026-03-07 19:09:03,096 [INFO] document.views: ONLYOFFICE config generator=13 user=74 mode=edit key=gen-13-1772885817-s28440
2026-03-07 19:09:03,097 [INFO] django.server: "GET /onlyoffice/generator/config/13 HTTP/1.1" 200 1589
2026-03-07 19:09:03,684 [INFO] document.views: ONLYOFFICE callback generator=13 status=1
2026-03-07 19:09:03,684 [INFO] django.server: "POST /onlyoffice/generator/callback/13 HTTP/1.1" 200 12
2026-03-07 19:09:05,471 [INFO] django.server: "GET / HTTP/1.1" 200 21108
2026-03-07 19:09:05,497 [INFO] document.views: ONLYOFFICE callback generator=13 status=4
2026-03-07 19:09:05,497 [INFO] django.server: "POST /onlyoffice/generator/callback/13 HTTP/1.1" 200 12
2026-03-07 19:09:05,511 [WARNING] django.request: Not Found: /.well-known/appspecific/com.chrome.devtools.json
2026-03-07 19:09:05,512 [WARNING] django.server: "GET /.well-known/appspecific/com.chrome.devtools.json HTTP/1.1" 404 13055
2026-03-07 19:09:07,619 [INFO] django.server: "GET /?status=published&y_min=2021 HTTP/1.1" 200 68050
2026-03-07 19:09:07,647 [WARNING] django.request: Not Found: /.well-known/appspecific/com.chrome.devtools.json
2026-03-07 19:09:07,648 [WARNING] django.server: "GET /.well-known/appspecific/com.chrome.devtools.json HTTP/1.1" 404 13055
2026-03-07 19:09:10,627 [INFO] django.server: "GET /?status=published HTTP/1.1" 200 67984
2026-03-07 19:09:10,661 [WARNING] django.request: Not Found: /.well-known/appspecific/com.chrome.devtools.json
2026-03-07 19:09:10,661 [WARNING] django.server: "GET /.well-known/appspecific/com.chrome.devtools.json HTTP/1.1" 404 13055
2026-03-07 19:09:11,641 [INFO] django.server: "GET /?oa=1 HTTP/1.1" 200 64171
2026-03-07 19:09:11,670 [WARNING] django.request: Not Found: /.well-known/appspecific/com.chrome.devtools.json
2026-03-07 19:09:11,671 [WARNING] django.server: "GET /.well-known/appspecific/com.chrome.devtools.json HTTP/1.1" 404 13055
2026-03-07 19:09:12,723 [INFO] django.server: "GET /?show=all HTTP/1.1" 200 67957
2026-03-07 19:09:12,754 [WARNING] django.request: Not Found: /.well-known/appspecific/com.chrome.devtools.json
2026-03-07 19:09:12,755 [WARNING] django.server: "GET /.well-known/appspecific/com.chrome.devtools.json HTTP/1.1" 404 13055
2026-03-07 19:09:16,731 [INFO] django.server: "GET /search/suggestions/?q=%D0%BD%D1%83%D1%80 HTTP/1.1" 200 19
2026-03-07 19:09:18,441 [INFO] django.server: "GET /search/suggestions/?q=%D0%9D%D1%83%D1%80 HTTP/1.1" 200 623
2026-03-07 19:09:20,441 [INFO] django.server: "GET /?search=%D0%90%D0%BB%D0%B1%D0%B0%D0%BD%D0%B1%D0%B0%D0%B9+%D0%9D%D1%83%D1%80%D1%82%D0%B0%D0%B9&show=all HTTP/1.1" 200 47661
2026-03-07 19:09:20,471 [WARNING] django.request: Not Found: /.well-known/appspecific/com.chrome.devtools.json
2026-03-07 19:09:20,472 [WARNING] django.server: "GET /.well-known/appspecific/com.chrome.devtools.json HTTP/1.1" 404 13055
2026-03-07 19:09:26,794 [INFO] main.views: Generation request accepted user=74 template_id=13 filters_tags=0
2026-03-07 19:09:26,796 [INFO] main.views: Generation start template_id=13 user=74 template_file_type=docx publications_count=11 requested_title=
2026-03-07 19:09:26,797 [INFO] utils.document_generator: Template render start template_id=13 base_len=0
2026-03-07 19:09:26,797 [INFO] utils.document_generator: Template render after synonyms template_id=13 len=0
2026-03-07 19:09:26,797 [WARNING] utils.document_generator: Template render result is empty template_id=13
2026-03-07 19:09:26,797 [INFO] main.views: Text render result template_id=13 text_len=0 non_empty=False
2026-03-07 19:09:26,798 [INFO] main.views: DOCX render branch template_id=13 source_file=synthetic_documents/template-from-document-5.docx
2026-03-07 19:09:26,862 [INFO] utils.document_generator: DOCX render start template_id=13 source=D:\PROJECTs\su_science\project\media\synthetic_documents\template-from-document-5.docx output=C:\Users\admin\AppData\Local\Temp\tmp4jzxsbg7.docx
2026-03-07 19:09:26,900 [WARNING] main.views: DOCX generation failed for template_id=13. Falling back to TXT. error=Encountered unknown tag 'endfor'.
2026-03-07 19:09:26,900 [WARNING] main.views: Generated TXT content is empty template_id=13 user=74 publications_count=11
2026-03-07 19:09:26,914 [INFO] main.views: Generation finished document_id=22 generated_by=13 file_type=txt file_name=documents/report-20260307140926.txt
2026-03-07 19:09:26,915 [INFO] django.server: "POST / HTTP/1.1" 302 0
2026-03-07 19:09:26,923 [INFO] document.views: Document file served document=22
2026-03-07 19:09:26,924 [INFO] django.server: "GET /files/22?download=1 HTTP/1.1" 200 0
2026-03-07 19:09:29,010 [INFO] main.views: Generation request accepted user=74 template_id=13 filters_tags=0
2026-03-07 19:09:29,011 [INFO] main.views: Generation start template_id=13 user=74 template_file_type=docx publications_count=11 requested_title=
2026-03-07 19:09:29,011 [INFO] utils.document_generator: Template render start template_id=13 base_len=0
2026-03-07 19:09:29,011 [INFO] utils.document_generator: Template render after synonyms template_id=13 len=0
2026-03-07 19:09:29,011 [WARNING] utils.document_generator: Template render result is empty template_id=13
2026-03-07 19:09:29,011 [INFO] main.views: Text render result template_id=13 text_len=0 non_empty=False
2026-03-07 19:09:29,011 [INFO] main.views: DOCX render branch template_id=13 source_file=synthetic_documents/template-from-document-5.docx
2026-03-07 19:09:29,012 [INFO] utils.document_generator: DOCX render start template_id=13 source=D:\PROJECTs\su_science\project\media\synthetic_documents\template-from-document-5.docx output=C:\Users\admin\AppData\Local\Temp\tmpsr3ogubh.docx
2026-03-07 19:09:29,043 [WARNING] main.views: DOCX generation failed for template_id=13. Falling back to TXT. error=Encountered unknown tag 'endfor'.
2026-03-07 19:09:29,043 [WARNING] main.views: Generated TXT content is empty template_id=13 user=74 publications_count=11
2026-03-07 19:09:29,058 [INFO] main.views: Generation finished document_id=23 generated_by=13 file_type=txt file_name=documents/report-20260307140929.txt
2026-03-07 19:09:29,058 [INFO] django.server: "POST / HTTP/1.1" 302 0
2026-03-07 19:09:29,062 [INFO] document.views: Document file served document=23
2026-03-07 19:09:29,063 [INFO] django.server: "GET /files/23?download=1 HTTP/1.1" 200 0
2026-03-07 19:09:40,600 [INFO] django.server: "GET /?search=%D0%90%D0%BB%D0%B1%D0%B0%D0%BD%D0%B1%D0%B0%D0%B9+%D0%9D%D1%83%D1%80%D1%82%D0%B0%D0%B9&show=all HTTP/1.1" 200 47661
2026-03-07 19:09:40,628 [WARNING] django.request: Not Found: /.well-known/appspecific/com.chrome.devtools.json
2026-03-07 19:09:40,629 [WARNING] django.server: "GET /.well-known/appspecific/com.chrome.devtools.json HTTP/1.1" 404 13055
2026-03-07 19:09:40,639 [INFO] django.server: "GET /static/main/css/style.css HTTP/1.1" 200 10120
2026-03-07 19:09:40,640 [INFO] django.server: "GET /static/main/images/icon.png HTTP/1.1" 200 49378
2026-03-07 19:09:40,650 [INFO] django.server: "GET /static/main/scripts/app_feedback.js HTTP/1.1" 200 1259
2026-03-07 19:09:40,650 [INFO] django.server: "GET /static/main/scripts/main_filter.js HTTP/1.1" 200 9162
2026-03-07 19:09:41,015 [INFO] django.server: "GET /static/main/images/favicon.ico HTTP/1.1" 200 15406
2026-03-07 19:09:43,883 [INFO] main.views: Generation request accepted user=74 template_id=13 filters_tags=0
2026-03-07 19:09:43,885 [INFO] main.views: Generation start template_id=13 user=74 template_file_type=docx publications_count=11 requested_title=
2026-03-07 19:09:43,885 [INFO] utils.document_generator: Template render start template_id=13 base_len=0
2026-03-07 19:09:43,885 [INFO] utils.document_generator: Template render after synonyms template_id=13 len=0
2026-03-07 19:09:43,885 [WARNING] utils.document_generator: Template render result is empty template_id=13
2026-03-07 19:09:43,885 [INFO] main.views: Text render result template_id=13 text_len=0 non_empty=False
2026-03-07 19:09:43,885 [INFO] main.views: DOCX render branch template_id=13 source_file=synthetic_documents/template-from-document-5.docx
2026-03-07 19:09:43,886 [INFO] utils.document_generator: DOCX render start template_id=13 source=D:\PROJECTs\su_science\project\media\synthetic_documents\template-from-document-5.docx output=C:\Users\admin\AppData\Local\Temp\tmpy93f91un.docx
2026-03-07 19:09:43,917 [WARNING] main.views: DOCX generation failed for template_id=13. Falling back to TXT. error=Encountered unknown tag 'endfor'.
2026-03-07 19:09:43,918 [WARNING] main.views: Generated TXT content is empty template_id=13 user=74 publications_count=11
2026-03-07 19:09:43,931 [INFO] main.views: Generation finished document_id=24 generated_by=13 file_type=txt file_name=documents/report-20260307140943.txt
2026-03-07 19:09:43,931 [INFO] django.server: "POST / HTTP/1.1" 302 0
2026-03-07 19:09:43,940 [INFO] document.views: Document file served document=24
2026-03-07 19:09:43,941 [INFO] django.server: "GET /files/24?download=1 HTTP/1.1" 200 0
2026-03-07 19:09:48,380 [INFO] django.server: "GET /documents HTTP/1.1" 200 14042
2026-03-07 19:09:48,406 [WARNING] django.request: Not Found: /.well-known/appspecific/com.chrome.devtools.json
2026-03-07 19:09:48,406 [WARNING] django.server: "GET /.well-known/appspecific/com.chrome.devtools.json HTTP/1.1" 404 13055
2026-03-07 19:09:48,412 [INFO] django.server: "GET /static/document/css/style.css HTTP/1.1" 304 0
2026-03-07 19:09:54,857 [INFO] django.server: "GET /documents/24 HTTP/1.1" 200 494
2026-03-07 19:09:54,916 [WARNING] django.request: Not Found: /favicon.ico
2026-03-07 19:09:54,916 [WARNING] django.server: "GET /favicon.ico HTTP/1.1" 404 12944
2026-03-07 19:10:13,182 [INFO] django.server: "GET /generators/13/edit HTTP/1.1" 200 219474
2026-03-07 19:10:13,215 [WARNING] django.request: Not Found: /.well-known/appspecific/com.chrome.devtools.json
2026-03-07 19:10:13,217 [INFO] django.server: "GET /static/main/css/style.css HTTP/1.1" 304 0
2026-03-07 19:10:13,217 [INFO] django.server: "GET /static/main/scripts/app_feedback.js HTTP/1.1" 304 0
2026-03-07 19:10:13,217 [WARNING] django.server: "GET /.well-known/appspecific/com.chrome.devtools.json HTTP/1.1" 404 13055
2026-03-07 19:10:13,250 [INFO] document.views: ONLYOFFICE config generator=13 user=74 mode=edit key=gen-13-1772885817-s28440
2026-03-07 19:10:13,251 [INFO] django.server: "GET /onlyoffice/generator/config/13 HTTP/1.1" 200 1589
2026-03-07 19:10:13,732 [INFO] document.views: ONLYOFFICE callback generator=13 status=1
2026-03-07 19:10:13,732 [INFO] django.server: "POST /onlyoffice/generator/callback/13 HTTP/1.1" 200 12
2026-03-07 19:10:17,960 [INFO] django.server: "GET / HTTP/1.1" 200 21108
2026-03-07 19:10:17,986 [INFO] document.views: ONLYOFFICE callback generator=13 status=4
2026-03-07 19:10:17,986 [INFO] django.server: "POST /onlyoffice/generator/callback/13 HTTP/1.1" 200 12
2026-03-07 19:10:18,000 [WARNING] django.request: Not Found: /.well-known/appspecific/com.chrome.devtools.json
2026-03-07 19:10:18,000 [WARNING] django.server: "GET /.well-known/appspecific/com.chrome.devtools.json HTTP/1.1" 404 13055
2026-03-07 19:10:25,157 [INFO] django.server: "GET /search/suggestions/?q=Yeh HTTP/1.1" 200 19
2026-03-07 19:10:29,223 [INFO] django.server: "GET /search/suggestions/?q=%D0%9D%D1%83%D1%80 HTTP/1.1" 200 623
2026-03-07 19:10:30,667 [INFO] django.server: "GET /?search=%D0%90%D0%BB%D0%B1%D0%B0%D0%BD%D0%B1%D0%B0%D0%B9+%D0%9D%D1%83%D1%80%D1%82%D0%B0%D0%B9 HTTP/1.1" 200 47610
2026-03-07 19:10:30,695 [WARNING] django.request: Not Found: /.well-known/appspecific/com.chrome.devtools.json
2026-03-07 19:10:30,696 [WARNING] django.server: "GET /.well-known/appspecific/com.chrome.devtools.json HTTP/1.1" 404 13055
2026-03-07 19:10:35,419 [INFO] main.views: Generation request accepted user=74 template_id=13 filters_tags=0
2026-03-07 19:10:35,420 [INFO] main.views: Generation start template_id=13 user=74 template_file_type=docx publications_count=11 requested_title=
2026-03-07 19:10:35,420 [INFO] utils.document_generator: Template render start template_id=13 base_len=0
2026-03-07 19:10:35,420 [INFO] utils.document_generator: Template render after synonyms template_id=13 len=0
2026-03-07 19:10:35,420 [WARNING] utils.document_generator: Template render result is empty template_id=13
2026-03-07 19:10:35,420 [INFO] main.views: Text render result template_id=13 text_len=0 non_empty=False
2026-03-07 19:10:35,420 [INFO] main.views: DOCX render branch template_id=13 source_file=synthetic_documents/template-from-document-5.docx
2026-03-07 19:10:35,421 [INFO] utils.document_generator: DOCX render start template_id=13 source=D:\PROJECTs\su_science\project\media\synthetic_documents\template-from-document-5.docx output=C:\Users\admin\AppData\Local\Temp\tmpgg7vhmxu.docx
2026-03-07 19:10:35,454 [WARNING] main.views: DOCX generation failed for template_id=13. Falling back to TXT. error=Encountered unknown tag 'endfor'.
2026-03-07 19:10:35,454 [WARNING] main.views: Generated TXT content is empty template_id=13 user=74 publications_count=11
2026-03-07 19:10:35,469 [INFO] main.views: Generation finished document_id=25 generated_by=13 file_type=txt file_name=documents/report-20260307141035.txt
2026-03-07 19:10:35,470 [INFO] django.server: "POST / HTTP/1.1" 302 0
2026-03-07 19:10:35,487 [INFO] document.views: Document file served document=25
2026-03-07 19:10:35,487 [INFO] django.server: "GET /files/25?download=1 HTTP/1.1" 200 0
2026-03-07 19:11:35,739 [INFO] django.server: "GET /?search=%D0%90%D0%BB%D0%B1%D0%B0%D0%BD%D0%B1%D0%B0%D0%B9+%D0%9D%D1%83%D1%80%D1%82%D0%B0%D0%B9 HTTP/1.1" 200 47610
2026-03-07 19:11:35,771 [WARNING] django.request: Not Found: /.well-known/appspecific/com.chrome.devtools.json
2026-03-07 19:11:35,771 [WARNING] django.server: "GET /.well-known/appspecific/com.chrome.devtools.json HTTP/1.1" 404 13055
2026-03-07 19:11:35,776 [INFO] django.server: "GET /static/main/css/style.css HTTP/1.1" 200 10120
2026-03-07 19:11:35,784 [INFO] django.server: "GET /static/main/images/icon.png HTTP/1.1" 200 49378
2026-03-07 19:11:35,791 [INFO] django.server: "GET /static/main/scripts/main_filter.js HTTP/1.1" 200 9162
2026-03-07 19:11:35,791 [INFO] django.server: "GET /static/main/scripts/app_feedback.js HTTP/1.1" 200 1259
2026-03-07 19:11:36,282 [INFO] django.server: "GET /static/main/images/favicon.ico HTTP/1.1" 200 15406
2026-03-07 19:11:37,733 [INFO] django.server: "GET / HTTP/1.1" 200 21108
2026-03-07 19:11:37,758 [WARNING] django.request: Not Found: /.well-known/appspecific/com.chrome.devtools.json
2026-03-07 19:11:37,759 [WARNING] django.server: "GET /.well-known/appspecific/com.chrome.devtools.json HTTP/1.1" 404 13055
2026-03-07 19:11:38,359 [INFO] django.server: "GET /employees/ HTTP/1.1" 200 59174
2026-03-07 19:11:38,380 [WARNING] django.request: Not Found: /.well-known/appspecific/com.chrome.devtools.json
2026-03-07 19:11:38,380 [WARNING] django.server: "GET /.well-known/appspecific/com.chrome.devtools.json HTTP/1.1" 404 13055
2026-03-07 19:11:39,201 [INFO] django.server: "GET / HTTP/1.1" 200 21108
2026-03-07 19:11:39,227 [WARNING] django.request: Not Found: /.well-known/appspecific/com.chrome.devtools.json
2026-03-07 19:11:39,227 [WARNING] django.server: "GET /.well-known/appspecific/com.chrome.devtools.json HTTP/1.1" 404 13055
2026-03-07 19:11:40,189 [INFO] django.server: "GET /employees/ HTTP/1.1" 200 59174
2026-03-07 19:11:40,226 [WARNING] django.request: Not Found: /.well-known/appspecific/com.chrome.devtools.json
2026-03-07 19:11:40,227 [WARNING] django.server: "GET /.well-known/appspecific/com.chrome.devtools.json HTTP/1.1" 404 13055
2026-03-07 19:11:42,190 [INFO] django.server: "GET /?staff_user=39&status=published HTTP/1.1" 200 48130
2026-03-07 19:11:42,217 [WARNING] django.request: Not Found: /.well-known/appspecific/com.chrome.devtools.json
2026-03-07 19:11:42,217 [WARNING] django.server: "GET /.well-known/appspecific/com.chrome.devtools.json HTTP/1.1" 404 13055
2026-03-07 19:11:46,821 [INFO] main.views: Generation request accepted user=74 template_id=13 filters_tags=0
2026-03-07 19:11:46,822 [INFO] main.views: Generation start template_id=13 user=74 template_file_type=docx publications_count=11 requested_title=
2026-03-07 19:11:46,822 [INFO] utils.document_generator: Template render start template_id=13 base_len=0
2026-03-07 19:11:46,822 [INFO] utils.document_generator: Template render after synonyms template_id=13 len=0
2026-03-07 19:11:46,822 [WARNING] utils.document_generator: Template render result is empty template_id=13
2026-03-07 19:11:46,822 [INFO] main.views: Text render result template_id=13 text_len=0 non_empty=False
2026-03-07 19:11:46,822 [INFO] main.views: DOCX render branch template_id=13 source_file=synthetic_documents/template-from-document-5.docx
2026-03-07 19:11:46,823 [INFO] utils.document_generator: DOCX render start template_id=13 source=D:\PROJECTs\su_science\project\media\synthetic_documents\template-from-document-5.docx output=C:\Users\admin\AppData\Local\Temp\tmp0ruq18dc.docx
2026-03-07 19:11:46,854 [WARNING] main.views: DOCX generation failed for template_id=13. Falling back to TXT. error=Encountered unknown tag 'endfor'.
2026-03-07 19:11:46,854 [WARNING] main.views: Generated TXT content is empty template_id=13 user=74 publications_count=11
2026-03-07 19:11:46,869 [INFO] main.views: Generation finished document_id=26 generated_by=13 file_type=txt file_name=documents/report-20260307141146.txt
2026-03-07 19:11:46,870 [INFO] django.server: "POST / HTTP/1.1" 302 0
2026-03-07 19:11:46,886 [INFO] document.views: Document file served document=26
2026-03-07 19:11:46,886 [INFO] django.server: "GET /files/26?download=1 HTTP/1.1" 200 0
2026-03-07 19:11:49,857 [INFO] django.server: "GET /account/ HTTP/1.1" 200 18352
2026-03-07 19:11:50,300 [WARNING] django.request: Not Found: /.well-known/appspecific/com.chrome.devtools.json
2026-03-07 19:11:50,301 [WARNING] django.server: "GET /.well-known/appspecific/com.chrome.devtools.json HTTP/1.1" 404 13055
2026-03-07 19:12:00,841 [INFO] django.server: "GET /documents/26 HTTP/1.1" 200 494
2026-03-07 19:12:00,901 [WARNING] django.request: Not Found: /favicon.ico
2026-03-07 19:12:00,901 [WARNING] django.server: "GET /favicon.ico HTTP/1.1" 404 12944
2026-03-07 19:12:04,723 [INFO] django.server: "GET /documents/19/edit HTTP/1.1" 200 20357
2026-03-07 19:12:04,749 [WARNING] django.request: Not Found: /.well-known/appspecific/com.chrome.devtools.json
2026-03-07 19:12:04,749 [WARNING] django.server: "GET /.well-known/appspecific/com.chrome.devtools.json HTTP/1.1" 404 13055
2026-03-07 19:12:04,754 [INFO] django.server: "GET /static/document/css/style.css HTTP/1.1" 304 0
2026-03-07 19:12:04,786 [INFO] document.views: ONLYOFFICE config document=19 user=74 mode=edit key=doc-19-v1
2026-03-07 19:12:04,786 [INFO] django.server: "GET /onlyoffice/config/19 HTTP/1.1" 200 1535
2026-03-07 19:12:05,192 [INFO] document.views: ONLYOFFICE callback document=19 status=1
2026-03-07 19:12:05,193 [INFO] django.server: "POST /onlyoffice/callback/19 HTTP/1.1" 200 12
2026-03-07 19:12:08,565 [INFO] document.views: Document deleted id=19 user=74
2026-03-07 19:12:08,566 [INFO] django.server: "DELETE /documents/19 HTTP/1.1" 200 21
2026-03-07 19:12:08,580 [INFO] django.server: "GET /documents HTTP/1.1" 200 14949
2026-03-07 19:12:08,602 [WARNING] django.request: Not Found: /onlyoffice/callback/19
2026-03-07 19:12:08,603 [WARNING] django.server: "POST /onlyoffice/callback/19 HTTP/1.1" 404 12
2026-03-07 19:12:08,610 [WARNING] django.request: Not Found: /.well-known/appspecific/com.chrome.devtools.json
2026-03-07 19:12:08,611 [WARNING] django.server: "GET /.well-known/appspecific/com.chrome.devtools.json HTTP/1.1" 404 13055
2026-03-07 19:12:15,283 [INFO] document.views: Document file served document=26
2026-03-07 19:12:15,284 [INFO] django.server: "GET /files/26?download=1 HTTP/1.1" 200 0
2026-03-07 19:12:48,280 [INFO] django.server: "GET /generators/13/edit HTTP/1.1" 200 219474
2026-03-07 19:12:48,315 [WARNING] django.request: Not Found: /.well-known/appspecific/com.chrome.devtools.json
2026-03-07 19:12:48,316 [WARNING] django.server: "GET /.well-known/appspecific/com.chrome.devtools.json HTTP/1.1" 404 13055
2026-03-07 19:12:48,320 [INFO] django.server: "GET /static/main/css/style.css HTTP/1.1" 304 0
2026-03-07 19:12:48,321 [INFO] django.server: "GET /static/document/css/style.css HTTP/1.1" 304 0
2026-03-07 19:12:48,322 [INFO] django.server: "GET /static/main/scripts/app_feedback.js HTTP/1.1" 304 0
2026-03-07 19:12:48,366 [INFO] document.views: ONLYOFFICE config generator=13 user=74 mode=edit key=gen-13-1772885817-s28440
2026-03-07 19:12:48,368 [INFO] django.server: "GET /onlyoffice/generator/config/13 HTTP/1.1" 200 1589
2026-03-07 19:12:48,841 [INFO] document.views: ONLYOFFICE callback generator=13 status=1
2026-03-07 19:12:48,841 [INFO] django.server: "POST /onlyoffice/generator/callback/13 HTTP/1.1" 200 12
2026-03-07 19:13:02,157 [INFO] document.views: ONLYOFFICE callback generator=13 status=6
2026-03-07 19:13:02,192 [INFO] document.views: ONLYOFFICE callback saved generator=13 file=synthetic_documents/template-from-document-5.docx
2026-03-07 19:13:02,192 [INFO] django.server: "POST /onlyoffice/generator/callback/13 HTTP/1.1" 200 12
2026-03-07 19:13:03,018 [INFO] django.server: "GET / HTTP/1.1" 200 21108
2026-03-07 19:13:03,059 [WARNING] django.request: Not Found: /.well-known/appspecific/com.chrome.devtools.json
2026-03-07 19:13:03,059 [WARNING] django.server: "GET /.well-known/appspecific/com.chrome.devtools.json HTTP/1.1" 404 13055
2026-03-07 19:13:06,701 [INFO] django.server: "GET /?status=published&y_min=2021 HTTP/1.1" 200 68050
2026-03-07 19:13:06,729 [WARNING] django.request: Not Found: /.well-known/appspecific/com.chrome.devtools.json
2026-03-07 19:13:06,730 [WARNING] django.server: "GET /.well-known/appspecific/com.chrome.devtools.json HTTP/1.1" 404 13055
2026-03-07 19:13:07,711 [INFO] django.server: "GET /?oa=1 HTTP/1.1" 200 64171
2026-03-07 19:13:07,739 [WARNING] django.request: Not Found: /.well-known/appspecific/com.chrome.devtools.json
2026-03-07 19:13:07,740 [WARNING] django.server: "GET /.well-known/appspecific/com.chrome.devtools.json HTTP/1.1" 404 13055
2026-03-07 19:13:08,467 [INFO] document.views: ONLYOFFICE callback generator=13 status=2
2026-03-07 19:13:08,502 [INFO] document.views: ONLYOFFICE callback saved generator=13 file=synthetic_documents/template-from-document-5.docx
2026-03-07 19:13:08,502 [INFO] django.server: "POST /onlyoffice/generator/callback/13 HTTP/1.1" 200 12
2026-03-07 19:13:11,027 [INFO] main.views: Generation request accepted user=74 template_id=13 filters_tags=0
2026-03-07 19:13:11,028 [INFO] main.views: Generation start template_id=13 user=74 template_file_type=docx publications_count=19 requested_title=
2026-03-07 19:13:11,028 [INFO] utils.document_generator: Template render start template_id=13 base_len=0
2026-03-07 19:13:11,028 [INFO] utils.document_generator: Template render after synonyms template_id=13 len=0
2026-03-07 19:13:11,028 [WARNING] utils.document_generator: Template render result is empty template_id=13
2026-03-07 19:13:11,028 [INFO] main.views: Text render result template_id=13 text_len=0 non_empty=False
2026-03-07 19:13:11,029 [INFO] main.views: DOCX render branch template_id=13 source_file=synthetic_documents/template-from-document-5.docx
2026-03-07 19:13:11,029 [INFO] utils.document_generator: DOCX render start template_id=13 source=D:\PROJECTs\su_science\project\media\synthetic_documents\template-from-document-5.docx output=C:\Users\admin\AppData\Local\Temp\tmp0z8e36hm.docx
2026-03-07 19:13:11,097 [INFO] utils.document_generator: DOCX render finished template_id=13 output=C:\Users\admin\AppData\Local\Temp\tmp0z8e36hm.docx
2026-03-07 19:13:11,114 [INFO] main.views: Generation finished document_id=27 generated_by=13 file_type=docx file_name=documents/report-20260307141311.docx
2026-03-07 19:13:11,115 [INFO] django.server: "POST / HTTP/1.1" 302 0
2026-03-07 19:13:11,122 [INFO] document.views: Document file served document=27
2026-03-07 19:13:11,123 [INFO] django.server: "GET /files/27?download=1 HTTP/1.1" 200 26016
2026-03-07 19:13:45,915 [INFO] django.server: "GET /?oa=1 HTTP/1.1" 200 64171
2026-03-07 19:13:45,949 [WARNING] django.request: Not Found: /.well-known/appspecific/com.chrome.devtools.json
2026-03-07 19:13:45,950 [WARNING] django.server: "GET /.well-known/appspecific/com.chrome.devtools.json HTTP/1.1" 404 13055
2026-03-07 19:13:45,953 [INFO] django.server: "GET /static/main/css/style.css HTTP/1.1" 304 0
2026-03-07 19:13:45,953 [INFO] django.server: "GET /static/main/scripts/app_feedback.js HTTP/1.1" 304 0
2026-03-07 19:13:46,553 [INFO] django.server: "GET /?status=published HTTP/1.1" 200 67984
2026-03-07 19:13:46,585 [WARNING] django.request: Not Found: /.well-known/appspecific/com.chrome.devtools.json
2026-03-07 19:13:46,585 [WARNING] django.server: "GET /.well-known/appspecific/com.chrome.devtools.json HTTP/1.1" 404 13055
2026-03-07 19:13:47,867 [INFO] django.server: "GET /documents HTTP/1.1" 200 15761
2026-03-07 19:13:47,894 [WARNING] django.request: Not Found: /.well-known/appspecific/com.chrome.devtools.json
2026-03-07 19:13:47,894 [WARNING] django.server: "GET /.well-known/appspecific/com.chrome.devtools.json HTTP/1.1" 404 13055
2026-03-07 19:13:47,900 [INFO] django.server: "GET /static/document/css/style.css HTTP/1.1" 304 0
2026-03-07 19:13:49,064 [INFO] django.server: "GET /generators/13/edit HTTP/1.1" 200 219474
2026-03-07 19:13:49,096 [WARNING] django.request: Not Found: /.well-known/appspecific/com.chrome.devtools.json
2026-03-07 19:13:49,097 [WARNING] django.server: "GET /.well-known/appspecific/com.chrome.devtools.json HTTP/1.1" 404 13055
2026-03-07 19:13:49,134 [INFO] document.views: ONLYOFFICE config generator=13 user=74 mode=edit key=gen-13-1772885817-s28418
2026-03-07 19:13:49,134 [INFO] django.server: "GET /onlyoffice/generator/config/13 HTTP/1.1" 200 1589
2026-03-07 19:13:49,696 [INFO] document.views: ONLYOFFICE callback generator=13 status=1
2026-03-07 19:13:49,696 [INFO] django.server: "POST /onlyoffice/generator/callback/13 HTTP/1.1" 200 12
2026-03-07 19:13:49,705 [INFO] document.views: Generator file served generator=13
2026-03-07 19:13:49,706 [INFO] django.server: "GET /generator-files/13?access_token=eyJnZW5lcmF0b3JfaWQiOjEzLCJ1c2VyX2lkIjo3NH0%3A1vysPd%3AUJvcqsl_82oBLXXpX79TAuYcZ-2G6CywECuQRcyNkzA HTTP/1.1" 200 28418
2026-03-07 19:14:10,637 [INFO] document.views: ONLYOFFICE callback generator=13 status=6
2026-03-07 19:14:10,671 [INFO] document.views: ONLYOFFICE callback saved generator=13 file=synthetic_documents/template-from-document-5.docx
2026-03-07 19:14:10,672 [INFO] django.server: "POST /onlyoffice/generator/callback/13 HTTP/1.1" 200 12
2026-03-07 19:14:59,203 [INFO] utils.document_generator: DOCX render start template_id=13 source=D:\PROJECTs\su_science\project\media\synthetic_documents\template-from-document-5.docx output=C:\Users\admin\AppData\Local\Temp\tmpegv07k7s.docx
2026-03-07 19:14:59,265 [INFO] utils.document_generator: DOCX render finished template_id=13 output=C:\Users\admin\AppData\Local\Temp\tmpegv07k7s.docx
2026-03-07 19:15:09,062 [INFO] main.views: Generation start template_id=13 user=74 template_file_type=docx publications_count=11 requested_title=
2026-03-07 19:15:09,062 [INFO] utils.document_generator: Template render start template_id=13 base_len=0
2026-03-07 19:15:09,062 [INFO] utils.document_generator: Template render after synonyms template_id=13 len=0
2026-03-07 19:15:09,065 [WARNING] utils.document_generator: Template render result is empty template_id=13
2026-03-07 19:15:09,065 [INFO] main.views: Text render result template_id=13 text_len=0 non_empty=False
2026-03-07 19:15:09,065 [INFO] main.views: DOCX render branch template_id=13 source_file=synthetic_documents/template-from-document-5.docx
2026-03-07 19:15:09,111 [INFO] utils.document_generator: DOCX render start template_id=13 source=D:\PROJECTs\su_science\project\media\synthetic_documents\template-from-document-5.docx output=C:\Users\admin\AppData\Local\Temp\tmpt03gspap.docx
2026-03-07 19:15:09,174 [INFO] utils.document_generator: DOCX render finished template_id=13 output=C:\Users\admin\AppData\Local\Temp\tmpt03gspap.docx
2026-03-07 19:15:09,192 [INFO] main.views: Generation finished document_id=28 generated_by=13 file_type=docx file_name=documents/report-20260307141509.docx
2026-03-07 19:15:10,669 [INFO] django.server: "GET / HTTP/1.1" 200 21108
2026-03-07 19:15:10,693 [WARNING] django.request: Not Found: /.well-known/appspecific/com.chrome.devtools.json
2026-03-07 19:15:10,694 [WARNING] django.server: "GET /.well-known/appspecific/com.chrome.devtools.json HTTP/1.1" 404 13055
2026-03-07 19:15:10,699 [INFO] django.server: "GET /static/main/css/style.css HTTP/1.1" 304 0
2026-03-07 19:15:10,700 [INFO] django.server: "GET /static/main/scripts/app_feedback.js HTTP/1.1" 304 0
2026-03-07 19:15:12,743 [INFO] django.server: "GET /?oa=1 HTTP/1.1" 200 64171
2026-03-07 19:15:12,774 [WARNING] django.request: Not Found: /.well-known/appspecific/com.chrome.devtools.json
2026-03-07 19:15:12,775 [WARNING] django.server: "GET /.well-known/appspecific/com.chrome.devtools.json HTTP/1.1" 404 13055
2026-03-07 19:15:15,816 [INFO] main.views: Generation request accepted user=74 template_id=13 filters_tags=0
2026-03-07 19:15:15,816 [INFO] main.views: Generation start template_id=13 user=74 template_file_type=docx publications_count=19 requested_title=
2026-03-07 19:15:15,817 [INFO] utils.document_generator: Template render start template_id=13 base_len=0
2026-03-07 19:15:15,817 [INFO] utils.document_generator: Template render after synonyms template_id=13 len=0
2026-03-07 19:15:15,817 [WARNING] utils.document_generator: Template render result is empty template_id=13
2026-03-07 19:15:15,817 [INFO] main.views: Text render result template_id=13 text_len=0 non_empty=False
2026-03-07 19:15:15,817 [INFO] main.views: DOCX render branch template_id=13 source_file=synthetic_documents/template-from-document-5.docx
2026-03-07 19:15:15,818 [INFO] utils.document_generator: DOCX render start template_id=13 source=D:\PROJECTs\su_science\project\media\synthetic_documents\template-from-document-5.docx output=C:\Users\admin\AppData\Local\Temp\tmp96dw27fo.docx
2026-03-07 19:15:15,877 [INFO] utils.document_generator: DOCX render finished template_id=13 output=C:\Users\admin\AppData\Local\Temp\tmp96dw27fo.docx
2026-03-07 19:15:15,896 [INFO] main.views: Generation finished document_id=29 generated_by=13 file_type=docx file_name=documents/report-20260307141515.docx
2026-03-07 19:15:15,897 [INFO] django.server: "POST / HTTP/1.1" 302 0
2026-03-07 19:15:15,905 [INFO] document.views: Document file served document=29
2026-03-07 19:15:15,906 [INFO] django.server: "GET /files/29?download=1 HTTP/1.1" 200 26078
2026-03-07 19:15:16,135 [INFO] document.views: ONLYOFFICE callback generator=13 status=2
2026-03-07 19:15:16,157 [INFO] document.views: ONLYOFFICE callback saved generator=13 file=synthetic_documents/template-from-document-5.docx
2026-03-07 19:15:16,158 [INFO] django.server: "POST /onlyoffice/generator/callback/13 HTTP/1.1" 200 12
2026-03-07 19:15:36,297 [INFO] main.views: Generation request accepted user=74 template_id=13 filters_tags=0
2026-03-07 19:15:36,298 [INFO] main.views: Generation start template_id=13 user=74 template_file_type=docx publications_count=153 requested_title=
2026-03-07 19:15:36,298 [INFO] utils.document_generator: Template render start template_id=13 base_len=0
2026-03-07 19:15:36,298 [INFO] utils.document_generator: Template render after synonyms template_id=13 len=0
2026-03-07 19:15:36,301 [WARNING] utils.document_generator: Template render result is empty template_id=13
2026-03-07 19:15:36,301 [INFO] main.views: Text render result template_id=13 text_len=0 non_empty=False
2026-03-07 19:15:36,301 [INFO] main.views: DOCX render branch template_id=13 source_file=synthetic_documents/template-from-document-5.docx
2026-03-07 19:15:36,338 [INFO] utils.document_generator: DOCX render start template_id=13 source=D:\PROJECTs\su_science\project\media\synthetic_documents\template-from-document-5.docx output=C:\Users\admin\AppData\Local\Temp\tmpv3kwhrkb.docx
2026-03-07 19:15:36,470 [INFO] utils.document_generator: DOCX render finished template_id=13 output=C:\Users\admin\AppData\Local\Temp\tmpv3kwhrkb.docx
2026-03-07 19:15:36,492 [INFO] main.views: Generation finished document_id=30 generated_by=13 file_type=docx file_name=documents/report-20260307141536.docx
2026-03-07 19:15:38,338 [INFO] django.server: "GET /account/ HTTP/1.1" 200 21973
2026-03-07 19:15:38,366 [WARNING] django.request: Not Found: /.well-known/appspecific/com.chrome.devtools.json
2026-03-07 19:15:38,367 [WARNING] django.server: "GET /.well-known/appspecific/com.chrome.devtools.json HTTP/1.1" 404 13055
2026-03-07 19:15:43,653 [INFO] django.server: "GET /documents HTTP/1.1" 200 16573
2026-03-07 19:15:43,680 [WARNING] django.request: Not Found: /.well-known/appspecific/com.chrome.devtools.json
2026-03-07 19:15:43,681 [WARNING] django.server: "GET /.well-known/appspecific/com.chrome.devtools.json HTTP/1.1" 404 13055
2026-03-07 19:15:43,686 [INFO] django.server: "GET /static/document/css/style.css HTTP/1.1" 304 0
2026-03-07 19:15:46,650 [INFO] django.server: "GET /generators/13/edit HTTP/1.1" 200 219475
2026-03-07 19:15:46,675 [WARNING] django.request: Not Found: /.well-known/appspecific/com.chrome.devtools.json
2026-03-07 19:15:46,676 [WARNING] django.server: "GET /.well-known/appspecific/com.chrome.devtools.json HTTP/1.1" 404 13055
2026-03-07 19:15:46,710 [INFO] document.views: ONLYOFFICE config generator=13 user=74 mode=edit key=gen-13-1772885817-s28420
2026-03-07 19:15:46,710 [INFO] django.server: "GET /onlyoffice/generator/config/13 HTTP/1.1" 200 1589
2026-03-07 19:15:47,279 [INFO] document.views: ONLYOFFICE callback generator=13 status=1
2026-03-07 19:15:47,279 [INFO] django.server: "POST /onlyoffice/generator/callback/13 HTTP/1.1" 200 12
2026-03-07 19:15:47,289 [INFO] document.views: Generator file served generator=13
2026-03-07 19:15:47,290 [INFO] django.server: "GET /generator-files/13?access_token=eyJnZW5lcmF0b3JfaWQiOjEzLCJ1c2VyX2lkIjo3NH0%3A1vysRW%3A6To0dRmKcg-ZuasxMPBcZjn6Qd4Ua5hQTBoWvweuxSo HTTP/1.1" 200 28420
2026-03-07 19:15:55,443 [INFO] document.views: Synonym updated user=74 synonym_id=56
2026-03-07 19:15:55,444 [INFO] django.server: "PATCH /synonyms/56 HTTP/1.1" 200 210
2026-03-07 19:16:06,785 [INFO] document.views: Synonym updated user=74 synonym_id=57
2026-03-07 19:16:06,785 [INFO] django.server: "PATCH /synonyms/57 HTTP/1.1" 200 184
2026-03-07 19:16:38,655 [INFO] document.views: ONLYOFFICE callback generator=13 status=6
2026-03-07 19:16:38,691 [INFO] document.views: ONLYOFFICE callback saved generator=13 file=synthetic_documents/template-from-document-5.docx
2026-03-07 19:16:38,691 [INFO] django.server: "POST /onlyoffice/generator/callback/13 HTTP/1.1" 200 12
2026-03-07 19:16:39,339 [INFO] django.utils.autoreload: D:\PROJECTs\su_science\project\utils\document_generator.py changed, reloading.
2026-03-07 19:16:39,824 [INFO] django.utils.autoreload: Watching for file changes with StatReloader
2026-03-07 19:16:47,782 [INFO] django.server: "GET / HTTP/1.1" 200 21108
2026-03-07 19:16:47,820 [WARNING] django.request: Not Found: /.well-known/appspecific/com.chrome.devtools.json
2026-03-07 19:16:47,821 [WARNING] django.server: "GET /.well-known/appspecific/com.chrome.devtools.json HTTP/1.1" 404 13055
2026-03-07 19:16:47,823 [INFO] django.server: "GET /static/main/css/style.css HTTP/1.1" 304 0
2026-03-07 19:16:47,827 [INFO] django.server: "GET /static/main/scripts/app_feedback.js HTTP/1.1" 304 0
2026-03-07 19:16:50,285 [INFO] django.utils.autoreload: D:\PROJECTs\su_science\project\main\views.py changed, reloading.
2026-03-07 19:16:50,735 [INFO] django.utils.autoreload: Watching for file changes with StatReloader
2026-03-07 19:16:53,147 [INFO] django.server: "GET /?oa=1 HTTP/1.1" 200 64171
2026-03-07 19:16:53,190 [WARNING] django.request: Not Found: /.well-known/appspecific/com.chrome.devtools.json
2026-03-07 19:16:53,191 [WARNING] django.server: "GET /.well-known/appspecific/com.chrome.devtools.json HTTP/1.1" 404 13055
2026-03-07 19:16:53,241 [INFO] document.views: ONLYOFFICE callback generator=13 status=2
2026-03-07 19:16:53,277 [INFO] document.views: ONLYOFFICE callback saved generator=13 file=synthetic_documents/template-from-document-5.docx
2026-03-07 19:16:53,277 [INFO] django.server: "POST /onlyoffice/generator/callback/13 HTTP/1.1" 200 12
2026-03-07 19:16:55,922 [INFO] main.views: Generation request accepted user=74 template_id=13 filters_tags=0
2026-03-07 19:16:55,923 [INFO] main.views: Generation start template_id=13 user=74 template_file_type=docx publications_count=19 requested_title=
2026-03-07 19:16:55,923 [INFO] utils.document_generator: Template render start template_id=13 base_len=0
2026-03-07 19:16:55,923 [INFO] utils.document_generator: Template render after synonyms template_id=13 len=0
2026-03-07 19:16:55,923 [WARNING] utils.document_generator: Template render result is empty template_id=13
2026-03-07 19:16:55,923 [INFO] main.views: Text render result template_id=13 text_len=0 non_empty=False
2026-03-07 19:16:55,924 [INFO] main.views: DOCX render branch template_id=13 source_file=synthetic_documents/template-from-document-5.docx
2026-03-07 19:16:55,971 [INFO] utils.document_generator: DOCX render start template_id=13 source=D:\PROJECTs\su_science\project\media\synthetic_documents\template-from-document-5.docx output=C:\Users\admin\AppData\Local\Temp\tmpunwcj0ai.docx
2026-03-07 19:16:56,015 [ERROR] main.views: DOCX generation failed for template_id=13. Falling back to TXT. error='method' object is not iterable
Traceback (most recent call last):
  File "D:\PROJECTs\su_science\project\main\views.py", line 236, in _make_generated_document
    generate_docx(generator_template, context, output_path)
  File "D:\PROJECTs\su_science\project\utils\document_generator.py", line 233, in generate_docx
    doc.render(context or {})
  File "D:\PROJECTs\su_science\venv\Lib\site-packages\docxtpl\template.py", line 489, in render
    xml_src = self.build_xml(context, jinja_env)
              ^^^^^^^^^^^^^^^^^^^^^^^^^^^^^^^^^^
  File "D:\PROJECTs\su_science\venv\Lib\site-packages\docxtpl\template.py", line 436, in build_xml
    xml = self.render_xml_part(xml, self.docx._part, context, jinja_env)
          ^^^^^^^^^^^^^^^^^^^^^^^^^^^^^^^^^^^^^^^^^^^^^^^^^^^^^^^^^^^^^^
  File "D:\PROJECTs\su_science\venv\Lib\site-packages\docxtpl\template.py", line 313, in render_xml_part
    dst_xml = template.render(context)
              ^^^^^^^^^^^^^^^^^^^^^^^^
  File "D:\PROJECTs\su_science\venv\Lib\site-packages\jinja2\environment.py", line 1295, in render
    self.environment.handle_exception()
  File "D:\PROJECTs\su_science\venv\Lib\site-packages\jinja2\environment.py", line 942, in handle_exception
    raise rewrite_traceback_stack(source=source)
  File "<template>", line 23, in top-level template code
TypeError: 'method' object is not iterable
2026-03-07 19:16:56,017 [WARNING] main.views: Generated diagnostic TXT fallback template_id=13 user=74 publications_count=19
2026-03-07 19:16:56,032 [INFO] main.views: Generation finished document_id=31 generated_by=13 file_type=txt file_name=documents/report-20260307141656.txt
2026-03-07 19:16:56,032 [INFO] django.server: "POST / HTTP/1.1" 302 0
2026-03-07 19:16:56,075 [INFO] document.views: Document file served document=31
2026-03-07 19:16:56,076 [INFO] django.server: "GET /files/31?download=1 HTTP/1.1" 200 127
2026-03-07 19:16:58,324 [INFO] main.views: Generation request accepted user=74 template_id=13 filters_tags=0
2026-03-07 19:16:58,325 [INFO] main.views: Generation start template_id=13 user=74 template_file_type=docx publications_count=153 requested_title=
2026-03-07 19:16:58,325 [INFO] utils.document_generator: Template render start template_id=13 base_len=0
2026-03-07 19:16:58,325 [INFO] utils.document_generator: Template render after synonyms template_id=13 len=0
2026-03-07 19:16:58,328 [WARNING] utils.document_generator: Template render result is empty template_id=13
2026-03-07 19:16:58,328 [INFO] main.views: Text render result template_id=13 text_len=0 non_empty=False
2026-03-07 19:16:58,328 [INFO] main.views: DOCX render branch template_id=13 source_file=synthetic_documents/template-from-document-5.docx
2026-03-07 19:16:58,367 [INFO] utils.document_generator: DOCX render start template_id=13 source=D:\PROJECTs\su_science\project\media\synthetic_documents\template-from-document-5.docx output=C:\Users\admin\AppData\Local\Temp\tmpvy_wn64p.docx
2026-03-07 19:16:58,427 [ERROR] main.views: DOCX generation failed for template_id=13. Falling back to TXT. error='method' object is not iterable
Traceback (most recent call last):
  File "D:\PROJECTs\su_science\project\main\views.py", line 236, in _make_generated_document
    generate_docx(generator_template, context, output_path)
  File "D:\PROJECTs\su_science\project\utils\document_generator.py", line 233, in generate_docx
    doc.render(context or {})
  File "D:\PROJECTs\su_science\venv\Lib\site-packages\docxtpl\template.py", line 489, in render
    xml_src = self.build_xml(context, jinja_env)
              ^^^^^^^^^^^^^^^^^^^^^^^^^^^^^^^^^^
  File "D:\PROJECTs\su_science\venv\Lib\site-packages\docxtpl\template.py", line 436, in build_xml
    xml = self.render_xml_part(xml, self.docx._part, context, jinja_env)
          ^^^^^^^^^^^^^^^^^^^^^^^^^^^^^^^^^^^^^^^^^^^^^^^^^^^^^^^^^^^^^^
  File "D:\PROJECTs\su_science\venv\Lib\site-packages\docxtpl\template.py", line 313, in render_xml_part
    dst_xml = template.render(context)
              ^^^^^^^^^^^^^^^^^^^^^^^^
  File "D:\PROJECTs\su_science\venv\Lib\site-packages\jinja2\environment.py", line 1295, in render
    self.environment.handle_exception()
  File "D:\PROJECTs\su_science\venv\Lib\site-packages\jinja2\environment.py", line 942, in handle_exception
    raise rewrite_traceback_stack(source=source)
  File "<template>", line 23, in top-level template code
TypeError: 'method' object is not iterable
2026-03-07 19:16:58,428 [WARNING] main.views: Generated diagnostic TXT fallback template_id=13 user=74 publications_count=153
2026-03-07 19:16:58,434 [INFO] main.views: Generation finished document_id=32 generated_by=13 file_type=txt file_name=documents/report-20260307141658.txt
2026-03-07 19:17:11,956 [INFO] django.server: "GET /account/ HTTP/1.1" 200 24445
2026-03-07 19:17:12,330 [WARNING] django.request: Not Found: /.well-known/appspecific/com.chrome.devtools.json
2026-03-07 19:17:12,330 [WARNING] django.server: "GET /.well-known/appspecific/com.chrome.devtools.json HTTP/1.1" 404 13055
2026-03-07 19:17:12,491 [INFO] django.server: "GET /documents HTTP/1.1" 200 16593
2026-03-07 19:17:12,522 [WARNING] django.request: Not Found: /.well-known/appspecific/com.chrome.devtools.json
2026-03-07 19:17:12,522 [WARNING] django.server: "GET /.well-known/appspecific/com.chrome.devtools.json HTTP/1.1" 404 13055
2026-03-07 19:17:12,525 [INFO] django.server: "GET /static/document/css/style.css HTTP/1.1" 304 0
2026-03-07 19:17:14,317 [INFO] django.server: "GET /generators/13/edit HTTP/1.1" 200 219467
2026-03-07 19:17:14,350 [WARNING] django.request: Not Found: /.well-known/appspecific/com.chrome.devtools.json
2026-03-07 19:17:14,351 [WARNING] django.server: "GET /.well-known/appspecific/com.chrome.devtools.json HTTP/1.1" 404 13055
2026-03-07 19:17:14,385 [INFO] document.views: ONLYOFFICE config generator=13 user=74 mode=edit key=gen-13-1772885817-s28470
2026-03-07 19:17:14,386 [INFO] django.server: "GET /onlyoffice/generator/config/13 HTTP/1.1" 200 1589
2026-03-07 19:17:14,955 [INFO] document.views: ONLYOFFICE callback generator=13 status=1
2026-03-07 19:17:14,956 [INFO] django.server: "POST /onlyoffice/generator/callback/13 HTTP/1.1" 200 12
2026-03-07 19:17:14,965 [INFO] document.views: Generator file served generator=13
2026-03-07 19:17:14,965 [INFO] django.server: "GET /generator-files/13?access_token=eyJnZW5lcmF0b3JfaWQiOjEzLCJ1c2VyX2lkIjo3NH0%3A1vysSw%3ACA-ZcbYPNfL-tDzweM-o3SD-NSBjDy1kfrpzDDGzqYo HTTP/1.1" 200 28470
2026-03-07 19:17:19,269 [INFO] document.views: ONLYOFFICE callback generator=13 status=6
2026-03-07 19:17:19,301 [INFO] document.views: ONLYOFFICE callback saved generator=13 file=synthetic_documents/template-from-document-5.docx
2026-03-07 19:17:19,302 [INFO] django.server: "POST /onlyoffice/generator/callback/13 HTTP/1.1" 200 12
2026-03-07 19:17:41,902 [INFO] django.utils.autoreload: D:\PROJECTs\su_science\project\utils\document_generator.py changed, reloading.
2026-03-07 19:17:42,370 [INFO] django.utils.autoreload: Watching for file changes with StatReloader
2026-03-07 19:18:00,665 [INFO] django.utils.autoreload: D:\PROJECTs\su_science\project\utils\document_generator.py changed, reloading.
2026-03-07 19:18:01,103 [INFO] django.utils.autoreload: Watching for file changes with StatReloader
2026-03-07 19:18:05,684 [INFO] django.server: "GET /generators/13/edit HTTP/1.1" 200 219467
2026-03-07 19:18:05,720 [WARNING] django.request: Not Found: /.well-known/appspecific/com.chrome.devtools.json
2026-03-07 19:18:05,720 [WARNING] django.server: "GET /.well-known/appspecific/com.chrome.devtools.json HTTP/1.1" 404 13055
2026-03-07 19:18:05,770 [INFO] django.server: "GET /static/main/css/style.css HTTP/1.1" 200 10120
2026-03-07 19:18:05,771 [INFO] django.server: "GET /static/main/images/icon.png HTTP/1.1" 200 49378
2026-03-07 19:18:05,772 [INFO] django.server: "GET /static/main/scripts/app_feedback.js HTTP/1.1" 200 1259
2026-03-07 19:18:05,774 [INFO] django.server: "GET /static/document/css/style.css HTTP/1.1" 200 2299
2026-03-07 19:18:05,967 [INFO] document.views: ONLYOFFICE config generator=13 user=74 mode=edit key=gen-13-1772885817-s28420
2026-03-07 19:18:05,967 [INFO] django.server: "GET /onlyoffice/generator/config/13 HTTP/1.1" 200 1589
2026-03-07 19:18:06,240 [INFO] django.server: "GET /static/main/images/favicon.ico HTTP/1.1" 200 15406
2026-03-07 19:18:09,906 [INFO] main.views: Generation request accepted user=74 template_id=13 filters_tags=0
2026-03-07 19:18:09,907 [INFO] main.views: Generation start template_id=13 user=74 template_file_type=docx publications_count=153 requested_title=
2026-03-07 19:18:09,907 [INFO] utils.document_generator: Template render start template_id=13 base_len=0
2026-03-07 19:18:09,907 [INFO] utils.document_generator: Template render after synonyms template_id=13 len=0
2026-03-07 19:18:09,910 [WARNING] utils.document_generator: Template render result is empty template_id=13
2026-03-07 19:18:09,910 [INFO] main.views: Text render result template_id=13 text_len=0 non_empty=False
2026-03-07 19:18:09,910 [INFO] main.views: DOCX render branch template_id=13 source_file=synthetic_documents/template-from-document-5.docx
2026-03-07 19:18:09,946 [INFO] utils.document_generator: DOCX render start template_id=13 source=D:\PROJECTs\su_science\project\media\synthetic_documents\template-from-document-5.docx output=C:\Users\admin\AppData\Local\Temp\tmpf8j23435.docx
2026-03-07 19:18:09,982 [ERROR] main.views: DOCX generation failed for template_id=13. Falling back to TXT. error=Encountered unknown tag 'tr'.
Traceback (most recent call last):
  File "D:\PROJECTs\su_science\project\main\views.py", line 236, in _make_generated_document
    generate_docx(generator_template, context, output_path)
  File "D:\PROJECTs\su_science\project\utils\document_generator.py", line 256, in generate_docx
    doc.render(context or {})
  File "D:\PROJECTs\su_science\venv\Lib\site-packages\docxtpl\template.py", line 489, in render
    xml_src = self.build_xml(context, jinja_env)
              ^^^^^^^^^^^^^^^^^^^^^^^^^^^^^^^^^^
  File "D:\PROJECTs\su_science\venv\Lib\site-packages\docxtpl\template.py", line 436, in build_xml
    xml = self.render_xml_part(xml, self.docx._part, context, jinja_env)
          ^^^^^^^^^^^^^^^^^^^^^^^^^^^^^^^^^^^^^^^^^^^^^^^^^^^^^^^^^^^^^^
  File "D:\PROJECTs\su_science\venv\Lib\site-packages\docxtpl\template.py", line 322, in render_xml_part
    raise exc
  File "D:\PROJECTs\su_science\venv\Lib\site-packages\docxtpl\template.py", line 312, in render_xml_part
    template = Template(src_xml)
               ^^^^^^^^^^^^^^^^^
  File "D:\PROJECTs\su_science\venv\Lib\site-packages\jinja2\environment.py", line 1214, in __new__
    return env.from_string(source, template_class=cls)
           ^^^^^^^^^^^^^^^^^^^^^^^^^^^^^^^^^^^^^^^^^^^
  File "D:\PROJECTs\su_science\venv\Lib\site-packages\jinja2\environment.py", line 1111, in from_string
    return cls.from_code(self, self.compile(source), gs, None)
                               ^^^^^^^^^^^^^^^^^^^^
  File "D:\PROJECTs\su_science\venv\Lib\site-packages\jinja2\environment.py", line 771, in compile
    self.handle_exception(source=source_hint)
  File "D:\PROJECTs\su_science\venv\Lib\site-packages\jinja2\environment.py", line 942, in handle_exception
    raise rewrite_traceback_stack(source=source)
  File "<unknown>", line 18, in template
jinja2.exceptions.TemplateSyntaxError: Encountered unknown tag 'tr'.
2026-03-07 19:18:09,983 [WARNING] main.views: Generated diagnostic TXT fallback template_id=13 user=74 publications_count=153
2026-03-07 19:18:09,990 [INFO] main.views: Generation finished document_id=33 generated_by=13 file_type=txt file_name=documents/report-20260307141809.txt
2026-03-07 19:18:11,146 [INFO] document.views: ONLYOFFICE callback generator=13 status=2
2026-03-07 19:18:11,180 [INFO] document.views: ONLYOFFICE callback saved generator=13 file=synthetic_documents/template-from-document-5.docx
2026-03-07 19:18:11,181 [INFO] django.server: "POST /onlyoffice/generator/callback/13 HTTP/1.1" 200 12
2026-03-07 19:18:22,883 [INFO] django.utils.autoreload: D:\PROJECTs\su_science\project\utils\document_generator.py changed, reloading.
2026-03-07 19:18:23,337 [INFO] django.utils.autoreload: Watching for file changes with StatReloader
2026-03-07 19:18:31,706 [INFO] main.views: Generation request accepted user=74 template_id=13 filters_tags=0
2026-03-07 19:18:31,707 [INFO] main.views: Generation start template_id=13 user=74 template_file_type=docx publications_count=153 requested_title=
2026-03-07 19:18:31,707 [INFO] utils.document_generator: Template render start template_id=13 base_len=0
2026-03-07 19:18:31,707 [INFO] utils.document_generator: Template render after synonyms template_id=13 len=0
2026-03-07 19:18:31,709 [WARNING] utils.document_generator: Template render result is empty template_id=13
2026-03-07 19:18:31,709 [INFO] main.views: Text render result template_id=13 text_len=0 non_empty=False
2026-03-07 19:18:31,710 [INFO] main.views: DOCX render branch template_id=13 source_file=synthetic_documents/template-from-document-5.docx
2026-03-07 19:18:31,746 [INFO] utils.document_generator: DOCX render start template_id=13 source=D:\PROJECTs\su_science\project\media\synthetic_documents\template-from-document-5.docx output=C:\Users\admin\AppData\Local\Temp\tmpxtc24jf8.docx
2026-03-07 19:18:31,863 [INFO] utils.document_generator: DOCX render finished template_id=13 output=C:\Users\admin\AppData\Local\Temp\tmpxtc24jf8.docx
2026-03-07 19:18:31,885 [INFO] main.views: Generation finished document_id=34 generated_by=13 file_type=docx file_name=documents/report-20260307141831.docx
2026-03-07 19:20:24,527 [INFO] django.server: "GET /generators/13/edit HTTP/1.1" 200 219467
2026-03-07 19:20:24,567 [WARNING] django.request: Not Found: /.well-known/appspecific/com.chrome.devtools.json
2026-03-07 19:20:24,567 [WARNING] django.server: "GET /.well-known/appspecific/com.chrome.devtools.json HTTP/1.1" 404 13055
2026-03-07 19:20:24,633 [INFO] django.server: "GET /static/document/css/style.css HTTP/1.1" 200 2299
2026-03-07 19:20:24,633 [INFO] django.server: "GET /static/main/css/style.css HTTP/1.1" 200 10120
2026-03-07 19:20:24,635 [INFO] django.server: "GET /static/main/scripts/app_feedback.js HTTP/1.1" 200 1259
2026-03-07 19:20:24,635 [INFO] django.server: "GET /static/main/images/icon.png HTTP/1.1" 200 49378
2026-03-07 19:20:24,963 [INFO] document.views: ONLYOFFICE config generator=13 user=74 mode=edit key=gen-13-1772885817-s28420
2026-03-07 19:20:24,963 [INFO] django.server: "GET /onlyoffice/generator/config/13 HTTP/1.1" 200 1589
2026-03-07 19:20:25,329 [INFO] django.server: "GET /static/main/images/favicon.ico HTTP/1.1" 200 15406
2026-03-07 19:20:31,233 [INFO] django.server: "GET / HTTP/1.1" 200 21108
2026-03-07 19:20:31,274 [WARNING] django.request: Not Found: /.well-known/appspecific/com.chrome.devtools.json
2026-03-07 19:20:31,275 [WARNING] django.server: "GET /.well-known/appspecific/com.chrome.devtools.json HTTP/1.1" 404 13055
2026-03-07 19:20:33,921 [INFO] django.server: "GET / HTTP/1.1" 200 21108
2026-03-07 19:20:33,958 [WARNING] django.request: Not Found: /.well-known/appspecific/com.chrome.devtools.json
2026-03-07 19:20:33,958 [WARNING] django.server: "GET /.well-known/appspecific/com.chrome.devtools.json HTTP/1.1" 404 13055
2026-03-07 19:20:34,809 [INFO] django.server: "GET /employees/ HTTP/1.1" 200 59174
2026-03-07 19:20:34,838 [WARNING] django.request: Not Found: /.well-known/appspecific/com.chrome.devtools.json
2026-03-07 19:20:34,838 [WARNING] django.server: "GET /.well-known/appspecific/com.chrome.devtools.json HTTP/1.1" 404 13055
2026-03-07 19:20:36,386 [INFO] django.server: "GET /?staff_user=1&status=published HTTP/1.1" 200 46471
2026-03-07 19:20:36,412 [WARNING] django.request: Not Found: /.well-known/appspecific/com.chrome.devtools.json
2026-03-07 19:20:36,412 [WARNING] django.server: "GET /.well-known/appspecific/com.chrome.devtools.json HTTP/1.1" 404 13055
2026-03-07 19:20:39,462 [INFO] main.views: Generation request accepted user=74 template_id=13 filters_tags=0
2026-03-07 19:20:39,464 [INFO] main.views: Generation start template_id=13 user=74 template_file_type=docx publications_count=10 requested_title=
2026-03-07 19:20:39,464 [INFO] utils.document_generator: Template render start template_id=13 base_len=0
2026-03-07 19:20:39,464 [INFO] utils.document_generator: Template render after synonyms template_id=13 len=0
2026-03-07 19:20:39,464 [WARNING] utils.document_generator: Template render result is empty template_id=13
2026-03-07 19:20:39,464 [INFO] main.views: Text render result template_id=13 text_len=0 non_empty=False
2026-03-07 19:20:39,464 [INFO] main.views: DOCX render branch template_id=13 source_file=synthetic_documents/template-from-document-5.docx
2026-03-07 19:20:39,513 [INFO] utils.document_generator: DOCX render start template_id=13 source=D:\PROJECTs\su_science\project\media\synthetic_documents\template-from-document-5.docx output=C:\Users\admin\AppData\Local\Temp\tmpt4wizczl.docx
2026-03-07 19:20:39,579 [INFO] utils.document_generator: DOCX render finished template_id=13 output=C:\Users\admin\AppData\Local\Temp\tmpt4wizczl.docx
2026-03-07 19:20:39,595 [INFO] main.views: Generation finished document_id=35 generated_by=13 file_type=docx file_name=documents/report-20260307142039.docx
2026-03-07 19:20:39,596 [INFO] django.server: "POST / HTTP/1.1" 302 0
2026-03-07 19:20:39,603 [INFO] document.views: Document file served document=35
2026-03-07 19:20:39,604 [INFO] django.server: "GET /files/35?download=1 HTTP/1.1" 200 24967
2026-03-07 19:21:11,637 [INFO] django.server: "GET /?status=published&y_min=2021 HTTP/1.1" 200 68050
2026-03-07 19:21:11,667 [WARNING] django.request: Not Found: /.well-known/appspecific/com.chrome.devtools.json
2026-03-07 19:21:11,668 [WARNING] django.server: "GET /.well-known/appspecific/com.chrome.devtools.json HTTP/1.1" 404 13055
2026-03-07 19:21:14,778 [INFO] django.server: "GET /employees/ HTTP/1.1" 200 59174
2026-03-07 19:21:14,798 [WARNING] django.request: Not Found: /.well-known/appspecific/com.chrome.devtools.json
2026-03-07 19:21:14,799 [WARNING] django.server: "GET /.well-known/appspecific/com.chrome.devtools.json HTTP/1.1" 404 13055
2026-03-07 19:21:16,458 [INFO] django.server: "GET /?staff_user=57&status=published HTTP/1.1" 200 24782
2026-03-07 19:21:16,484 [WARNING] django.request: Not Found: /.well-known/appspecific/com.chrome.devtools.json
2026-03-07 19:21:16,484 [WARNING] django.server: "GET /.well-known/appspecific/com.chrome.devtools.json HTTP/1.1" 404 13055
2026-03-07 19:21:23,593 [INFO] django.server: "GET /account/ HTTP/1.1" 200 28081
2026-03-07 19:21:23,622 [WARNING] django.request: Not Found: /.well-known/appspecific/com.chrome.devtools.json
2026-03-07 19:21:23,623 [WARNING] django.server: "GET /.well-known/appspecific/com.chrome.devtools.json HTTP/1.1" 404 13055
2026-03-07 19:21:24,993 [INFO] django.server: "GET /employees/ HTTP/1.1" 200 59174
2026-03-07 19:21:25,021 [WARNING] django.request: Not Found: /.well-known/appspecific/com.chrome.devtools.json
2026-03-07 19:21:25,022 [WARNING] django.server: "GET /.well-known/appspecific/com.chrome.devtools.json HTTP/1.1" 404 13055
2026-03-07 19:21:29,879 [INFO] django.server: "GET /documents HTTP/1.1" 200 16519
2026-03-07 19:21:29,913 [WARNING] django.request: Not Found: /.well-known/appspecific/com.chrome.devtools.json
2026-03-07 19:21:29,914 [WARNING] django.server: "GET /.well-known/appspecific/com.chrome.devtools.json HTTP/1.1" 404 13055
2026-03-07 19:21:31,602 [INFO] django.server: "GET /generators/13/edit HTTP/1.1" 200 219467
2026-03-07 19:21:31,630 [WARNING] django.request: Not Found: /.well-known/appspecific/com.chrome.devtools.json
2026-03-07 19:21:31,630 [WARNING] django.server: "GET /.well-known/appspecific/com.chrome.devtools.json HTTP/1.1" 404 13055
2026-03-07 19:21:31,670 [INFO] document.views: ONLYOFFICE config generator=13 user=74 mode=edit key=gen-13-1772885817-s28420
2026-03-07 19:21:31,670 [INFO] django.server: "GET /onlyoffice/generator/config/13 HTTP/1.1" 200 1589
2026-03-07 19:21:32,281 [INFO] document.views: ONLYOFFICE callback generator=13 status=1
2026-03-07 19:21:32,281 [INFO] django.server: "POST /onlyoffice/generator/callback/13 HTTP/1.1" 200 12
2026-03-07 19:21:32,293 [INFO] document.views: Generator file served generator=13
2026-03-07 19:21:32,293 [INFO] django.server: "GET /generator-files/13?access_token=eyJnZW5lcmF0b3JfaWQiOjEzLCJ1c2VyX2lkIjo3NH0%3A1vysX5%3ANbVQcIVo2s6QOEBBPcrt5WEXFm_IcK74NJM-x5-n9xE HTTP/1.1" 200 28420
2026-03-07 19:22:00,255 [INFO] document.views: Synonym updated user=74 synonym_id=72
2026-03-07 19:22:00,256 [INFO] django.server: "PATCH /synonyms/72 HTTP/1.1" 200 137
2026-03-07 19:22:07,848 [INFO] django.server: "GET /generators/13/edit HTTP/1.1" 200 219483
2026-03-07 19:22:07,897 [WARNING] django.request: Not Found: /.well-known/appspecific/com.chrome.devtools.json
2026-03-07 19:22:07,898 [WARNING] django.server: "GET /.well-known/appspecific/com.chrome.devtools.json HTTP/1.1" 404 13055
2026-03-07 19:22:07,898 [INFO] django.server: "GET /static/main/css/style.css HTTP/1.1" 304 0
2026-03-07 19:22:07,900 [INFO] django.server: "GET /static/document/css/style.css HTTP/1.1" 304 0
2026-03-07 19:22:07,900 [INFO] django.server: "GET /static/main/scripts/app_feedback.js HTTP/1.1" 304 0
2026-03-07 19:22:07,929 [INFO] document.views: ONLYOFFICE config generator=13 user=74 mode=edit key=gen-13-1772885817-s28420
2026-03-07 19:22:07,929 [INFO] django.server: "GET /onlyoffice/generator/config/13 HTTP/1.1" 200 1589
2026-03-07 19:22:08,512 [INFO] document.views: ONLYOFFICE callback generator=13 status=1
2026-03-07 19:22:08,513 [INFO] django.server: "POST /onlyoffice/generator/callback/13 HTTP/1.1" 200 12
2026-03-07 19:22:10,103 [INFO] django.server: "GET / HTTP/1.1" 200 21108
2026-03-07 19:22:10,144 [WARNING] django.request: Not Found: /.well-known/appspecific/com.chrome.devtools.json
2026-03-07 19:22:10,146 [WARNING] django.server: "GET /.well-known/appspecific/com.chrome.devtools.json HTTP/1.1" 404 13055
2026-03-07 19:22:11,969 [INFO] django.server: "GET / HTTP/1.1" 200 21108
2026-03-07 19:22:12,006 [WARNING] django.request: Not Found: /.well-known/appspecific/com.chrome.devtools.json
2026-03-07 19:22:12,007 [WARNING] django.server: "GET /.well-known/appspecific/com.chrome.devtools.json HTTP/1.1" 404 13055
2026-03-07 19:22:12,575 [INFO] django.server: "GET /employees/ HTTP/1.1" 200 59174
2026-03-07 19:22:12,604 [WARNING] django.request: Not Found: /.well-known/appspecific/com.chrome.devtools.json
2026-03-07 19:22:12,605 [WARNING] django.server: "GET /.well-known/appspecific/com.chrome.devtools.json HTTP/1.1" 404 13055
2026-03-07 19:22:15,563 [INFO] document.views: ONLYOFFICE callback generator=13 status=2
2026-03-07 19:22:15,591 [INFO] document.views: ONLYOFFICE callback saved generator=13 file=synthetic_documents/template-from-document-5.docx
2026-03-07 19:22:15,592 [INFO] django.server: "POST /onlyoffice/generator/callback/13 HTTP/1.1" 200 12
2026-03-07 19:22:16,133 [INFO] django.server: "GET /employees/load/?page=2 HTTP/1.1" 200 58596
2026-03-07 19:22:21,435 [INFO] django.server: "GET / HTTP/1.1" 200 21108
2026-03-07 19:22:21,466 [WARNING] django.request: Not Found: /.well-known/appspecific/com.chrome.devtools.json
2026-03-07 19:22:21,466 [WARNING] django.server: "GET /.well-known/appspecific/com.chrome.devtools.json HTTP/1.1" 404 13055
2026-03-07 19:22:22,650 [INFO] django.server: "GET /?show=all HTTP/1.1" 200 67957
2026-03-07 19:22:22,687 [WARNING] django.request: Not Found: /.well-known/appspecific/com.chrome.devtools.json
2026-03-07 19:22:22,688 [WARNING] django.server: "GET /.well-known/appspecific/com.chrome.devtools.json HTTP/1.1" 404 13055
2026-03-07 19:22:26,096 [INFO] main.views: Generation request accepted user=74 template_id=13 filters_tags=0
2026-03-07 19:22:26,097 [INFO] main.views: Generation start template_id=13 user=74 template_file_type=docx publications_count=153 requested_title=
2026-03-07 19:22:26,097 [INFO] utils.document_generator: Template render start template_id=13 base_len=0
2026-03-07 19:22:26,097 [INFO] utils.document_generator: Template render after synonyms template_id=13 len=0
2026-03-07 19:22:26,097 [WARNING] utils.document_generator: Template render result is empty template_id=13
2026-03-07 19:22:26,097 [INFO] main.views: Text render result template_id=13 text_len=0 non_empty=False
2026-03-07 19:22:26,097 [INFO] main.views: DOCX render branch template_id=13 source_file=synthetic_documents/template-from-document-5.docx
2026-03-07 19:22:26,098 [INFO] utils.document_generator: DOCX render start template_id=13 source=D:\PROJECTs\su_science\project\media\synthetic_documents\template-from-document-5.docx output=C:\Users\admin\AppData\Local\Temp\tmp6h4ogyf3.docx
2026-03-07 19:22:26,213 [INFO] utils.document_generator: DOCX render finished template_id=13 output=C:\Users\admin\AppData\Local\Temp\tmp6h4ogyf3.docx
2026-03-07 19:22:26,226 [INFO] main.views: Generation finished document_id=36 generated_by=13 file_type=docx file_name=documents/report-20260307142226.docx
2026-03-07 19:22:26,226 [INFO] django.server: "POST / HTTP/1.1" 302 0
2026-03-07 19:22:26,234 [INFO] document.views: Document file served document=36
2026-03-07 19:22:26,235 [INFO] django.server: "GET /files/36?download=1 HTTP/1.1" 200 51231
2026-03-07 19:22:39,269 [INFO] django.server: "GET /publications/99/ HTTP/1.1" 200 11405
2026-03-07 19:22:39,293 [WARNING] django.request: Not Found: /.well-known/appspecific/com.chrome.devtools.json
2026-03-07 19:22:39,293 [WARNING] django.server: "GET /.well-known/appspecific/com.chrome.devtools.json HTTP/1.1" 404 13055
2026-03-07 19:22:53,723 [INFO] django.server: "GET /?show=all HTTP/1.1" 200 67957
2026-03-07 19:22:53,756 [WARNING] django.request: Not Found: /.well-known/appspecific/com.chrome.devtools.json
2026-03-07 19:22:53,756 [WARNING] django.server: "GET /.well-known/appspecific/com.chrome.devtools.json HTTP/1.1" 404 13055
2026-03-07 19:23:22,826 [INFO] django.server: "GET /?show=all HTTP/1.1" 200 67892
2026-03-07 19:23:22,853 [WARNING] django.request: Not Found: /.well-known/appspecific/com.chrome.devtools.json
2026-03-07 19:23:22,853 [WARNING] django.server: "GET /.well-known/appspecific/com.chrome.devtools.json HTTP/1.1" 404 13055
2026-03-07 19:23:22,864 [INFO] django.server: "GET /static/main/css/style.css HTTP/1.1" 200 10120
2026-03-07 19:23:22,865 [INFO] django.server: "GET /static/main/images/icon.png HTTP/1.1" 200 49378
2026-03-07 19:23:22,875 [INFO] django.server: "GET /static/main/scripts/app_feedback.js HTTP/1.1" 200 1259
2026-03-07 19:23:22,875 [INFO] django.server: "GET /static/main/scripts/main_filter.js HTTP/1.1" 200 9162
2026-03-07 19:23:23,142 [INFO] django.server: "GET /static/main/images/favicon.ico HTTP/1.1" 200 15406
2026-03-07 19:23:30,595 [INFO] django.server: "GET /?show=all HTTP/1.1" 200 67880
2026-03-07 19:23:30,625 [WARNING] django.request: Not Found: /.well-known/appspecific/com.chrome.devtools.json
2026-03-07 19:23:30,626 [WARNING] django.server: "GET /.well-known/appspecific/com.chrome.devtools.json HTTP/1.1" 404 13055
2026-03-07 19:23:30,635 [INFO] django.server: "GET /static/main/css/style.css HTTP/1.1" 200 10120
2026-03-07 19:23:30,635 [INFO] django.server: "GET /static/main/images/icon.png HTTP/1.1" 200 49378
2026-03-07 19:23:30,647 [INFO] django.server: "GET /static/main/scripts/app_feedback.js HTTP/1.1" 200 1259
2026-03-07 19:23:30,648 [INFO] django.server: "GET /static/main/scripts/main_filter.js HTTP/1.1" 200 9162
2026-03-07 19:23:30,829 [INFO] django.server: "GET /static/main/images/favicon.ico HTTP/1.1" 200 15406
2026-03-07 19:23:38,022 [INFO] django.server: "GET /?show=all HTTP/1.1" 200 67889
2026-03-07 19:23:38,050 [WARNING] django.request: Not Found: /.well-known/appspecific/com.chrome.devtools.json
2026-03-07 19:23:38,050 [WARNING] django.server: "GET /.well-known/appspecific/com.chrome.devtools.json HTTP/1.1" 404 13055
2026-03-07 19:23:38,059 [INFO] django.server: "GET /static/main/css/style.css HTTP/1.1" 200 10120
2026-03-07 19:23:38,059 [INFO] django.server: "GET /static/main/images/icon.png HTTP/1.1" 200 49378
2026-03-07 19:23:38,076 [INFO] django.server: "GET /static/main/scripts/app_feedback.js HTTP/1.1" 200 1259
2026-03-07 19:23:38,076 [INFO] django.server: "GET /static/main/scripts/main_filter.js HTTP/1.1" 200 9162
2026-03-07 19:23:38,236 [INFO] django.server: "GET /static/main/images/favicon.ico HTTP/1.1" 200 15406
2026-03-07 19:23:43,403 [INFO] django.server: "GET /?show=all HTTP/1.1" 200 67889
2026-03-07 19:23:43,431 [WARNING] django.request: Not Found: /.well-known/appspecific/com.chrome.devtools.json
2026-03-07 19:23:43,431 [WARNING] django.server: "GET /.well-known/appspecific/com.chrome.devtools.json HTTP/1.1" 404 13055
2026-03-07 19:23:43,442 [INFO] django.server: "GET /static/main/css/style.css HTTP/1.1" 200 10120
2026-03-07 19:23:43,442 [INFO] django.server: "GET /static/main/images/icon.png HTTP/1.1" 200 49378
2026-03-07 19:23:43,458 [INFO] django.server: "GET /static/main/scripts/app_feedback.js HTTP/1.1" 200 1259
2026-03-07 19:23:43,458 [INFO] django.server: "GET /static/main/scripts/main_filter.js HTTP/1.1" 200 9162
2026-03-07 19:23:43,625 [INFO] django.server: "GET /static/main/images/favicon.ico HTTP/1.1" 200 15406
2026-03-07 19:23:58,234 [INFO] django.server: "GET /?show=all HTTP/1.1" 200 67891
2026-03-07 19:23:58,262 [WARNING] django.request: Not Found: /.well-known/appspecific/com.chrome.devtools.json
2026-03-07 19:23:58,263 [WARNING] django.server: "GET /.well-known/appspecific/com.chrome.devtools.json HTTP/1.1" 404 13055
2026-03-07 19:23:58,276 [INFO] django.server: "GET /static/main/css/style.css HTTP/1.1" 200 10120
2026-03-07 19:23:58,276 [INFO] django.server: "GET /static/main/images/icon.png HTTP/1.1" 200 49378
2026-03-07 19:23:58,287 [INFO] django.server: "GET /static/main/scripts/app_feedback.js HTTP/1.1" 200 1259
2026-03-07 19:23:58,287 [INFO] django.server: "GET /static/main/scripts/main_filter.js HTTP/1.1" 200 9162
2026-03-07 19:23:58,460 [INFO] django.server: "GET /static/main/images/favicon.ico HTTP/1.1" 200 15406
2026-03-07 19:24:09,549 [INFO] django.server: "GET /?show=all HTTP/1.1" 200 67913
2026-03-07 19:24:09,578 [WARNING] django.request: Not Found: /.well-known/appspecific/com.chrome.devtools.json
2026-03-07 19:24:09,579 [WARNING] django.server: "GET /.well-known/appspecific/com.chrome.devtools.json HTTP/1.1" 404 13055
2026-03-07 19:24:09,589 [INFO] django.server: "GET /static/main/css/style.css HTTP/1.1" 200 10120
2026-03-07 19:24:09,589 [INFO] django.server: "GET /static/main/images/icon.png HTTP/1.1" 200 49378
2026-03-07 19:24:09,602 [INFO] django.server: "GET /static/main/scripts/app_feedback.js HTTP/1.1" 200 1259
2026-03-07 19:24:09,602 [INFO] django.server: "GET /static/main/scripts/main_filter.js HTTP/1.1" 200 9162
2026-03-07 19:24:09,770 [INFO] django.server: "GET /static/main/images/favicon.ico HTTP/1.1" 200 15406
2026-03-07 19:24:15,546 [INFO] django.server: "GET /?show=all HTTP/1.1" 200 67913
2026-03-07 19:24:15,575 [WARNING] django.request: Not Found: /.well-known/appspecific/com.chrome.devtools.json
2026-03-07 19:24:15,576 [WARNING] django.server: "GET /.well-known/appspecific/com.chrome.devtools.json HTTP/1.1" 404 13055
2026-03-07 19:24:15,586 [INFO] django.server: "GET /static/main/css/style.css HTTP/1.1" 200 10120
2026-03-07 19:24:15,586 [INFO] django.server: "GET /static/main/images/icon.png HTTP/1.1" 200 49378
2026-03-07 19:24:15,601 [INFO] django.server: "GET /static/main/scripts/app_feedback.js HTTP/1.1" 200 1259
2026-03-07 19:24:15,602 [INFO] django.server: "GET /static/main/scripts/main_filter.js HTTP/1.1" 200 9162
2026-03-07 19:24:15,925 [INFO] django.server: "GET /static/main/images/favicon.ico HTTP/1.1" 200 15406
2026-03-07 19:24:20,463 [INFO] django.server: "GET /?show=all HTTP/1.1" 200 67902
2026-03-07 19:24:20,512 [WARNING] django.request: Not Found: /.well-known/appspecific/com.chrome.devtools.json
2026-03-07 19:24:20,512 [INFO] django.server: "GET /static/main/css/style.css HTTP/1.1" 200 10120
2026-03-07 19:24:20,513 [WARNING] django.server: "GET /.well-known/appspecific/com.chrome.devtools.json HTTP/1.1" 404 13055
2026-03-07 19:24:20,514 [INFO] django.server: "GET /static/main/images/icon.png HTTP/1.1" 200 49378
2026-03-07 19:24:20,521 [INFO] django.server: "GET /static/main/scripts/app_feedback.js HTTP/1.1" 200 1259
2026-03-07 19:24:20,521 [INFO] django.server: "GET /static/main/scripts/main_filter.js HTTP/1.1" 200 9162
2026-03-07 19:24:20,751 [INFO] django.server: "GET /static/main/images/favicon.ico HTTP/1.1" 200 15406
2026-03-07 19:24:23,754 [INFO] django.server: "GET /?show=all HTTP/1.1" 200 67913
2026-03-07 19:24:23,782 [WARNING] django.request: Not Found: /.well-known/appspecific/com.chrome.devtools.json
2026-03-07 19:24:23,783 [WARNING] django.server: "GET /.well-known/appspecific/com.chrome.devtools.json HTTP/1.1" 404 13055
2026-03-07 19:24:23,792 [INFO] django.server: "GET /static/main/css/style.css HTTP/1.1" 200 10120
2026-03-07 19:24:23,792 [INFO] django.server: "GET /static/main/images/icon.png HTTP/1.1" 200 49378
2026-03-07 19:24:23,810 [INFO] django.server: "GET /static/main/scripts/app_feedback.js HTTP/1.1" 200 1259
2026-03-07 19:24:23,810 [INFO] django.server: "GET /static/main/scripts/main_filter.js HTTP/1.1" 200 9162
2026-03-07 19:24:24,016 [INFO] django.server: "GET /static/main/images/favicon.ico HTTP/1.1" 200 15406
2026-03-07 19:24:33,410 [INFO] django.server: "GET /?show=all HTTP/1.1" 200 67821
2026-03-07 19:24:33,440 [WARNING] django.request: Not Found: /.well-known/appspecific/com.chrome.devtools.json
2026-03-07 19:24:33,441 [WARNING] django.server: "GET /.well-known/appspecific/com.chrome.devtools.json HTTP/1.1" 404 13055
2026-03-07 19:24:33,452 [INFO] django.server: "GET /static/main/css/style.css HTTP/1.1" 200 10120
2026-03-07 19:24:33,453 [INFO] django.server: "GET /static/main/images/icon.png HTTP/1.1" 200 49378
2026-03-07 19:24:33,467 [INFO] django.server: "GET /static/main/scripts/app_feedback.js HTTP/1.1" 200 1259
2026-03-07 19:24:33,467 [INFO] django.server: "GET /static/main/scripts/main_filter.js HTTP/1.1" 200 9162
2026-03-07 19:24:33,665 [INFO] django.server: "GET /static/main/images/favicon.ico HTTP/1.1" 200 15406
2026-03-07 19:24:38,046 [INFO] django.server: "GET /?show=all HTTP/1.1" 200 67917
2026-03-07 19:24:38,076 [WARNING] django.request: Not Found: /.well-known/appspecific/com.chrome.devtools.json
2026-03-07 19:24:38,077 [WARNING] django.server: "GET /.well-known/appspecific/com.chrome.devtools.json HTTP/1.1" 404 13055
2026-03-07 19:24:38,087 [INFO] django.server: "GET /static/main/css/style.css HTTP/1.1" 200 10120
2026-03-07 19:24:38,087 [INFO] django.server: "GET /static/main/images/icon.png HTTP/1.1" 200 49378
2026-03-07 19:24:38,104 [INFO] django.server: "GET /static/main/scripts/main_filter.js HTTP/1.1" 200 9162
2026-03-07 19:24:38,104 [INFO] django.server: "GET /static/main/scripts/app_feedback.js HTTP/1.1" 200 1259
2026-03-07 19:24:38,316 [INFO] django.server: "GET /static/main/images/favicon.ico HTTP/1.1" 200 15406
2026-03-07 19:24:41,688 [INFO] django.server: "GET /?show=all HTTP/1.1" 200 67821
2026-03-07 19:24:41,718 [WARNING] django.request: Not Found: /.well-known/appspecific/com.chrome.devtools.json
2026-03-07 19:24:41,718 [WARNING] django.server: "GET /.well-known/appspecific/com.chrome.devtools.json HTTP/1.1" 404 13055
2026-03-07 19:24:41,727 [INFO] django.server: "GET /static/main/css/style.css HTTP/1.1" 200 10120
2026-03-07 19:24:41,727 [INFO] django.server: "GET /static/main/images/icon.png HTTP/1.1" 200 49378
2026-03-07 19:24:41,746 [INFO] django.server: "GET /static/main/scripts/app_feedback.js HTTP/1.1" 200 1259
2026-03-07 19:24:41,746 [INFO] django.server: "GET /static/main/scripts/main_filter.js HTTP/1.1" 200 9162
2026-03-07 19:24:41,926 [INFO] django.server: "GET /static/main/images/favicon.ico HTTP/1.1" 200 15406
2026-03-07 19:24:53,616 [INFO] django.server: "GET /?show=all HTTP/1.1" 200 67828
2026-03-07 19:24:53,646 [WARNING] django.request: Not Found: /.well-known/appspecific/com.chrome.devtools.json
2026-03-07 19:24:53,646 [WARNING] django.server: "GET /.well-known/appspecific/com.chrome.devtools.json HTTP/1.1" 404 13055
2026-03-07 19:24:53,655 [INFO] django.server: "GET /static/main/css/style.css HTTP/1.1" 200 10120
2026-03-07 19:24:53,656 [INFO] django.server: "GET /static/main/images/icon.png HTTP/1.1" 200 49378
2026-03-07 19:24:53,675 [INFO] django.server: "GET /static/main/scripts/app_feedback.js HTTP/1.1" 200 1259
2026-03-07 19:24:53,676 [INFO] django.server: "GET /static/main/scripts/main_filter.js HTTP/1.1" 200 9162
2026-03-07 19:24:53,873 [INFO] django.server: "GET /static/main/images/favicon.ico HTTP/1.1" 200 15406
2026-03-07 19:25:04,636 [INFO] django.server: "GET /?show=all HTTP/1.1" 200 67828
2026-03-07 19:25:04,666 [WARNING] django.request: Not Found: /.well-known/appspecific/com.chrome.devtools.json
2026-03-07 19:25:04,666 [WARNING] django.server: "GET /.well-known/appspecific/com.chrome.devtools.json HTTP/1.1" 404 13055
2026-03-07 19:25:04,677 [INFO] django.server: "GET /static/main/css/style.css HTTP/1.1" 200 10120
2026-03-07 19:25:04,678 [INFO] django.server: "GET /static/main/images/icon.png HTTP/1.1" 200 49378
2026-03-07 19:25:04,694 [INFO] django.server: "GET /static/main/scripts/app_feedback.js HTTP/1.1" 200 1259
2026-03-07 19:25:04,694 [INFO] django.server: "GET /static/main/scripts/main_filter.js HTTP/1.1" 200 9162
2026-03-07 19:25:04,904 [INFO] django.server: "GET /static/main/images/favicon.ico HTTP/1.1" 200 15406
2026-03-07 19:25:18,536 [INFO] django.server: "GET /?show=all HTTP/1.1" 200 67850
2026-03-07 19:25:18,565 [WARNING] django.request: Not Found: /.well-known/appspecific/com.chrome.devtools.json
2026-03-07 19:25:18,566 [WARNING] django.server: "GET /.well-known/appspecific/com.chrome.devtools.json HTTP/1.1" 404 13055
2026-03-07 19:25:18,574 [INFO] django.server: "GET /static/main/css/style.css HTTP/1.1" 200 10120
2026-03-07 19:25:18,574 [INFO] django.server: "GET /static/main/images/icon.png HTTP/1.1" 200 49378
2026-03-07 19:25:18,601 [INFO] django.server: "GET /static/main/scripts/app_feedback.js HTTP/1.1" 200 1259
2026-03-07 19:25:18,601 [INFO] django.server: "GET /static/main/scripts/main_filter.js HTTP/1.1" 200 9162
2026-03-07 19:25:18,784 [INFO] django.server: "GET /static/main/images/favicon.ico HTTP/1.1" 200 15406
2026-03-07 19:25:36,024 [INFO] django.server: "GET /?show=all HTTP/1.1" 200 67855
2026-03-07 19:25:36,054 [WARNING] django.request: Not Found: /.well-known/appspecific/com.chrome.devtools.json
2026-03-07 19:25:36,054 [WARNING] django.server: "GET /.well-known/appspecific/com.chrome.devtools.json HTTP/1.1" 404 13055
2026-03-07 19:25:36,063 [INFO] django.server: "GET /static/main/css/style.css HTTP/1.1" 200 10120
2026-03-07 19:25:36,064 [INFO] django.server: "GET /static/main/images/icon.png HTTP/1.1" 200 49378
2026-03-07 19:25:36,082 [INFO] django.server: "GET /static/main/scripts/app_feedback.js HTTP/1.1" 200 1259
2026-03-07 19:25:36,082 [INFO] django.server: "GET /static/main/scripts/main_filter.js HTTP/1.1" 200 9162
2026-03-07 19:25:36,275 [INFO] django.server: "GET /static/main/images/favicon.ico HTTP/1.1" 200 15406
2026-03-07 19:25:44,776 [INFO] django.server: "GET /?show=all HTTP/1.1" 200 67858
2026-03-07 19:25:44,805 [WARNING] django.request: Not Found: /.well-known/appspecific/com.chrome.devtools.json
2026-03-07 19:25:44,805 [WARNING] django.server: "GET /.well-known/appspecific/com.chrome.devtools.json HTTP/1.1" 404 13055
2026-03-07 19:25:44,816 [INFO] django.server: "GET /static/main/css/style.css HTTP/1.1" 200 10120
2026-03-07 19:25:44,816 [INFO] django.server: "GET /static/main/images/icon.png HTTP/1.1" 200 49378
2026-03-07 19:25:44,835 [INFO] django.server: "GET /static/main/scripts/app_feedback.js HTTP/1.1" 200 1259
2026-03-07 19:25:44,836 [INFO] django.server: "GET /static/main/scripts/main_filter.js HTTP/1.1" 200 9162
2026-03-07 19:25:45,026 [INFO] django.server: "GET /static/main/images/favicon.ico HTTP/1.1" 200 15406
2026-03-07 19:26:14,972 [INFO] django.server: "GET /?show=all HTTP/1.1" 200 69699
2026-03-07 19:26:15,019 [WARNING] django.request: Not Found: /.well-known/appspecific/com.chrome.devtools.json
2026-03-07 19:26:15,020 [WARNING] django.server: "GET /.well-known/appspecific/com.chrome.devtools.json HTTP/1.1" 404 13055
2026-03-07 19:26:15,030 [INFO] django.server: "GET /static/main/css/style.css HTTP/1.1" 200 10120
2026-03-07 19:26:15,031 [INFO] django.server: "GET /static/main/images/icon.png HTTP/1.1" 200 49378
2026-03-07 19:26:15,048 [INFO] django.server: "GET /static/main/scripts/app_feedback.js HTTP/1.1" 200 1259
2026-03-07 19:26:15,048 [INFO] django.server: "GET /static/main/scripts/main_filter.js HTTP/1.1" 200 9162
2026-03-07 19:26:15,510 [INFO] django.server: "GET /static/main/images/favicon.ico HTTP/1.1" 200 15406
2026-03-07 19:26:29,997 [INFO] django.server: "GET /?show=all HTTP/1.1" 200 69675
2026-03-07 19:26:30,028 [WARNING] django.request: Not Found: /.well-known/appspecific/com.chrome.devtools.json
2026-03-07 19:26:30,028 [WARNING] django.server: "GET /.well-known/appspecific/com.chrome.devtools.json HTTP/1.1" 404 13055
2026-03-07 19:26:30,039 [INFO] django.server: "GET /static/main/css/style.css HTTP/1.1" 200 10120
2026-03-07 19:26:30,039 [INFO] django.server: "GET /static/main/images/icon.png HTTP/1.1" 200 49378
2026-03-07 19:26:30,068 [INFO] django.server: "GET /static/main/scripts/app_feedback.js HTTP/1.1" 200 1259
2026-03-07 19:26:30,068 [INFO] django.server: "GET /static/main/scripts/main_filter.js HTTP/1.1" 200 9162
2026-03-07 19:26:30,338 [INFO] django.server: "GET /static/main/images/favicon.ico HTTP/1.1" 200 15406
2026-03-07 19:26:43,511 [INFO] main.views: Generation request accepted user=74 template_id=13 filters_tags=0
2026-03-07 19:26:43,512 [INFO] main.views: Generation start template_id=13 user=74 template_file_type=docx publications_count=153 requested_title=
2026-03-07 19:26:43,512 [INFO] utils.document_generator: Template render start template_id=13 base_len=0
2026-03-07 19:26:43,512 [INFO] utils.document_generator: Template render after synonyms template_id=13 len=0
2026-03-07 19:26:43,512 [WARNING] utils.document_generator: Template render result is empty template_id=13
2026-03-07 19:26:43,512 [INFO] main.views: Text render result template_id=13 text_len=0 non_empty=False
2026-03-07 19:26:43,513 [INFO] main.views: DOCX render branch template_id=13 source_file=synthetic_documents/template-from-document-5.docx
2026-03-07 19:26:43,513 [INFO] utils.document_generator: DOCX render start template_id=13 source=D:\PROJECTs\su_science\project\media\synthetic_documents\template-from-document-5.docx output=C:\Users\admin\AppData\Local\Temp\tmp4yy9qc3u.docx
2026-03-07 19:26:43,629 [INFO] utils.document_generator: DOCX render finished template_id=13 output=C:\Users\admin\AppData\Local\Temp\tmp4yy9qc3u.docx
2026-03-07 19:26:43,654 [INFO] main.views: Generation finished document_id=37 generated_by=13 file_type=docx file_name=documents/report-20260307142643.docx
2026-03-07 19:26:43,654 [INFO] django.server: "POST / HTTP/1.1" 302 0
2026-03-07 19:26:43,659 [INFO] document.views: Document file served document=37
2026-03-07 19:26:43,660 [INFO] django.server: "GET /files/37?download=1 HTTP/1.1" 200 51231
2026-03-07 19:27:10,090 [INFO] django.server: "GET /?show=all HTTP/1.1" 200 69675
2026-03-07 19:27:10,125 [WARNING] django.request: Not Found: /.well-known/appspecific/com.chrome.devtools.json
2026-03-07 19:27:10,126 [WARNING] django.server: "GET /.well-known/appspecific/com.chrome.devtools.json HTTP/1.1" 404 13055
2026-03-07 19:29:07,398 [INFO] django.utils.autoreload: D:\PROJECTs\su_science\project\main\models.py changed, reloading.
2026-03-07 19:29:07,893 [INFO] django.utils.autoreload: Watching for file changes with StatReloader
2026-03-07 19:29:24,638 [INFO] django.server: "GET /documents HTTP/1.1" 200 16482
2026-03-07 19:29:24,679 [WARNING] django.request: Not Found: /.well-known/appspecific/com.chrome.devtools.json
2026-03-07 19:29:24,679 [WARNING] django.server: "GET /.well-known/appspecific/com.chrome.devtools.json HTTP/1.1" 404 13055
2026-03-07 19:29:24,689 [INFO] django.server: "GET /static/main/css/style.css HTTP/1.1" 304 0
2026-03-07 19:29:24,690 [INFO] django.server: "GET /static/document/css/style.css HTTP/1.1" 304 0
2026-03-07 19:29:24,703 [INFO] django.server: "GET /static/main/scripts/app_feedback.js HTTP/1.1" 304 0
2026-03-07 19:29:26,342 [INFO] django.server: "GET /generators/13/edit HTTP/1.1" 200 219483
2026-03-07 19:29:26,363 [WARNING] django.request: Not Found: /.well-known/appspecific/com.chrome.devtools.json
2026-03-07 19:29:26,364 [WARNING] django.server: "GET /.well-known/appspecific/com.chrome.devtools.json HTTP/1.1" 404 13055
2026-03-07 19:29:26,401 [INFO] document.views: ONLYOFFICE config generator=13 user=74 mode=edit key=gen-13-1772885817-s28418
2026-03-07 19:29:26,402 [INFO] django.server: "GET /onlyoffice/generator/config/13 HTTP/1.1" 200 1589
2026-03-07 19:29:26,884 [INFO] document.views: ONLYOFFICE callback generator=13 status=1
2026-03-07 19:29:26,884 [INFO] django.server: "POST /onlyoffice/generator/callback/13 HTTP/1.1" 200 12
2026-03-07 19:29:26,923 [INFO] document.views: Generator file served generator=13
2026-03-07 19:29:26,923 [INFO] django.server: "GET /generator-files/13?access_token=eyJnZW5lcmF0b3JfaWQiOjEzLCJ1c2VyX2lkIjo3NH0%3A1vysek%3AoTYQR9da9Lxk8raBjfMhpzgQ0qui5pXCLJI-_xNZsxE HTTP/1.1" 200 28418
2026-03-07 19:30:19,371 [INFO] document.views: Synonym created user=74 synonym_id=73
2026-03-07 19:30:19,372 [INFO] django.server: "POST /synonyms/create HTTP/1.1" 201 146
2026-03-07 19:30:23,409 [INFO] document.views: ONLYOFFICE callback generator=13 status=6
2026-03-07 19:30:23,436 [INFO] document.views: ONLYOFFICE callback saved generator=13 file=synthetic_documents/template-from-document-5.docx
2026-03-07 19:30:23,436 [INFO] django.server: "POST /onlyoffice/generator/callback/13 HTTP/1.1" 200 12
2026-03-07 19:30:24,208 [INFO] django.server: "GET / HTTP/1.1" 200 21108
2026-03-07 19:30:24,255 [WARNING] django.request: Not Found: /.well-known/appspecific/com.chrome.devtools.json
2026-03-07 19:30:24,256 [WARNING] django.server: "GET /.well-known/appspecific/com.chrome.devtools.json HTTP/1.1" 404 13055
2026-03-07 19:30:26,287 [INFO] django.server: "GET /?show=all HTTP/1.1" 200 69675
2026-03-07 19:30:26,315 [WARNING] django.request: Not Found: /.well-known/appspecific/com.chrome.devtools.json
2026-03-07 19:30:26,315 [WARNING] django.server: "GET /.well-known/appspecific/com.chrome.devtools.json HTTP/1.1" 404 13055
2026-03-07 19:30:28,235 [INFO] main.views: Generation request accepted user=74 template_id=13 filters_tags=0
2026-03-07 19:30:28,235 [INFO] main.views: Generation start template_id=13 user=74 template_file_type=docx publications_count=153 requested_title=
2026-03-07 19:30:28,235 [INFO] utils.document_generator: Template render start template_id=13 base_len=0
2026-03-07 19:30:28,236 [INFO] utils.document_generator: Template render after synonyms template_id=13 len=0
2026-03-07 19:30:28,236 [WARNING] utils.document_generator: Template render result is empty template_id=13
2026-03-07 19:30:28,236 [INFO] main.views: Text render result template_id=13 text_len=0 non_empty=False
2026-03-07 19:30:28,236 [INFO] main.views: DOCX render branch template_id=13 source_file=synthetic_documents/template-from-document-5.docx
2026-03-07 19:30:28,284 [INFO] utils.document_generator: DOCX render start template_id=13 source=D:\PROJECTs\su_science\project\media\synthetic_documents\template-from-document-5.docx output=C:\Users\admin\AppData\Local\Temp\tmpetaxwhkz.docx
2026-03-07 19:30:28,566 [INFO] utils.document_generator: DOCX render finished template_id=13 output=C:\Users\admin\AppData\Local\Temp\tmpetaxwhkz.docx
2026-03-07 19:30:28,590 [INFO] main.views: Generation finished document_id=38 generated_by=13 file_type=docx file_name=documents/report-20260307143028.docx
2026-03-07 19:30:28,591 [INFO] django.server: "POST / HTTP/1.1" 302 0
2026-03-07 19:30:28,599 [INFO] document.views: Document file served document=38
2026-03-07 19:30:28,601 [INFO] django.server: "GET /files/38?download=1 HTTP/1.1" 200 63575
2026-03-07 19:30:29,655 [INFO] document.views: ONLYOFFICE callback generator=13 status=2
2026-03-07 19:30:29,689 [INFO] document.views: ONLYOFFICE callback saved generator=13 file=synthetic_documents/template-from-document-5.docx
2026-03-07 19:30:29,690 [INFO] django.server: "POST /onlyoffice/generator/callback/13 HTTP/1.1" 200 12
2026-03-07 19:30:43,488 [INFO] django.server: "GET /?status=published&y_min=2021 HTTP/1.1" 200 69768
2026-03-07 19:30:43,523 [WARNING] django.request: Not Found: /.well-known/appspecific/com.chrome.devtools.json
2026-03-07 19:30:43,524 [WARNING] django.server: "GET /.well-known/appspecific/com.chrome.devtools.json HTTP/1.1" 404 13055
2026-03-07 19:30:45,687 [INFO] django.server: "GET / HTTP/1.1" 200 21108
2026-03-07 19:30:45,712 [WARNING] django.request: Not Found: /.well-known/appspecific/com.chrome.devtools.json
2026-03-07 19:30:45,713 [WARNING] django.server: "GET /.well-known/appspecific/com.chrome.devtools.json HTTP/1.1" 404 13055
2026-03-07 19:30:46,057 [INFO] django.server: "GET /employees/ HTTP/1.1" 200 59174
2026-03-07 19:30:46,086 [WARNING] django.request: Not Found: /.well-known/appspecific/com.chrome.devtools.json
2026-03-07 19:30:46,087 [WARNING] django.server: "GET /.well-known/appspecific/com.chrome.devtools.json HTTP/1.1" 404 13055
2026-03-07 19:30:48,172 [INFO] django.server: "GET /?staff_user=39&status=published HTTP/1.1" 200 49848
2026-03-07 19:30:48,200 [WARNING] django.request: Not Found: /.well-known/appspecific/com.chrome.devtools.json
2026-03-07 19:30:48,201 [WARNING] django.server: "GET /.well-known/appspecific/com.chrome.devtools.json HTTP/1.1" 404 13055
2026-03-07 19:30:54,391 [INFO] main.views: Generation request accepted user=74 template_id=13 filters_tags=0
2026-03-07 19:30:54,392 [INFO] main.views: Generation start template_id=13 user=74 template_file_type=docx publications_count=11 requested_title=
2026-03-07 19:30:54,392 [INFO] utils.document_generator: Template render start template_id=13 base_len=0
2026-03-07 19:30:54,392 [INFO] utils.document_generator: Template render after synonyms template_id=13 len=0
2026-03-07 19:30:54,393 [WARNING] utils.document_generator: Template render result is empty template_id=13
2026-03-07 19:30:54,393 [INFO] main.views: Text render result template_id=13 text_len=0 non_empty=False
2026-03-07 19:30:54,393 [INFO] main.views: DOCX render branch template_id=13 source_file=synthetic_documents/template-from-document-5.docx
2026-03-07 19:30:54,393 [INFO] utils.document_generator: DOCX render start template_id=13 source=D:\PROJECTs\su_science\project\media\synthetic_documents\template-from-document-5.docx output=C:\Users\admin\AppData\Local\Temp\tmpka4y3zcc.docx
2026-03-07 19:30:54,452 [INFO] utils.document_generator: DOCX render finished template_id=13 output=C:\Users\admin\AppData\Local\Temp\tmpka4y3zcc.docx
2026-03-07 19:30:54,469 [INFO] main.views: Generation finished document_id=39 generated_by=13 file_type=docx file_name=documents/report-20260307143054.docx
2026-03-07 19:30:54,470 [INFO] django.server: "POST / HTTP/1.1" 302 0
2026-03-07 19:30:54,477 [INFO] document.views: Document file served document=39
2026-03-07 19:30:54,477 [INFO] django.server: "GET /files/39?download=1 HTTP/1.1" 200 25743
2026-03-07 19:31:19,338 [INFO] django.server: "GET /publications/81/ HTTP/1.1" 200 11350
2026-03-07 19:31:19,369 [WARNING] django.request: Not Found: /.well-known/appspecific/com.chrome.devtools.json
2026-03-07 19:31:19,370 [WARNING] django.server: "GET /.well-known/appspecific/com.chrome.devtools.json HTTP/1.1" 404 13055
2026-03-07 19:31:21,308 [WARNING] django.request: Not Found: /.well-known/appspecific/com.chrome.devtools.json
2026-03-07 19:31:21,308 [WARNING] django.server: "GET /.well-known/appspecific/com.chrome.devtools.json HTTP/1.1" 404 13055
2026-03-07 19:31:21,319 [WARNING] django.request: Not Found: /.well-known/appspecific/com.chrome.devtools.json
2026-03-07 19:31:21,319 [WARNING] django.server: "GET /.well-known/appspecific/com.chrome.devtools.json HTTP/1.1" 404 13055
2026-03-07 19:31:24,088 [INFO] django.server: "GET /documents HTTP/1.1" 200 16482
2026-03-07 19:31:24,117 [WARNING] django.request: Not Found: /.well-known/appspecific/com.chrome.devtools.json
2026-03-07 19:31:24,117 [WARNING] django.server: "GET /.well-known/appspecific/com.chrome.devtools.json HTTP/1.1" 404 13055
2026-03-07 19:31:45,094 [INFO] django.server: "GET /documents HTTP/1.1" 200 16493
2026-03-07 19:31:45,121 [WARNING] django.request: Not Found: /.well-known/appspecific/com.chrome.devtools.json
2026-03-07 19:31:45,121 [WARNING] django.server: "GET /.well-known/appspecific/com.chrome.devtools.json HTTP/1.1" 404 13055
2026-03-07 19:31:45,128 [INFO] django.server: "GET /static/main/css/style.css HTTP/1.1" 200 10120
2026-03-07 19:31:45,135 [INFO] django.server: "GET /static/document/css/style.css HTTP/1.1" 200 2299
2026-03-07 19:31:45,136 [INFO] django.server: "GET /static/main/images/icon.png HTTP/1.1" 200 49378
2026-03-07 19:31:45,142 [INFO] django.server: "GET /static/main/scripts/app_feedback.js HTTP/1.1" 200 1259
2026-03-07 19:31:45,355 [INFO] django.server: "GET /static/main/images/favicon.ico HTTP/1.1" 200 15406
2026-03-07 19:31:56,942 [INFO] django.server: "GET /documents HTTP/1.1" 200 16499
2026-03-07 19:31:56,972 [WARNING] django.request: Not Found: /.well-known/appspecific/com.chrome.devtools.json
2026-03-07 19:31:56,972 [WARNING] django.server: "GET /.well-known/appspecific/com.chrome.devtools.json HTTP/1.1" 404 13055
2026-03-07 19:31:56,987 [INFO] django.server: "GET /static/document/css/style.css HTTP/1.1" 200 2299
2026-03-07 19:31:56,987 [INFO] django.server: "GET /static/main/css/style.css HTTP/1.1" 200 10120
2026-03-07 19:31:56,988 [INFO] django.server: "GET /static/main/images/icon.png HTTP/1.1" 200 49378
2026-03-07 19:31:56,992 [INFO] django.server: "GET /static/main/scripts/app_feedback.js HTTP/1.1" 200 1259
2026-03-07 19:31:57,200 [INFO] django.server: "GET /static/main/images/favicon.ico HTTP/1.1" 200 15406
2026-03-07 19:32:17,712 [INFO] django.server: "GET /documents HTTP/1.1" 200 16545
2026-03-07 19:32:17,741 [WARNING] django.request: Not Found: /.well-known/appspecific/com.chrome.devtools.json
2026-03-07 19:32:17,741 [WARNING] django.server: "GET /.well-known/appspecific/com.chrome.devtools.json HTTP/1.1" 404 13055
2026-03-07 19:32:17,751 [INFO] django.server: "GET /static/main/css/style.css HTTP/1.1" 200 10120
2026-03-07 19:32:17,751 [INFO] django.server: "GET /static/document/css/style.css HTTP/1.1" 200 2299
2026-03-07 19:32:17,752 [INFO] django.server: "GET /static/main/images/icon.png HTTP/1.1" 200 49378
2026-03-07 19:32:17,763 [INFO] django.server: "GET /static/main/scripts/app_feedback.js HTTP/1.1" 200 1259
2026-03-07 19:32:17,950 [INFO] django.server: "GET /static/main/images/favicon.ico HTTP/1.1" 200 15406
2026-03-07 19:32:35,278 [INFO] django.server: "GET /documents HTTP/1.1" 200 16545
2026-03-07 19:32:35,309 [WARNING] django.request: Not Found: /.well-known/appspecific/com.chrome.devtools.json
2026-03-07 19:32:35,309 [WARNING] django.server: "GET /.well-known/appspecific/com.chrome.devtools.json HTTP/1.1" 404 13055
2026-03-07 19:32:35,318 [INFO] django.server: "GET /static/main/css/style.css HTTP/1.1" 200 10120
2026-03-07 19:32:35,318 [INFO] django.server: "GET /static/document/css/style.css HTTP/1.1" 200 2299
2026-03-07 19:32:35,319 [INFO] django.server: "GET /static/main/images/icon.png HTTP/1.1" 200 49378
2026-03-07 19:32:35,332 [INFO] django.server: "GET /static/main/scripts/app_feedback.js HTTP/1.1" 200 1259
2026-03-07 19:32:35,534 [INFO] django.server: "GET /static/main/images/favicon.ico HTTP/1.1" 200 15406
2026-03-07 19:32:36,003 [INFO] django.server: "GET / HTTP/1.1" 200 21108
2026-03-07 19:32:36,031 [WARNING] django.request: Not Found: /.well-known/appspecific/com.chrome.devtools.json
2026-03-07 19:32:36,032 [WARNING] django.server: "GET /.well-known/appspecific/com.chrome.devtools.json HTTP/1.1" 404 13055
2026-03-07 19:32:39,027 [INFO] django.server: "GET /?show=all HTTP/1.1" 200 69675
2026-03-07 19:32:39,057 [WARNING] django.request: Not Found: /.well-known/appspecific/com.chrome.devtools.json
2026-03-07 19:32:39,057 [WARNING] django.server: "GET /.well-known/appspecific/com.chrome.devtools.json HTTP/1.1" 404 13055
2026-03-07 19:32:47,538 [INFO] django.server: "GET /employees/ HTTP/1.1" 200 59174
2026-03-07 19:32:47,578 [WARNING] django.request: Not Found: /.well-known/appspecific/com.chrome.devtools.json
2026-03-07 19:32:47,579 [WARNING] django.server: "GET /.well-known/appspecific/com.chrome.devtools.json HTTP/1.1" 404 13055
2026-03-07 19:32:50,672 [INFO] django.server: "GET / HTTP/1.1" 200 21108
2026-03-07 19:32:50,705 [WARNING] django.request: Not Found: /.well-known/appspecific/com.chrome.devtools.json
2026-03-07 19:32:50,706 [WARNING] django.server: "GET /.well-known/appspecific/com.chrome.devtools.json HTTP/1.1" 404 13055
2026-03-07 19:32:54,781 [INFO] django.server: "GET / HTTP/1.1" 200 21108
2026-03-07 19:32:54,811 [WARNING] django.request: Not Found: /.well-known/appspecific/com.chrome.devtools.json
2026-03-07 19:32:54,811 [WARNING] django.server: "GET /.well-known/appspecific/com.chrome.devtools.json HTTP/1.1" 404 13055
2026-03-07 19:32:54,822 [INFO] django.server: "GET /static/main/css/style.css HTTP/1.1" 200 10120
2026-03-07 19:32:54,823 [INFO] django.server: "GET /static/main/images/icon.png HTTP/1.1" 200 49378
2026-03-07 19:32:54,837 [INFO] django.server: "GET /static/main/scripts/app_feedback.js HTTP/1.1" 200 1259
2026-03-07 19:32:54,837 [INFO] django.server: "GET /static/main/scripts/main_filter.js HTTP/1.1" 200 9162
2026-03-07 19:32:55,050 [INFO] django.server: "GET /static/main/images/favicon.ico HTTP/1.1" 200 15406
2026-03-07 19:32:57,718 [INFO] django.server: "GET /documents HTTP/1.1" 200 16545
2026-03-07 19:32:57,751 [WARNING] django.request: Not Found: /.well-known/appspecific/com.chrome.devtools.json
2026-03-07 19:32:57,751 [WARNING] django.server: "GET /.well-known/appspecific/com.chrome.devtools.json HTTP/1.1" 404 13055
2026-03-07 19:33:01,134 [INFO] django.server: "GET /account/ HTTP/1.1" 200 32881
2026-03-07 19:33:01,606 [WARNING] django.request: Not Found: /.well-known/appspecific/com.chrome.devtools.json
2026-03-07 19:33:01,607 [WARNING] django.server: "GET /.well-known/appspecific/com.chrome.devtools.json HTTP/1.1" 404 13055
2026-03-07 19:33:02,401 [INFO] django.server: "POST /account/logout/ HTTP/1.1" 302 0
2026-03-07 19:33:02,408 [INFO] django.server: "GET /account/ HTTP/1.1" 200 10865
2026-03-07 19:33:02,453 [WARNING] django.request: Not Found: /.well-known/appspecific/com.chrome.devtools.json
2026-03-07 19:33:02,454 [WARNING] django.server: "GET /.well-known/appspecific/com.chrome.devtools.json HTTP/1.1" 404 13055
2026-03-07 19:33:03,787 [INFO] django.server: "GET / HTTP/1.1" 200 21108
2026-03-07 19:33:03,825 [WARNING] django.request: Not Found: /.well-known/appspecific/com.chrome.devtools.json
2026-03-07 19:33:03,825 [WARNING] django.server: "GET /.well-known/appspecific/com.chrome.devtools.json HTTP/1.1" 404 13055
2026-03-07 19:33:04,485 [INFO] django.server: "GET /documents HTTP/1.1" 302 0
2026-03-07 19:33:04,493 [INFO] django.server: "GET /account/?next=/documents HTTP/1.1" 200 10865
2026-03-07 19:33:04,533 [WARNING] django.request: Not Found: /.well-known/appspecific/com.chrome.devtools.json
2026-03-07 19:33:04,534 [WARNING] django.server: "GET /.well-known/appspecific/com.chrome.devtools.json HTTP/1.1" 404 13055
2026-03-07 19:33:05,713 [INFO] django.server: "GET /employees/ HTTP/1.1" 200 59174
2026-03-07 19:33:05,749 [WARNING] django.request: Not Found: /.well-known/appspecific/com.chrome.devtools.json
2026-03-07 19:33:05,750 [WARNING] django.server: "GET /.well-known/appspecific/com.chrome.devtools.json HTTP/1.1" 404 13055
2026-03-07 19:33:07,461 [INFO] django.server: "GET /documents HTTP/1.1" 302 0
2026-03-07 19:33:07,467 [INFO] django.server: "GET /account/?next=/documents HTTP/1.1" 200 10865
2026-03-07 19:33:07,506 [WARNING] django.request: Not Found: /.well-known/appspecific/com.chrome.devtools.json
2026-03-07 19:33:07,507 [WARNING] django.server: "GET /.well-known/appspecific/com.chrome.devtools.json HTTP/1.1" 404 13055
2026-03-07 19:33:08,221 [INFO] django.server: "GET /documents HTTP/1.1" 302 0
2026-03-07 19:33:08,227 [INFO] django.server: "GET /account/?next=/documents HTTP/1.1" 200 10865
2026-03-07 19:33:08,274 [WARNING] django.request: Not Found: /.well-known/appspecific/com.chrome.devtools.json
2026-03-07 19:33:08,274 [WARNING] django.server: "GET /.well-known/appspecific/com.chrome.devtools.json HTTP/1.1" 404 13055
2026-03-07 19:33:08,540 [INFO] django.server: "GET /documents HTTP/1.1" 302 0
2026-03-07 19:33:08,546 [INFO] django.server: "GET /account/?next=/documents HTTP/1.1" 200 10865
2026-03-07 19:33:08,589 [WARNING] django.request: Not Found: /.well-known/appspecific/com.chrome.devtools.json
2026-03-07 19:33:08,590 [WARNING] django.server: "GET /.well-known/appspecific/com.chrome.devtools.json HTTP/1.1" 404 13055
2026-03-07 19:33:08,746 [INFO] django.server: "GET /documents HTTP/1.1" 302 0
2026-03-07 19:33:08,751 [INFO] django.server: "GET /account/?next=/documents HTTP/1.1" 200 10865
2026-03-07 19:33:08,797 [WARNING] django.request: Not Found: /.well-known/appspecific/com.chrome.devtools.json
2026-03-07 19:33:08,797 [WARNING] django.server: "GET /.well-known/appspecific/com.chrome.devtools.json HTTP/1.1" 404 13055
2026-03-07 19:33:10,228 [INFO] django.server: "GET /employees/ HTTP/1.1" 200 59174
2026-03-07 19:33:10,264 [WARNING] django.request: Not Found: /.well-known/appspecific/com.chrome.devtools.json
2026-03-07 19:33:10,265 [WARNING] django.server: "GET /.well-known/appspecific/com.chrome.devtools.json HTTP/1.1" 404 13055
2026-03-07 19:33:12,697 [INFO] django.server: "GET / HTTP/1.1" 200 21108
2026-03-07 19:33:12,734 [WARNING] django.request: Not Found: /.well-known/appspecific/com.chrome.devtools.json
2026-03-07 19:33:12,734 [WARNING] django.server: "GET /.well-known/appspecific/com.chrome.devtools.json HTTP/1.1" 404 13055
2026-03-07 19:33:15,230 [INFO] django.server: "GET /?oa=1 HTTP/1.1" 200 61623
2026-03-07 19:33:15,265 [WARNING] django.request: Not Found: /.well-known/appspecific/com.chrome.devtools.json
2026-03-07 19:33:15,266 [WARNING] django.server: "GET /.well-known/appspecific/com.chrome.devtools.json HTTP/1.1" 404 13055
2026-03-07 19:33:19,910 [INFO] django.server: "GET /documents HTTP/1.1" 302 0
2026-03-07 19:33:19,915 [INFO] django.server: "GET /account/?next=/documents HTTP/1.1" 200 10865
2026-03-07 19:33:19,953 [WARNING] django.request: Not Found: /.well-known/appspecific/com.chrome.devtools.json
2026-03-07 19:33:19,954 [WARNING] django.server: "GET /.well-known/appspecific/com.chrome.devtools.json HTTP/1.1" 404 13055
2026-03-07 19:33:24,129 [INFO] django.server: "GET /account/ HTTP/1.1" 200 10865
2026-03-07 19:33:24,166 [WARNING] django.request: Not Found: /.well-known/appspecific/com.chrome.devtools.json
2026-03-07 19:33:24,167 [WARNING] django.server: "GET /.well-known/appspecific/com.chrome.devtools.json HTTP/1.1" 404 13055
2026-03-07 19:33:25,246 [INFO] django.server: "GET /employees/ HTTP/1.1" 200 59174
2026-03-07 19:33:25,282 [WARNING] django.request: Not Found: /.well-known/appspecific/com.chrome.devtools.json
2026-03-07 19:33:25,283 [WARNING] django.server: "GET /.well-known/appspecific/com.chrome.devtools.json HTTP/1.1" 404 13055
2026-03-07 19:33:25,947 [INFO] django.server: "GET /documents HTTP/1.1" 302 0
2026-03-07 19:33:25,953 [INFO] django.server: "GET /account/?next=/documents HTTP/1.1" 200 10865
2026-03-07 19:33:25,990 [WARNING] django.request: Not Found: /.well-known/appspecific/com.chrome.devtools.json
2026-03-07 19:33:25,990 [WARNING] django.server: "GET /.well-known/appspecific/com.chrome.devtools.json HTTP/1.1" 404 13055
2026-03-07 19:36:00,403 [INFO] django.server: "GET / HTTP/1.1" 200 21108
2026-03-07 19:36:00,435 [WARNING] django.request: Not Found: /.well-known/appspecific/com.chrome.devtools.json
2026-03-07 19:36:00,436 [INFO] django.server: "GET /static/main/css/style.css HTTP/1.1" 304 0
2026-03-07 19:36:00,436 [WARNING] django.server: "GET /.well-known/appspecific/com.chrome.devtools.json HTTP/1.1" 404 13055
2026-03-07 19:36:00,456 [INFO] django.server: "GET /static/main/scripts/app_feedback.js HTTP/1.1" 304 0
2026-03-07 19:36:00,757 [INFO] django.server: "GET /documents HTTP/1.1" 302 0
2026-03-07 19:36:00,764 [INFO] django.server: "GET /account/?next=/documents HTTP/1.1" 200 10865
2026-03-07 19:36:00,790 [WARNING] django.request: Not Found: /.well-known/appspecific/com.chrome.devtools.json
2026-03-07 19:36:00,791 [WARNING] django.server: "GET /.well-known/appspecific/com.chrome.devtools.json HTTP/1.1" 404 13055
2026-03-07 19:36:02,512 [INFO] django.server: "GET /employees/ HTTP/1.1" 200 59174
2026-03-07 19:36:02,540 [WARNING] django.request: Not Found: /.well-known/appspecific/com.chrome.devtools.json
2026-03-07 19:36:02,540 [WARNING] django.server: "GET /.well-known/appspecific/com.chrome.devtools.json HTTP/1.1" 404 13055
2026-03-07 19:36:03,664 [INFO] django.server: "GET /documents HTTP/1.1" 302 0
2026-03-07 19:36:03,670 [INFO] django.server: "GET /account/?next=/documents HTTP/1.1" 200 10865
2026-03-07 19:36:03,698 [WARNING] django.request: Not Found: /.well-known/appspecific/com.chrome.devtools.json
2026-03-07 19:36:03,699 [WARNING] django.server: "GET /.well-known/appspecific/com.chrome.devtools.json HTTP/1.1" 404 13055
2026-03-07 19:36:05,488 [INFO] django.server: "GET /documents HTTP/1.1" 302 0
2026-03-07 19:36:05,494 [INFO] django.server: "GET /account/?next=/documents HTTP/1.1" 200 10865
2026-03-07 19:36:05,528 [WARNING] django.request: Not Found: /.well-known/appspecific/com.chrome.devtools.json
2026-03-07 19:36:05,529 [WARNING] django.server: "GET /.well-known/appspecific/com.chrome.devtools.json HTTP/1.1" 404 13055
2026-03-07 19:36:06,572 [INFO] django.server: "POST /account/?next=/documents HTTP/1.1" 302 0
2026-03-07 19:36:06,583 [INFO] django.server: "GET /account/ HTTP/1.1" 200 32881
2026-03-07 19:36:06,623 [WARNING] django.request: Not Found: /.well-known/appspecific/com.chrome.devtools.json
2026-03-07 19:36:06,623 [WARNING] django.server: "GET /.well-known/appspecific/com.chrome.devtools.json HTTP/1.1" 404 13055
2026-03-07 19:36:19,566 [INFO] django.server: "GET /documents/39/edit HTTP/1.1" 200 20378
2026-03-07 19:36:19,595 [WARNING] django.request: Not Found: /.well-known/appspecific/com.chrome.devtools.json
2026-03-07 19:36:19,595 [WARNING] django.server: "GET /.well-known/appspecific/com.chrome.devtools.json HTTP/1.1" 404 13055
2026-03-07 19:36:19,602 [INFO] django.server: "GET /static/document/css/style.css HTTP/1.1" 304 0
2026-03-07 19:36:19,629 [INFO] document.views: ONLYOFFICE config document=39 user=74 mode=edit key=doc-39-v1
2026-03-07 19:36:19,630 [INFO] django.server: "GET /onlyoffice/config/39 HTTP/1.1" 200 1535
2026-03-07 19:36:20,047 [INFO] document.views: ONLYOFFICE callback document=39 status=1
2026-03-07 19:36:20,047 [INFO] django.server: "POST /onlyoffice/callback/39 HTTP/1.1" 200 12
2026-03-07 19:36:20,057 [INFO] document.views: Document file served document=39
2026-03-07 19:36:20,057 [INFO] django.server: "GET /files/39?access_token=eyJkb2N1bWVudF9pZCI6MzksInVzZXJfaWQiOjc0LCJ2ZXJzaW9uIjoxfQ%3A1vyslP%3A8FwTt9Kr8IeEAVGJvArpjN2LAoERcKM-Wiw473Dbt2Q HTTP/1.1" 200 25743
2026-03-07 19:36:23,283 [INFO] django.server: "GET /account/ HTTP/1.1" 200 32881
2026-03-07 19:36:23,311 [INFO] document.views: ONLYOFFICE callback document=39 status=4
2026-03-07 19:36:23,312 [INFO] django.server: "POST /onlyoffice/callback/39 HTTP/1.1" 200 12
2026-03-07 19:36:23,323 [WARNING] django.request: Not Found: /.well-known/appspecific/com.chrome.devtools.json
2026-03-07 19:36:23,324 [WARNING] django.server: "GET /.well-known/appspecific/com.chrome.devtools.json HTTP/1.1" 404 13055
2026-03-07 19:36:31,916 [INFO] django.server: "GET / HTTP/1.1" 200 21108
2026-03-07 19:36:31,948 [WARNING] django.request: Not Found: /.well-known/appspecific/com.chrome.devtools.json
2026-03-07 19:36:31,949 [WARNING] django.server: "GET /.well-known/appspecific/com.chrome.devtools.json HTTP/1.1" 404 13055
2026-03-07 19:36:42,070 [INFO] django.server: "GET / HTTP/1.1" 200 21108
2026-03-07 19:36:42,099 [WARNING] django.request: Not Found: /.well-known/appspecific/com.chrome.devtools.json
2026-03-07 19:36:42,099 [WARNING] django.server: "GET /.well-known/appspecific/com.chrome.devtools.json HTTP/1.1" 404 13055
2026-03-07 19:36:42,110 [INFO] django.server: "GET /static/main/css/style.css HTTP/1.1" 200 10120
2026-03-07 19:36:42,111 [INFO] django.server: "GET /static/main/images/icon.png HTTP/1.1" 200 49378
2026-03-07 19:36:42,118 [INFO] django.server: "GET /static/main/scripts/app_feedback.js HTTP/1.1" 200 1259
2026-03-07 19:36:42,118 [INFO] django.server: "GET /static/main/scripts/main_filter.js HTTP/1.1" 200 9162
2026-03-07 19:36:42,347 [INFO] django.server: "GET /static/main/images/favicon.ico HTTP/1.1" 200 15406
2026-03-07 19:37:45,141 [INFO] django.utils.autoreload: D:\PROJECTs\su_science\project\document\views.py changed, reloading.
2026-03-07 19:37:45,632 [INFO] django.utils.autoreload: Watching for file changes with StatReloader
2026-03-07 19:38:26,592 [INFO] django.utils.autoreload: D:\PROJECTs\su_science\project\main\views.py changed, reloading.
2026-03-07 19:38:27,046 [INFO] django.utils.autoreload: Watching for file changes with StatReloader
2026-03-07 19:39:17,743 [INFO] django.server: "GET / HTTP/1.1" 200 21108
2026-03-07 19:39:17,765 [WARNING] django.request: Not Found: /.well-known/appspecific/com.chrome.devtools.json
2026-03-07 19:39:17,765 [WARNING] django.server: "GET /.well-known/appspecific/com.chrome.devtools.json HTTP/1.1" 404 13055
2026-03-07 19:39:17,885 [INFO] django.server: "GET /static/main/css/style.css HTTP/1.1" 200 10120
2026-03-07 19:39:17,887 [INFO] django.server: "GET /static/main/images/icon.png HTTP/1.1" 200 49378
2026-03-07 19:39:17,888 [INFO] django.server: "GET /static/main/scripts/app_feedback.js HTTP/1.1" 200 1259
2026-03-07 19:39:17,888 [INFO] django.server: "GET /static/main/scripts/main_filter.js HTTP/1.1" 200 9162
2026-03-07 19:39:18,002 [INFO] django.server: "GET /static/main/images/favicon.ico HTTP/1.1" 200 15406
2026-03-07 19:39:19,754 [INFO] django.server: "GET /documents HTTP/1.1" 200 16545
2026-03-07 19:39:19,777 [WARNING] django.request: Not Found: /.well-known/appspecific/com.chrome.devtools.json
2026-03-07 19:39:19,778 [WARNING] django.server: "GET /.well-known/appspecific/com.chrome.devtools.json HTTP/1.1" 404 13055
2026-03-07 19:39:21,445 [INFO] django.server: "GET /account/ HTTP/1.1" 200 32881
2026-03-07 19:39:21,807 [WARNING] django.request: Not Found: /.well-known/appspecific/com.chrome.devtools.json
2026-03-07 19:39:21,808 [WARNING] django.server: "GET /.well-known/appspecific/com.chrome.devtools.json HTTP/1.1" 404 13055
2026-03-07 19:39:23,588 [INFO] django.server: "POST /account/logout/ HTTP/1.1" 302 0
2026-03-07 19:39:23,599 [INFO] django.server: "GET /account/ HTTP/1.1" 200 10865
2026-03-07 19:39:23,629 [WARNING] django.request: Not Found: /.well-known/appspecific/com.chrome.devtools.json
2026-03-07 19:39:23,630 [WARNING] django.server: "GET /.well-known/appspecific/com.chrome.devtools.json HTTP/1.1" 404 13055
2026-03-07 19:39:24,238 [INFO] django.server: "GET /documents HTTP/1.1" 200 16008
2026-03-07 19:39:24,270 [WARNING] django.request: Not Found: /.well-known/appspecific/com.chrome.devtools.json
2026-03-07 19:39:24,270 [WARNING] django.server: "GET /.well-known/appspecific/com.chrome.devtools.json HTTP/1.1" 404 13055
2026-03-07 19:39:25,072 [INFO] django.server: "GET /documents HTTP/1.1" 200 16008
2026-03-07 19:39:25,100 [WARNING] django.request: Not Found: /.well-known/appspecific/com.chrome.devtools.json
2026-03-07 19:39:25,101 [WARNING] django.server: "GET /.well-known/appspecific/com.chrome.devtools.json HTTP/1.1" 404 13055
2026-03-07 19:39:25,550 [INFO] django.server: "GET /account/ HTTP/1.1" 200 10865
2026-03-07 19:39:25,577 [WARNING] django.request: Not Found: /.well-known/appspecific/com.chrome.devtools.json
2026-03-07 19:39:25,578 [WARNING] django.server: "GET /.well-known/appspecific/com.chrome.devtools.json HTTP/1.1" 404 13055
2026-03-07 19:39:26,245 [INFO] django.server: "GET /documents HTTP/1.1" 200 16008
2026-03-07 19:39:26,277 [WARNING] django.request: Not Found: /.well-known/appspecific/com.chrome.devtools.json
2026-03-07 19:39:26,277 [WARNING] django.server: "GET /.well-known/appspecific/com.chrome.devtools.json HTTP/1.1" 404 13055
2026-03-07 19:39:32,431 [INFO] django.server: "GET /employees/ HTTP/1.1" 200 59174
2026-03-07 19:39:32,473 [WARNING] django.request: Not Found: /.well-known/appspecific/com.chrome.devtools.json
2026-03-07 19:39:32,473 [WARNING] django.server: "GET /.well-known/appspecific/com.chrome.devtools.json HTTP/1.1" 404 13055
2026-03-07 19:39:33,836 [INFO] django.server: "GET / HTTP/1.1" 200 21108
2026-03-07 19:39:33,882 [WARNING] django.request: Not Found: /.well-known/appspecific/com.chrome.devtools.json
2026-03-07 19:39:33,882 [WARNING] django.server: "GET /.well-known/appspecific/com.chrome.devtools.json HTTP/1.1" 404 13055
2026-03-07 19:39:35,726 [INFO] django.server: "GET /?oa=1 HTTP/1.1" 200 61623
2026-03-07 19:39:35,758 [WARNING] django.request: Not Found: /.well-known/appspecific/com.chrome.devtools.json
2026-03-07 19:39:35,759 [WARNING] django.server: "GET /.well-known/appspecific/com.chrome.devtools.json HTTP/1.1" 404 13055
2026-03-07 19:39:40,375 [INFO] django.server: "GET /?oa=1 HTTP/1.1" 200 61623
2026-03-07 19:39:40,411 [WARNING] django.request: Not Found: /.well-known/appspecific/com.chrome.devtools.json
2026-03-07 19:39:40,411 [WARNING] django.server: "GET /.well-known/appspecific/com.chrome.devtools.json HTTP/1.1" 404 13055
2026-03-07 19:39:42,701 [INFO] django.server: "GET / HTTP/1.1" 200 21108
2026-03-07 19:39:42,736 [WARNING] django.request: Not Found: /.well-known/appspecific/com.chrome.devtools.json
2026-03-07 19:39:42,737 [WARNING] django.server: "GET /.well-known/appspecific/com.chrome.devtools.json HTTP/1.1" 404 13055
2026-03-07 19:41:05,545 [INFO] django.server: "GET / HTTP/1.1" 200 21108
2026-03-07 19:41:05,574 [WARNING] django.request: Not Found: /.well-known/appspecific/com.chrome.devtools.json
2026-03-07 19:41:05,575 [WARNING] django.server: "GET /.well-known/appspecific/com.chrome.devtools.json HTTP/1.1" 404 13055
2026-03-07 19:41:05,583 [INFO] django.server: "GET /static/main/css/style.css HTTP/1.1" 200 10120
2026-03-07 19:41:05,589 [INFO] django.server: "GET /static/main/images/icon.png HTTP/1.1" 200 49378
2026-03-07 19:41:05,595 [INFO] django.server: "GET /static/main/scripts/main_filter.js HTTP/1.1" 200 9162
2026-03-07 19:41:05,595 [INFO] django.server: "GET /static/main/scripts/app_feedback.js HTTP/1.1" 200 1259
2026-03-07 19:41:06,249 [INFO] django.server: "GET /static/main/images/favicon.ico HTTP/1.1" 200 15406
2026-03-07 19:41:08,522 [INFO] django.server: "GET /?oa=1 HTTP/1.1" 200 61623
2026-03-07 19:41:08,553 [WARNING] django.request: Not Found: /.well-known/appspecific/com.chrome.devtools.json
2026-03-07 19:41:08,554 [WARNING] django.server: "GET /.well-known/appspecific/com.chrome.devtools.json HTTP/1.1" 404 13055
2026-03-07 19:43:09,250 [INFO] django.server: "GET /documents HTTP/1.1" 200 15854
2026-03-07 19:43:09,272 [WARNING] django.request: Not Found: /.well-known/appspecific/com.chrome.devtools.json
2026-03-07 19:43:09,273 [WARNING] django.server: "GET /.well-known/appspecific/com.chrome.devtools.json HTTP/1.1" 404 13055
2026-03-07 19:43:09,287 [INFO] django.server: "GET /static/document/css/style.css HTTP/1.1" 304 0
2026-03-07 19:46:05,406 [INFO] django.server: "GET /documents/37/edit HTTP/1.1" 302 0
2026-03-07 19:46:05,414 [INFO] django.server: "GET /account/?next=/documents/37/edit HTTP/1.1" 200 10837
2026-03-07 19:46:05,764 [WARNING] django.request: Not Found: /.well-known/appspecific/com.chrome.devtools.json
2026-03-07 19:46:05,765 [WARNING] django.server: "GET /.well-known/appspecific/com.chrome.devtools.json HTTP/1.1" 404 13055
2026-03-07 19:46:05,766 [INFO] django.server: "GET /static/main/css/style.css HTTP/1.1" 304 0
2026-03-07 19:46:05,786 [INFO] django.server: "GET /static/main/scripts/app_feedback.js HTTP/1.1" 304 0
2026-03-07 19:46:07,895 [WARNING] django.request: Not Found: /.well-known/appspecific/com.chrome.devtools.json
2026-03-07 19:46:07,896 [WARNING] django.server: "GET /.well-known/appspecific/com.chrome.devtools.json HTTP/1.1" 404 13055
2026-03-07 19:46:07,907 [WARNING] django.request: Not Found: /.well-known/appspecific/com.chrome.devtools.json
2026-03-07 19:46:07,907 [WARNING] django.server: "GET /.well-known/appspecific/com.chrome.devtools.json HTTP/1.1" 404 13055
2026-03-07 19:46:10,888 [INFO] django.server: "GET /documents HTTP/1.1" 200 15856
2026-03-07 19:46:10,914 [WARNING] django.request: Not Found: /.well-known/appspecific/com.chrome.devtools.json
2026-03-07 19:46:10,915 [WARNING] django.server: "GET /.well-known/appspecific/com.chrome.devtools.json HTTP/1.1" 404 13055
2026-03-07 19:46:10,925 [INFO] django.server: "GET /static/main/css/style.css HTTP/1.1" 200 10120
2026-03-07 19:46:10,929 [INFO] django.server: "GET /static/document/css/style.css HTTP/1.1" 200 2299
2026-03-07 19:46:10,932 [INFO] django.server: "GET /static/main/images/icon.png HTTP/1.1" 200 49378
2026-03-07 19:46:10,936 [INFO] django.server: "GET /static/main/scripts/app_feedback.js HTTP/1.1" 200 1259
2026-03-07 19:46:10,993 [INFO] django.utils.autoreload: D:\PROJECTs\su_science\project\document\views.py changed, reloading.
2026-03-07 19:46:11,504 [INFO] django.utils.autoreload: Watching for file changes with StatReloader
2026-03-07 19:46:11,715 [INFO] django.server: "GET /static/main/images/favicon.ico HTTP/1.1" 200 15406
2026-03-07 19:46:53,925 [INFO] main.views: Generation request accepted user=None template_id=13 filters_tags=0
2026-03-07 19:46:53,925 [INFO] main.views: Anonymous generation start template_id=13 template_file_type=docx publications_count=153 requested_title=
2026-03-07 19:46:53,926 [INFO] utils.document_generator: Template render start template_id=13 base_len=0
2026-03-07 19:46:53,926 [INFO] utils.document_generator: Template render after synonyms template_id=13 len=0
2026-03-07 19:46:53,926 [WARNING] utils.document_generator: Template render result is empty template_id=13
2026-03-07 19:46:53,963 [INFO] utils.document_generator: DOCX render start template_id=13 source=D:\PROJECTs\su_science\project\media\synthetic_documents\template-from-document-5.docx output=C:\Users\admin\AppData\Local\Temp\tmp0nfwr7c1.docx
2026-03-07 19:46:54,215 [INFO] utils.document_generator: DOCX render finished template_id=13 output=C:\Users\admin\AppData\Local\Temp\tmp0nfwr7c1.docx
2026-03-07 19:46:54,216 [INFO] main.views: Anonymous generation finished template_id=13 file_type=docx size=63575
2026-03-07 19:47:11,309 [INFO] django.server: "GET /documents HTTP/1.1" 200 17176
2026-03-07 19:47:11,330 [WARNING] django.request: Not Found: /.well-known/appspecific/com.chrome.devtools.json
2026-03-07 19:47:11,331 [WARNING] django.server: "GET /.well-known/appspecific/com.chrome.devtools.json HTTP/1.1" 404 13055
2026-03-07 19:47:12,396 [INFO] django.server: "GET /documents HTTP/1.1" 200 17176
2026-03-07 19:47:12,418 [WARNING] django.request: Not Found: /.well-known/appspecific/com.chrome.devtools.json
2026-03-07 19:47:12,419 [WARNING] django.server: "GET /.well-known/appspecific/com.chrome.devtools.json HTTP/1.1" 404 13055
2026-03-07 19:47:12,431 [INFO] django.server: "GET /static/main/css/style.css HTTP/1.1" 200 10120
2026-03-07 19:47:12,432 [INFO] django.server: "GET /static/document/css/style.css HTTP/1.1" 200 2299
2026-03-07 19:47:12,434 [INFO] django.server: "GET /static/main/images/icon.png HTTP/1.1" 200 49378
2026-03-07 19:47:12,441 [INFO] django.server: "GET /static/main/scripts/app_feedback.js HTTP/1.1" 200 1259
2026-03-07 19:47:12,691 [INFO] django.server: "GET /static/main/images/favicon.ico HTTP/1.1" 200 15406
2026-03-07 19:47:23,730 [INFO] django.server: "GET /documents HTTP/1.1" 200 17246
2026-03-07 19:47:23,758 [WARNING] django.request: Not Found: /.well-known/appspecific/com.chrome.devtools.json
2026-03-07 19:47:23,759 [WARNING] django.server: "GET /.well-known/appspecific/com.chrome.devtools.json HTTP/1.1" 404 13055
2026-03-07 19:47:24,908 [INFO] django.utils.autoreload: D:\PROJECTs\su_science\project\document\views.py changed, reloading.
2026-03-07 19:47:25,357 [INFO] django.utils.autoreload: Watching for file changes with StatReloader
2026-03-07 19:47:37,142 [INFO] main.views: Generation request accepted user=None template_id=13 filters_tags=0
2026-03-07 19:47:37,142 [INFO] main.views: Anonymous generation start template_id=13 template_file_type=docx publications_count=153 requested_title=
2026-03-07 19:47:37,142 [INFO] utils.document_generator: Template render start template_id=13 base_len=0
2026-03-07 19:47:37,143 [INFO] utils.document_generator: Template render after synonyms template_id=13 len=0
2026-03-07 19:47:37,143 [WARNING] utils.document_generator: Template render result is empty template_id=13
2026-03-07 19:47:37,181 [INFO] utils.document_generator: DOCX render start template_id=13 source=D:\PROJECTs\su_science\project\media\synthetic_documents\template-from-document-5.docx output=C:\Users\admin\AppData\Local\Temp\tmpp2itwhpd.docx
2026-03-07 19:47:37,434 [INFO] utils.document_generator: DOCX render finished template_id=13 output=C:\Users\admin\AppData\Local\Temp\tmpp2itwhpd.docx
2026-03-07 19:47:37,435 [INFO] main.views: Anonymous generation finished template_id=13 file_type=docx size=63575
2026-03-07 19:47:37,480 [INFO] main.views: Generation request accepted user=74 template_id=13 filters_tags=0
2026-03-07 19:47:37,481 [INFO] main.views: Generation start template_id=13 user=74 template_file_type=docx publications_count=153 requested_title=
2026-03-07 19:47:37,481 [INFO] utils.document_generator: Template render start template_id=13 base_len=0
2026-03-07 19:47:37,481 [INFO] utils.document_generator: Template render after synonyms template_id=13 len=0
2026-03-07 19:47:37,482 [WARNING] utils.document_generator: Template render result is empty template_id=13
2026-03-07 19:47:37,482 [INFO] main.views: Text render result template_id=13 text_len=0 non_empty=False
2026-03-07 19:47:37,482 [INFO] main.views: DOCX render branch template_id=13 source_file=synthetic_documents/template-from-document-5.docx
2026-03-07 19:47:37,483 [INFO] utils.document_generator: DOCX render start template_id=13 source=D:\PROJECTs\su_science\project\media\synthetic_documents\template-from-document-5.docx output=C:\Users\admin\AppData\Local\Temp\tmpyjvvhhl5.docx
2026-03-07 19:47:37,755 [INFO] utils.document_generator: DOCX render finished template_id=13 output=C:\Users\admin\AppData\Local\Temp\tmpyjvvhhl5.docx
2026-03-07 19:47:37,778 [INFO] main.views: Generation finished document_id=40 generated_by=13 file_type=docx file_name=documents/report-20260307144737.docx
2026-03-07 19:47:38,476 [INFO] django.server: "GET /documents HTTP/1.1" 200 7567
2026-03-07 19:47:38,501 [WARNING] django.request: Not Found: /.well-known/appspecific/com.chrome.devtools.json
2026-03-07 19:47:38,501 [WARNING] django.server: "GET /.well-known/appspecific/com.chrome.devtools.json HTTP/1.1" 404 13055
2026-03-07 19:47:38,585 [INFO] django.server: "GET /static/document/css/style.css HTTP/1.1" 200 2299
2026-03-07 19:47:38,585 [INFO] django.server: "GET /static/main/css/style.css HTTP/1.1" 200 10120
2026-03-07 19:47:38,587 [INFO] django.server: "GET /static/main/scripts/app_feedback.js HTTP/1.1" 200 1259
2026-03-07 19:47:38,587 [INFO] django.server: "GET /static/main/images/icon.png HTTP/1.1" 200 49378
2026-03-07 19:47:38,680 [INFO] django.server: "GET /static/main/images/favicon.ico HTTP/1.1" 200 15406
2026-03-07 19:47:40,879 [INFO] django.server: "GET /documents HTTP/1.1" 200 7567
2026-03-07 19:47:40,906 [WARNING] django.request: Not Found: /.well-known/appspecific/com.chrome.devtools.json
2026-03-07 19:47:40,907 [WARNING] django.server: "GET /.well-known/appspecific/com.chrome.devtools.json HTTP/1.1" 404 13055
2026-03-07 19:47:40,925 [INFO] django.server: "GET /static/document/css/style.css HTTP/1.1" 200 2299
2026-03-07 19:47:40,925 [INFO] django.server: "GET /static/main/css/style.css HTTP/1.1" 200 10120
2026-03-07 19:47:40,926 [INFO] django.server: "GET /static/main/images/icon.png HTTP/1.1" 200 49378
2026-03-07 19:47:40,936 [INFO] django.server: "GET /static/main/scripts/app_feedback.js HTTP/1.1" 200 1259
2026-03-07 19:47:41,080 [INFO] django.server: "GET /static/main/images/favicon.ico HTTP/1.1" 200 15406
2026-03-07 19:47:47,450 [INFO] django.server: "GET /documents HTTP/1.1" 200 7567
2026-03-07 19:47:47,480 [WARNING] django.request: Not Found: /.well-known/appspecific/com.chrome.devtools.json
2026-03-07 19:47:47,480 [WARNING] django.server: "GET /.well-known/appspecific/com.chrome.devtools.json HTTP/1.1" 404 13055
2026-03-07 19:47:48,336 [INFO] django.server: "GET /documents HTTP/1.1" 200 7567
2026-03-07 19:47:48,365 [WARNING] django.request: Not Found: /.well-known/appspecific/com.chrome.devtools.json
2026-03-07 19:47:48,365 [WARNING] django.server: "GET /.well-known/appspecific/com.chrome.devtools.json HTTP/1.1" 404 13055
2026-03-07 19:47:48,370 [INFO] django.server: "GET /static/main/css/style.css HTTP/1.1" 200 10120
2026-03-07 19:47:48,373 [INFO] django.server: "GET /static/document/css/style.css HTTP/1.1" 200 2299
2026-03-07 19:47:48,375 [INFO] django.server: "GET /static/main/images/icon.png HTTP/1.1" 200 49378
2026-03-07 19:47:48,384 [INFO] django.server: "GET /static/main/scripts/app_feedback.js HTTP/1.1" 200 1259
2026-03-07 19:47:48,638 [INFO] django.server: "GET /static/main/images/favicon.ico HTTP/1.1" 200 15406
2026-03-07 19:47:49,832 [INFO] django.server: "GET / HTTP/1.1" 200 21134
2026-03-07 19:47:49,856 [WARNING] django.request: Not Found: /.well-known/appspecific/com.chrome.devtools.json
2026-03-07 19:47:49,857 [WARNING] django.server: "GET /.well-known/appspecific/com.chrome.devtools.json HTTP/1.1" 404 13055
2026-03-07 19:47:55,064 [INFO] django.server: "GET /documents HTTP/1.1" 200 7567
2026-03-07 19:47:55,085 [WARNING] django.request: Not Found: /.well-known/appspecific/com.chrome.devtools.json
2026-03-07 19:47:55,086 [WARNING] django.server: "GET /.well-known/appspecific/com.chrome.devtools.json HTTP/1.1" 404 13055
2026-03-07 19:47:55,766 [INFO] django.server: "GET / HTTP/1.1" 200 21134
2026-03-07 19:47:55,794 [WARNING] django.request: Not Found: /.well-known/appspecific/com.chrome.devtools.json
2026-03-07 19:47:55,796 [WARNING] django.server: "GET /.well-known/appspecific/com.chrome.devtools.json HTTP/1.1" 404 13055
2026-03-07 19:47:56,366 [INFO] django.server: "GET /employees/ HTTP/1.1" 200 59176
2026-03-07 19:47:56,394 [WARNING] django.request: Not Found: /.well-known/appspecific/com.chrome.devtools.json
2026-03-07 19:47:56,395 [WARNING] django.server: "GET /.well-known/appspecific/com.chrome.devtools.json HTTP/1.1" 404 13055
2026-03-07 19:47:58,626 [INFO] django.server: "GET /?staff_user=1&status=published HTTP/1.1" 200 48037
2026-03-07 19:47:58,664 [WARNING] django.request: Not Found: /.well-known/appspecific/com.chrome.devtools.json
2026-03-07 19:47:58,664 [WARNING] django.server: "GET /.well-known/appspecific/com.chrome.devtools.json HTTP/1.1" 404 13055
2026-03-07 19:48:01,465 [INFO] main.views: Generation request accepted user=None template_id=13 filters_tags=0
2026-03-07 19:48:01,467 [INFO] main.views: Anonymous generation start template_id=13 template_file_type=docx publications_count=10 requested_title=
2026-03-07 19:48:01,467 [INFO] utils.document_generator: Template render start template_id=13 base_len=0
2026-03-07 19:48:01,467 [INFO] utils.document_generator: Template render after synonyms template_id=13 len=0
2026-03-07 19:48:01,468 [WARNING] utils.document_generator: Template render result is empty template_id=13
2026-03-07 19:48:01,523 [INFO] utils.document_generator: DOCX render start template_id=13 source=D:\PROJECTs\su_science\project\media\synthetic_documents\template-from-document-5.docx output=C:\Users\admin\AppData\Local\Temp\tmpv7wby027.docx
2026-03-07 19:48:01,593 [INFO] utils.document_generator: DOCX render finished template_id=13 output=C:\Users\admin\AppData\Local\Temp\tmpv7wby027.docx
2026-03-07 19:48:01,593 [INFO] main.views: Anonymous generation finished template_id=13 file_type=docx size=26061
2026-03-07 19:48:01,594 [INFO] django.server: "POST / HTTP/1.1" 200 26061
2026-03-07 19:48:05,335 [INFO] django.utils.autoreload: D:\PROJECTs\su_science\project\main\views.py changed, reloading.
2026-03-07 19:48:05,831 [INFO] django.utils.autoreload: Watching for file changes with StatReloader
2026-03-07 19:48:13,334 [INFO] main.views: Generation request accepted user=None template_id=13 filters_tags=0
2026-03-07 19:48:13,335 [INFO] main.views: Anonymous generation start template_id=13 template_file_type=docx publications_count=153 requested_title=
2026-03-07 19:48:13,335 [INFO] utils.document_generator: Template render start template_id=13 base_len=0
2026-03-07 19:48:13,335 [INFO] utils.document_generator: Template render after synonyms template_id=13 len=0
2026-03-07 19:48:13,335 [WARNING] utils.document_generator: Template render result is empty template_id=13
2026-03-07 19:48:13,374 [INFO] utils.document_generator: DOCX render start template_id=13 source=D:\PROJECTs\su_science\project\media\synthetic_documents\template-from-document-5.docx output=C:\Users\admin\AppData\Local\Temp\tmpuwylkf2r.docx
2026-03-07 19:48:13,627 [INFO] utils.document_generator: DOCX render finished template_id=13 output=C:\Users\admin\AppData\Local\Temp\tmpuwylkf2r.docx
2026-03-07 19:48:13,628 [INFO] main.views: Anonymous generation finished template_id=13 file_type=docx size=63575
2026-03-07 19:48:18,255 [INFO] django.server: "GET /documents HTTP/1.1" 200 7567
2026-03-07 19:48:18,280 [WARNING] django.request: Not Found: /.well-known/appspecific/com.chrome.devtools.json
2026-03-07 19:48:18,280 [WARNING] django.server: "GET /.well-known/appspecific/com.chrome.devtools.json HTTP/1.1" 404 13055
2026-03-07 19:48:43,274 [INFO] django.server: "GET /documents HTTP/1.1" 200 7567
2026-03-07 19:48:43,302 [WARNING] django.request: Not Found: /.well-known/appspecific/com.chrome.devtools.json
2026-03-07 19:48:43,302 [WARNING] django.server: "GET /.well-known/appspecific/com.chrome.devtools.json HTTP/1.1" 404 13055
2026-03-07 19:48:43,429 [INFO] django.server: "GET /static/main/css/style.css HTTP/1.1" 200 10120
2026-03-07 19:48:43,429 [INFO] django.server: "GET /static/document/css/style.css HTTP/1.1" 200 2299
2026-03-07 19:48:43,431 [INFO] django.server: "GET /static/main/scripts/app_feedback.js HTTP/1.1" 200 1259
2026-03-07 19:48:43,431 [INFO] django.server: "GET /static/main/images/icon.png HTTP/1.1" 200 49378
2026-03-07 19:48:43,541 [INFO] django.server: "GET /static/main/images/favicon.ico HTTP/1.1" 200 15406
2026-03-07 19:48:44,005 [INFO] django.server: "GET /documents HTTP/1.1" 200 7567
2026-03-07 19:48:44,032 [WARNING] django.request: Not Found: /.well-known/appspecific/com.chrome.devtools.json
2026-03-07 19:48:44,032 [WARNING] django.server: "GET /.well-known/appspecific/com.chrome.devtools.json HTTP/1.1" 404 13055
2026-03-07 19:48:44,043 [INFO] django.server: "GET /static/document/css/style.css HTTP/1.1" 200 2299
2026-03-07 19:48:44,043 [INFO] django.server: "GET /static/main/css/style.css HTTP/1.1" 200 10120
2026-03-07 19:48:44,043 [INFO] django.server: "GET /static/main/images/icon.png HTTP/1.1" 200 49378
2026-03-07 19:48:44,051 [INFO] django.server: "GET /static/main/scripts/app_feedback.js HTTP/1.1" 200 1259
2026-03-07 19:48:44,231 [INFO] django.server: "GET /static/main/images/favicon.ico HTTP/1.1" 200 15406
2026-03-07 19:48:46,777 [INFO] django.utils.autoreload: D:\PROJECTs\su_science\project\document\views.py changed, reloading.
2026-03-07 19:48:47,220 [INFO] django.utils.autoreload: Watching for file changes with StatReloader
2026-03-07 19:48:56,873 [INFO] django.server: "GET /account/ HTTP/1.1" 200 10837
2026-03-07 19:48:56,903 [WARNING] django.request: Not Found: /.well-known/appspecific/com.chrome.devtools.json
2026-03-07 19:48:56,904 [WARNING] django.server: "GET /.well-known/appspecific/com.chrome.devtools.json HTTP/1.1" 404 13055
2026-03-07 19:48:58,599 [INFO] django.server: "POST /account/ HTTP/1.1" 302 0
2026-03-07 19:48:58,611 [INFO] django.server: "GET /account/ HTTP/1.1" 200 33885
2026-03-07 19:48:58,642 [WARNING] django.request: Not Found: /.well-known/appspecific/com.chrome.devtools.json
2026-03-07 19:48:58,643 [WARNING] django.server: "GET /.well-known/appspecific/com.chrome.devtools.json HTTP/1.1" 404 13055
2026-03-07 19:48:59,279 [INFO] django.server: "GET /documents HTTP/1.1" 200 18107
2026-03-07 19:48:59,311 [WARNING] django.request: Not Found: /.well-known/appspecific/com.chrome.devtools.json
2026-03-07 19:48:59,311 [WARNING] django.server: "GET /.well-known/appspecific/com.chrome.devtools.json HTTP/1.1" 404 13055
2026-03-07 19:49:12,340 [INFO] django.server: "GET /documents HTTP/1.1" 200 18107
2026-03-07 19:49:12,377 [WARNING] django.request: Not Found: /.well-known/appspecific/com.chrome.devtools.json
2026-03-07 19:49:12,378 [WARNING] django.server: "GET /.well-known/appspecific/com.chrome.devtools.json HTTP/1.1" 404 13055
2026-03-07 19:49:13,098 [INFO] django.server: "GET /account/ HTTP/1.1" 200 33885
2026-03-07 19:49:13,131 [WARNING] django.request: Not Found: /.well-known/appspecific/com.chrome.devtools.json
2026-03-07 19:49:13,132 [WARNING] django.server: "GET /.well-known/appspecific/com.chrome.devtools.json HTTP/1.1" 404 13055
2026-03-07 19:49:16,437 [INFO] django.server: "GET /documents HTTP/1.1" 200 18107
2026-03-07 19:49:16,466 [WARNING] django.request: Not Found: /.well-known/appspecific/com.chrome.devtools.json
2026-03-07 19:49:16,467 [WARNING] django.server: "GET /.well-known/appspecific/com.chrome.devtools.json HTTP/1.1" 404 13055
2026-03-07 19:49:17,584 [INFO] django.server: "GET /generators/13/edit HTTP/1.1" 200 224105
2026-03-07 19:49:17,613 [WARNING] django.request: Not Found: /.well-known/appspecific/com.chrome.devtools.json
2026-03-07 19:49:17,613 [WARNING] django.server: "GET /.well-known/appspecific/com.chrome.devtools.json HTTP/1.1" 404 13055
2026-03-07 19:49:17,651 [INFO] document.views: ONLYOFFICE config generator=13 user=74 mode=edit key=gen-13-1772885817-s28439
2026-03-07 19:49:17,652 [INFO] django.server: "GET /onlyoffice/generator/config/13 HTTP/1.1" 200 1589
2026-03-07 19:49:18,275 [INFO] document.views: ONLYOFFICE callback generator=13 status=1
2026-03-07 19:49:18,276 [INFO] django.server: "POST /onlyoffice/generator/callback/13 HTTP/1.1" 200 12
2026-03-07 19:49:18,348 [INFO] document.views: Generator file served generator=13
2026-03-07 19:49:18,349 [INFO] django.server: "GET /generator-files/13?access_token=eyJnZW5lcmF0b3JfaWQiOjEzLCJ1c2VyX2lkIjo3NH0%3A1vysxx%3A-wI-3zHhORYvJMpgyRQtICQCyGgWtZnlHQwxJ1Cy6o0 HTTP/1.1" 200 28439
2026-03-07 19:50:58,252 [INFO] django.server: "GET / HTTP/1.1" 200 21134
2026-03-07 19:50:58,290 [WARNING] django.request: Not Found: /.well-known/appspecific/com.chrome.devtools.json
2026-03-07 19:50:58,291 [INFO] document.views: ONLYOFFICE callback generator=13 status=4
2026-03-07 19:50:58,292 [INFO] django.server: "POST /onlyoffice/generator/callback/13 HTTP/1.1" 200 12
2026-03-07 19:50:58,292 [WARNING] django.server: "GET /.well-known/appspecific/com.chrome.devtools.json HTTP/1.1" 404 13055
2026-03-07 19:50:59,319 [INFO] django.server: "GET / HTTP/1.1" 200 21134
2026-03-07 19:50:59,347 [WARNING] django.request: Not Found: /.well-known/appspecific/com.chrome.devtools.json
2026-03-07 19:50:59,348 [WARNING] django.server: "GET /.well-known/appspecific/com.chrome.devtools.json HTTP/1.1" 404 13055
2026-03-07 19:50:59,752 [INFO] django.server: "GET /documents HTTP/1.1" 200 18107
2026-03-07 19:50:59,786 [WARNING] django.request: Not Found: /.well-known/appspecific/com.chrome.devtools.json
2026-03-07 19:50:59,787 [WARNING] django.server: "GET /.well-known/appspecific/com.chrome.devtools.json HTTP/1.1" 404 13055
2026-03-07 19:51:23,174 [INFO] django.server: "GET /employees/ HTTP/1.1" 200 59176
2026-03-07 19:51:23,211 [WARNING] django.request: Not Found: /.well-known/appspecific/com.chrome.devtools.json
2026-03-07 19:51:23,212 [WARNING] django.server: "GET /.well-known/appspecific/com.chrome.devtools.json HTTP/1.1" 404 13055
2026-03-07 19:51:24,264 [INFO] django.server: "GET / HTTP/1.1" 200 21134
2026-03-07 19:51:24,288 [WARNING] django.request: Not Found: /.well-known/appspecific/com.chrome.devtools.json
2026-03-07 19:51:24,289 [WARNING] django.server: "GET /.well-known/appspecific/com.chrome.devtools.json HTTP/1.1" 404 13055
2026-03-07 19:51:25,563 [INFO] django.server: "GET /?status=published&y_min=2021 HTTP/1.1" 200 69616
2026-03-07 19:51:25,592 [WARNING] django.request: Not Found: /.well-known/appspecific/com.chrome.devtools.json
2026-03-07 19:51:25,593 [WARNING] django.server: "GET /.well-known/appspecific/com.chrome.devtools.json HTTP/1.1" 404 13055
2026-03-07 19:51:27,794 [INFO] django.server: "GET /?oa=1 HTTP/1.1" 200 65737
2026-03-07 19:51:27,826 [WARNING] django.request: Not Found: /.well-known/appspecific/com.chrome.devtools.json
2026-03-07 19:51:27,827 [WARNING] django.server: "GET /.well-known/appspecific/com.chrome.devtools.json HTTP/1.1" 404 13055
2026-03-07 19:51:28,655 [INFO] django.server: "GET /?status=published HTTP/1.1" 200 69550
2026-03-07 19:51:28,684 [WARNING] django.request: Not Found: /.well-known/appspecific/com.chrome.devtools.json
2026-03-07 19:51:28,685 [WARNING] django.server: "GET /.well-known/appspecific/com.chrome.devtools.json HTTP/1.1" 404 13055
2026-03-07 19:52:15,757 [INFO] django.server: "GET /?status=published HTTP/1.1" 200 69550
2026-03-07 19:52:15,784 [WARNING] django.request: Not Found: /.well-known/appspecific/com.chrome.devtools.json
2026-03-07 19:52:15,784 [WARNING] django.server: "GET /.well-known/appspecific/com.chrome.devtools.json HTTP/1.1" 404 13055
2026-03-07 19:52:15,794 [INFO] django.server: "GET /static/main/css/style.css HTTP/1.1" 200 10382
2026-03-07 19:52:15,796 [INFO] django.server: "GET /static/main/images/icon.png HTTP/1.1" 200 49378
2026-03-07 19:52:15,811 [INFO] django.server: "GET /static/main/scripts/app_feedback.js HTTP/1.1" 200 1259
2026-03-07 19:52:15,813 [INFO] django.server: "GET /static/main/scripts/main_filter.js HTTP/1.1" 200 9162
2026-03-07 19:52:16,387 [INFO] django.server: "GET /static/main/images/favicon.ico HTTP/1.1" 200 15406
2026-03-07 19:52:19,083 [INFO] django.server: "GET /documents HTTP/1.1" 200 18107
2026-03-07 19:52:19,114 [WARNING] django.request: Not Found: /.well-known/appspecific/com.chrome.devtools.json
2026-03-07 19:52:19,115 [WARNING] django.server: "GET /.well-known/appspecific/com.chrome.devtools.json HTTP/1.1" 404 13055
2026-03-07 19:52:19,122 [INFO] django.server: "GET /static/main/css/style.css HTTP/1.1" 304 0
2026-03-07 19:52:19,921 [INFO] django.server: "GET / HTTP/1.1" 200 21134
2026-03-07 19:52:19,953 [WARNING] django.request: Not Found: /.well-known/appspecific/com.chrome.devtools.json
2026-03-07 19:52:19,953 [WARNING] django.server: "GET /.well-known/appspecific/com.chrome.devtools.json HTTP/1.1" 404 13055
2026-03-07 19:52:20,899 [INFO] django.server: "GET /documents HTTP/1.1" 200 18107
2026-03-07 19:52:20,941 [WARNING] django.request: Not Found: /.well-known/appspecific/com.chrome.devtools.json
2026-03-07 19:52:20,942 [WARNING] django.server: "GET /.well-known/appspecific/com.chrome.devtools.json HTTP/1.1" 404 13055
2026-03-07 19:52:21,403 [INFO] django.server: "GET /documents HTTP/1.1" 200 18107
2026-03-07 19:52:21,437 [WARNING] django.request: Not Found: /.well-known/appspecific/com.chrome.devtools.json
2026-03-07 19:52:21,438 [WARNING] django.server: "GET /.well-known/appspecific/com.chrome.devtools.json HTTP/1.1" 404 13055
2026-03-07 19:52:21,600 [INFO] django.server: "GET /documents HTTP/1.1" 200 18107
2026-03-07 19:52:21,634 [WARNING] django.request: Not Found: /.well-known/appspecific/com.chrome.devtools.json
2026-03-07 19:52:21,635 [WARNING] django.server: "GET /.well-known/appspecific/com.chrome.devtools.json HTTP/1.1" 404 13055
2026-03-07 19:52:22,495 [INFO] django.server: "GET /account/ HTTP/1.1" 200 33885
2026-03-07 19:52:22,916 [WARNING] django.request: Not Found: /.well-known/appspecific/com.chrome.devtools.json
2026-03-07 19:52:22,917 [INFO] django.server: "GET /static/main/css/style.css HTTP/1.1" 304 0
2026-03-07 19:52:22,917 [WARNING] django.server: "GET /.well-known/appspecific/com.chrome.devtools.json HTTP/1.1" 404 13055
2026-03-07 19:52:24,198 [INFO] django.server: "GET /documents HTTP/1.1" 200 18107
2026-03-07 19:52:24,233 [WARNING] django.request: Not Found: /.well-known/appspecific/com.chrome.devtools.json
2026-03-07 19:52:24,234 [WARNING] django.server: "GET /.well-known/appspecific/com.chrome.devtools.json HTTP/1.1" 404 13055
2026-03-07 19:52:34,952 [ERROR] django.request: Internal Server Error: /documents
Traceback (most recent call last):
  File "D:\PROJECTs\su_science\venv\Lib\site-packages\django\core\handlers\exception.py", line 55, in inner
    response = get_response(request)
               ^^^^^^^^^^^^^^^^^^^^^
  File "D:\PROJECTs\su_science\venv\Lib\site-packages\django\core\handlers\base.py", line 198, in _get_response
    response = wrapped_callback(request, *callback_args, **callback_kwargs)
               ^^^^^^^^^^^^^^^^^^^^^^^^^^^^^^^^^^^^^^^^^^^^^^^^^^^^^^^^^^^^
  File "D:\PROJECTs\su_science\project\document\views.py", line 719, in documents_collection
    return render(
           ^^^^^^^
  File "D:\PROJECTs\su_science\venv\Lib\site-packages\django\shortcuts.py", line 25, in render
    content = loader.render_to_string(template_name, context, request, using=using)
              ^^^^^^^^^^^^^^^^^^^^^^^^^^^^^^^^^^^^^^^^^^^^^^^^^^^^^^^^^^^^^^^^^^^^^
  File "D:\PROJECTs\su_science\venv\Lib\site-packages\django\template\loader.py", line 61, in render_to_string
    template = get_template(template_name, using=using)
               ^^^^^^^^^^^^^^^^^^^^^^^^^^^^^^^^^^^^^^^^
  File "D:\PROJECTs\su_science\venv\Lib\site-packages\django\template\loader.py", line 19, in get_template
    raise TemplateDoesNotExist(template_name, chain=chain)
django.template.exceptions.TemplateDoesNotExist: document/main.html
2026-03-07 19:52:34,954 [ERROR] django.server: "GET /documents HTTP/1.1" 500 90959
2026-03-07 19:52:34,996 [WARNING] django.request: Not Found: /.well-known/appspecific/com.chrome.devtools.json
2026-03-07 19:52:34,997 [WARNING] django.server: "GET /.well-known/appspecific/com.chrome.devtools.json HTTP/1.1" 404 13055
2026-03-07 19:52:35,079 [WARNING] django.request: Not Found: /favicon.ico
2026-03-07 19:52:35,080 [WARNING] django.server: "GET /favicon.ico HTTP/1.1" 404 12944
2026-03-07 19:53:19,250 [ERROR] django.request: Internal Server Error: /documents
Traceback (most recent call last):
  File "D:\PROJECTs\su_science\venv\Lib\site-packages\django\core\handlers\exception.py", line 55, in inner
    response = get_response(request)
               ^^^^^^^^^^^^^^^^^^^^^
  File "D:\PROJECTs\su_science\venv\Lib\site-packages\django\core\handlers\base.py", line 198, in _get_response
    response = wrapped_callback(request, *callback_args, **callback_kwargs)
               ^^^^^^^^^^^^^^^^^^^^^^^^^^^^^^^^^^^^^^^^^^^^^^^^^^^^^^^^^^^^
  File "D:\PROJECTs\su_science\project\document\views.py", line 719, in documents_collection
    return render(
           ^^^^^^^
  File "D:\PROJECTs\su_science\venv\Lib\site-packages\django\shortcuts.py", line 25, in render
    content = loader.render_to_string(template_name, context, request, using=using)
              ^^^^^^^^^^^^^^^^^^^^^^^^^^^^^^^^^^^^^^^^^^^^^^^^^^^^^^^^^^^^^^^^^^^^^
  File "D:\PROJECTs\su_science\venv\Lib\site-packages\django\template\loader.py", line 61, in render_to_string
    template = get_template(template_name, using=using)
               ^^^^^^^^^^^^^^^^^^^^^^^^^^^^^^^^^^^^^^^^
  File "D:\PROJECTs\su_science\venv\Lib\site-packages\django\template\loader.py", line 19, in get_template
    raise TemplateDoesNotExist(template_name, chain=chain)
django.template.exceptions.TemplateDoesNotExist: document/main.html
2026-03-07 19:53:19,251 [ERROR] django.server: "GET /documents HTTP/1.1" 500 91224
2026-03-07 19:53:19,280 [WARNING] django.request: Not Found: /.well-known/appspecific/com.chrome.devtools.json
2026-03-07 19:53:19,281 [WARNING] django.server: "GET /.well-known/appspecific/com.chrome.devtools.json HTTP/1.1" 404 13055
2026-03-07 19:53:19,345 [WARNING] django.request: Not Found: /favicon.ico
2026-03-07 19:53:19,345 [WARNING] django.server: "GET /favicon.ico HTTP/1.1" 404 12944
2026-03-07 19:53:19,758 [ERROR] django.request: Internal Server Error: /documents
Traceback (most recent call last):
  File "D:\PROJECTs\su_science\venv\Lib\site-packages\django\core\handlers\exception.py", line 55, in inner
    response = get_response(request)
               ^^^^^^^^^^^^^^^^^^^^^
  File "D:\PROJECTs\su_science\venv\Lib\site-packages\django\core\handlers\base.py", line 198, in _get_response
    response = wrapped_callback(request, *callback_args, **callback_kwargs)
               ^^^^^^^^^^^^^^^^^^^^^^^^^^^^^^^^^^^^^^^^^^^^^^^^^^^^^^^^^^^^
  File "D:\PROJECTs\su_science\project\document\views.py", line 719, in documents_collection
    return render(
           ^^^^^^^
  File "D:\PROJECTs\su_science\venv\Lib\site-packages\django\shortcuts.py", line 25, in render
    content = loader.render_to_string(template_name, context, request, using=using)
              ^^^^^^^^^^^^^^^^^^^^^^^^^^^^^^^^^^^^^^^^^^^^^^^^^^^^^^^^^^^^^^^^^^^^^
  File "D:\PROJECTs\su_science\venv\Lib\site-packages\django\template\loader.py", line 61, in render_to_string
    template = get_template(template_name, using=using)
               ^^^^^^^^^^^^^^^^^^^^^^^^^^^^^^^^^^^^^^^^
  File "D:\PROJECTs\su_science\venv\Lib\site-packages\django\template\loader.py", line 19, in get_template
    raise TemplateDoesNotExist(template_name, chain=chain)
django.template.exceptions.TemplateDoesNotExist: document/main.html
2026-03-07 19:53:19,759 [ERROR] django.server: "GET /documents HTTP/1.1" 500 91224
2026-03-07 19:53:19,784 [WARNING] django.request: Not Found: /.well-known/appspecific/com.chrome.devtools.json
2026-03-07 19:53:19,785 [WARNING] django.server: "GET /.well-known/appspecific/com.chrome.devtools.json HTTP/1.1" 404 13055
2026-03-07 19:53:19,859 [WARNING] django.request: Not Found: /favicon.ico
2026-03-07 19:53:19,859 [WARNING] django.server: "GET /favicon.ico HTTP/1.1" 404 12944
2026-03-07 19:53:19,915 [ERROR] django.request: Internal Server Error: /documents
Traceback (most recent call last):
  File "D:\PROJECTs\su_science\venv\Lib\site-packages\django\core\handlers\exception.py", line 55, in inner
    response = get_response(request)
               ^^^^^^^^^^^^^^^^^^^^^
  File "D:\PROJECTs\su_science\venv\Lib\site-packages\django\core\handlers\base.py", line 198, in _get_response
    response = wrapped_callback(request, *callback_args, **callback_kwargs)
               ^^^^^^^^^^^^^^^^^^^^^^^^^^^^^^^^^^^^^^^^^^^^^^^^^^^^^^^^^^^^
  File "D:\PROJECTs\su_science\project\document\views.py", line 719, in documents_collection
    return render(
           ^^^^^^^
  File "D:\PROJECTs\su_science\venv\Lib\site-packages\django\shortcuts.py", line 25, in render
    content = loader.render_to_string(template_name, context, request, using=using)
              ^^^^^^^^^^^^^^^^^^^^^^^^^^^^^^^^^^^^^^^^^^^^^^^^^^^^^^^^^^^^^^^^^^^^^
  File "D:\PROJECTs\su_science\venv\Lib\site-packages\django\template\loader.py", line 61, in render_to_string
    template = get_template(template_name, using=using)
               ^^^^^^^^^^^^^^^^^^^^^^^^^^^^^^^^^^^^^^^^
  File "D:\PROJECTs\su_science\venv\Lib\site-packages\django\template\loader.py", line 19, in get_template
    raise TemplateDoesNotExist(template_name, chain=chain)
django.template.exceptions.TemplateDoesNotExist: document/main.html
2026-03-07 19:53:19,915 [ERROR] django.server: "GET /documents HTTP/1.1" 500 91224
2026-03-07 19:53:19,940 [WARNING] django.request: Not Found: /.well-known/appspecific/com.chrome.devtools.json
2026-03-07 19:53:19,941 [WARNING] django.server: "GET /.well-known/appspecific/com.chrome.devtools.json HTTP/1.1" 404 13055
2026-03-07 19:53:20,003 [WARNING] django.request: Not Found: /favicon.ico
2026-03-07 19:53:20,003 [WARNING] django.server: "GET /favicon.ico HTTP/1.1" 404 12944
2026-03-07 19:53:20,111 [ERROR] django.request: Internal Server Error: /documents
Traceback (most recent call last):
  File "D:\PROJECTs\su_science\venv\Lib\site-packages\django\core\handlers\exception.py", line 55, in inner
    response = get_response(request)
               ^^^^^^^^^^^^^^^^^^^^^
  File "D:\PROJECTs\su_science\venv\Lib\site-packages\django\core\handlers\base.py", line 198, in _get_response
    response = wrapped_callback(request, *callback_args, **callback_kwargs)
               ^^^^^^^^^^^^^^^^^^^^^^^^^^^^^^^^^^^^^^^^^^^^^^^^^^^^^^^^^^^^
  File "D:\PROJECTs\su_science\project\document\views.py", line 719, in documents_collection
    return render(
           ^^^^^^^
  File "D:\PROJECTs\su_science\venv\Lib\site-packages\django\shortcuts.py", line 25, in render
    content = loader.render_to_string(template_name, context, request, using=using)
              ^^^^^^^^^^^^^^^^^^^^^^^^^^^^^^^^^^^^^^^^^^^^^^^^^^^^^^^^^^^^^^^^^^^^^
  File "D:\PROJECTs\su_science\venv\Lib\site-packages\django\template\loader.py", line 61, in render_to_string
    template = get_template(template_name, using=using)
               ^^^^^^^^^^^^^^^^^^^^^^^^^^^^^^^^^^^^^^^^
  File "D:\PROJECTs\su_science\venv\Lib\site-packages\django\template\loader.py", line 19, in get_template
    raise TemplateDoesNotExist(template_name, chain=chain)
django.template.exceptions.TemplateDoesNotExist: document/main.html
2026-03-07 19:53:20,112 [ERROR] django.server: "GET /documents HTTP/1.1" 500 91224
2026-03-07 19:53:20,139 [WARNING] django.request: Not Found: /.well-known/appspecific/com.chrome.devtools.json
2026-03-07 19:53:20,139 [WARNING] django.server: "GET /.well-known/appspecific/com.chrome.devtools.json HTTP/1.1" 404 13055
2026-03-07 19:53:20,198 [WARNING] django.request: Not Found: /favicon.ico
2026-03-07 19:53:20,199 [WARNING] django.server: "GET /favicon.ico HTTP/1.1" 404 12944
2026-03-07 19:53:20,298 [ERROR] django.request: Internal Server Error: /documents
Traceback (most recent call last):
  File "D:\PROJECTs\su_science\venv\Lib\site-packages\django\core\handlers\exception.py", line 55, in inner
    response = get_response(request)
               ^^^^^^^^^^^^^^^^^^^^^
  File "D:\PROJECTs\su_science\venv\Lib\site-packages\django\core\handlers\base.py", line 198, in _get_response
    response = wrapped_callback(request, *callback_args, **callback_kwargs)
               ^^^^^^^^^^^^^^^^^^^^^^^^^^^^^^^^^^^^^^^^^^^^^^^^^^^^^^^^^^^^
  File "D:\PROJECTs\su_science\project\document\views.py", line 719, in documents_collection
    return render(
           ^^^^^^^
  File "D:\PROJECTs\su_science\venv\Lib\site-packages\django\shortcuts.py", line 25, in render
    content = loader.render_to_string(template_name, context, request, using=using)
              ^^^^^^^^^^^^^^^^^^^^^^^^^^^^^^^^^^^^^^^^^^^^^^^^^^^^^^^^^^^^^^^^^^^^^
  File "D:\PROJECTs\su_science\venv\Lib\site-packages\django\template\loader.py", line 61, in render_to_string
    template = get_template(template_name, using=using)
               ^^^^^^^^^^^^^^^^^^^^^^^^^^^^^^^^^^^^^^^^
  File "D:\PROJECTs\su_science\venv\Lib\site-packages\django\template\loader.py", line 19, in get_template
    raise TemplateDoesNotExist(template_name, chain=chain)
django.template.exceptions.TemplateDoesNotExist: document/main.html
2026-03-07 19:53:20,300 [ERROR] django.server: "GET /documents HTTP/1.1" 500 91224
2026-03-07 19:53:20,327 [WARNING] django.request: Not Found: /.well-known/appspecific/com.chrome.devtools.json
2026-03-07 19:53:20,328 [WARNING] django.server: "GET /.well-known/appspecific/com.chrome.devtools.json HTTP/1.1" 404 13055
2026-03-07 19:53:20,388 [WARNING] django.request: Not Found: /favicon.ico
2026-03-07 19:53:20,389 [WARNING] django.server: "GET /favicon.ico HTTP/1.1" 404 12944
2026-03-07 19:53:20,465 [ERROR] django.request: Internal Server Error: /documents
Traceback (most recent call last):
  File "D:\PROJECTs\su_science\venv\Lib\site-packages\django\core\handlers\exception.py", line 55, in inner
    response = get_response(request)
               ^^^^^^^^^^^^^^^^^^^^^
  File "D:\PROJECTs\su_science\venv\Lib\site-packages\django\core\handlers\base.py", line 198, in _get_response
    response = wrapped_callback(request, *callback_args, **callback_kwargs)
               ^^^^^^^^^^^^^^^^^^^^^^^^^^^^^^^^^^^^^^^^^^^^^^^^^^^^^^^^^^^^
  File "D:\PROJECTs\su_science\project\document\views.py", line 719, in documents_collection
    return render(
           ^^^^^^^
  File "D:\PROJECTs\su_science\venv\Lib\site-packages\django\shortcuts.py", line 25, in render
    content = loader.render_to_string(template_name, context, request, using=using)
              ^^^^^^^^^^^^^^^^^^^^^^^^^^^^^^^^^^^^^^^^^^^^^^^^^^^^^^^^^^^^^^^^^^^^^
  File "D:\PROJECTs\su_science\venv\Lib\site-packages\django\template\loader.py", line 61, in render_to_string
    template = get_template(template_name, using=using)
               ^^^^^^^^^^^^^^^^^^^^^^^^^^^^^^^^^^^^^^^^
  File "D:\PROJECTs\su_science\venv\Lib\site-packages\django\template\loader.py", line 19, in get_template
    raise TemplateDoesNotExist(template_name, chain=chain)
django.template.exceptions.TemplateDoesNotExist: document/main.html
2026-03-07 19:53:20,466 [ERROR] django.server: "GET /documents HTTP/1.1" 500 91224
2026-03-07 19:53:20,495 [WARNING] django.request: Not Found: /.well-known/appspecific/com.chrome.devtools.json
2026-03-07 19:53:20,496 [WARNING] django.server: "GET /.well-known/appspecific/com.chrome.devtools.json HTTP/1.1" 404 13055
2026-03-07 19:53:20,558 [WARNING] django.request: Not Found: /favicon.ico
2026-03-07 19:53:20,559 [WARNING] django.server: "GET /favicon.ico HTTP/1.1" 404 12944
2026-03-07 19:53:20,671 [ERROR] django.request: Internal Server Error: /documents
Traceback (most recent call last):
  File "D:\PROJECTs\su_science\venv\Lib\site-packages\django\core\handlers\exception.py", line 55, in inner
    response = get_response(request)
               ^^^^^^^^^^^^^^^^^^^^^
  File "D:\PROJECTs\su_science\venv\Lib\site-packages\django\core\handlers\base.py", line 198, in _get_response
    response = wrapped_callback(request, *callback_args, **callback_kwargs)
               ^^^^^^^^^^^^^^^^^^^^^^^^^^^^^^^^^^^^^^^^^^^^^^^^^^^^^^^^^^^^
  File "D:\PROJECTs\su_science\project\document\views.py", line 719, in documents_collection
    return render(
           ^^^^^^^
  File "D:\PROJECTs\su_science\venv\Lib\site-packages\django\shortcuts.py", line 25, in render
    content = loader.render_to_string(template_name, context, request, using=using)
              ^^^^^^^^^^^^^^^^^^^^^^^^^^^^^^^^^^^^^^^^^^^^^^^^^^^^^^^^^^^^^^^^^^^^^
  File "D:\PROJECTs\su_science\venv\Lib\site-packages\django\template\loader.py", line 61, in render_to_string
    template = get_template(template_name, using=using)
               ^^^^^^^^^^^^^^^^^^^^^^^^^^^^^^^^^^^^^^^^
  File "D:\PROJECTs\su_science\venv\Lib\site-packages\django\template\loader.py", line 19, in get_template
    raise TemplateDoesNotExist(template_name, chain=chain)
django.template.exceptions.TemplateDoesNotExist: document/main.html
2026-03-07 19:53:20,672 [ERROR] django.server: "GET /documents HTTP/1.1" 500 91224
2026-03-07 19:53:20,758 [WARNING] django.request: Not Found: /.well-known/appspecific/com.chrome.devtools.json
2026-03-07 19:53:20,759 [WARNING] django.server: "GET /.well-known/appspecific/com.chrome.devtools.json HTTP/1.1" 404 13055
2026-03-07 19:53:20,767 [WARNING] django.request: Not Found: /favicon.ico
2026-03-07 19:53:20,768 [WARNING] django.server: "GET /favicon.ico HTTP/1.1" 404 12944
2026-03-07 19:54:29,997 [INFO] django.server: "GET /documents HTTP/1.1" 200 31916
2026-03-07 19:54:30,027 [WARNING] django.request: Not Found: /.well-known/appspecific/com.chrome.devtools.json
2026-03-07 19:54:30,027 [WARNING] django.server: "GET /.well-known/appspecific/com.chrome.devtools.json HTTP/1.1" 404 13055
2026-03-07 19:54:30,037 [INFO] django.server: "GET /static/document/css/style.css HTTP/1.1" 200 2299
2026-03-07 19:54:30,038 [INFO] django.server: "GET /static/main/css/style.css HTTP/1.1" 200 10382
2026-03-07 19:54:30,039 [INFO] django.server: "GET /static/main/images/icon.png HTTP/1.1" 200 49378
2026-03-07 19:54:30,052 [INFO] django.server: "GET /static/main/scripts/app_feedback.js HTTP/1.1" 200 1259
2026-03-07 19:54:35,341 [INFO] django.server: "GET /documents/40/edit HTTP/1.1" 200 20664
2026-03-07 19:54:35,368 [WARNING] django.request: Not Found: /.well-known/appspecific/com.chrome.devtools.json
2026-03-07 19:54:35,369 [WARNING] django.server: "GET /.well-known/appspecific/com.chrome.devtools.json HTTP/1.1" 404 13055
2026-03-07 19:54:35,409 [INFO] document.views: ONLYOFFICE config document=40 user=74 mode=edit key=doc-40-v1
2026-03-07 19:54:35,409 [INFO] django.server: "GET /onlyoffice/config/40 HTTP/1.1" 200 1535
2026-03-07 19:54:35,819 [INFO] document.views: ONLYOFFICE callback document=40 status=1
2026-03-07 19:54:35,819 [INFO] django.server: "POST /onlyoffice/callback/40 HTTP/1.1" 200 12
2026-03-07 19:54:35,831 [INFO] document.views: Document file served document=40
2026-03-07 19:54:35,831 [INFO] django.server: "GET /files/40?access_token=eyJkb2N1bWVudF9pZCI6NDAsInVzZXJfaWQiOjc0LCJ2ZXJzaW9uIjoxfQ%3A1vyt35%3A3SNvGYWBnQ7plLyCva7FsRJ7qi3YCDTuFCgATccsJhI HTTP/1.1" 200 63575
2026-03-07 19:54:43,754 [INFO] django.server: "GET / HTTP/1.1" 200 21134
2026-03-07 19:54:43,781 [WARNING] django.request: Not Found: /.well-known/appspecific/com.chrome.devtools.json
2026-03-07 19:54:43,782 [INFO] document.views: ONLYOFFICE callback document=40 status=4
2026-03-07 19:54:43,786 [INFO] django.server: "POST /onlyoffice/callback/40 HTTP/1.1" 200 12
2026-03-07 19:54:43,786 [WARNING] django.server: "GET /.well-known/appspecific/com.chrome.devtools.json HTTP/1.1" 404 13055
2026-03-07 19:54:44,815 [INFO] django.server: "GET /documents HTTP/1.1" 200 31916
2026-03-07 19:54:44,844 [WARNING] django.request: Not Found: /.well-known/appspecific/com.chrome.devtools.json
2026-03-07 19:54:44,845 [WARNING] django.server: "GET /.well-known/appspecific/com.chrome.devtools.json HTTP/1.1" 404 13055
2026-03-07 19:54:54,248 [INFO] django.server: "GET /account/ HTTP/1.1" 200 61957
2026-03-07 19:54:54,277 [WARNING] django.request: Not Found: /.well-known/appspecific/com.chrome.devtools.json
2026-03-07 19:54:54,278 [WARNING] django.server: "GET /.well-known/appspecific/com.chrome.devtools.json HTTP/1.1" 404 13055
2026-03-07 19:54:54,280 [INFO] django.server: "GET /static/main/css/style.css HTTP/1.1" 304 0
2026-03-07 19:55:14,012 [INFO] django.server: "GET /account/ HTTP/1.1" 200 61955
2026-03-07 19:55:14,041 [WARNING] django.request: Not Found: /.well-known/appspecific/com.chrome.devtools.json
2026-03-07 19:55:14,041 [WARNING] django.server: "GET /.well-known/appspecific/com.chrome.devtools.json HTTP/1.1" 404 13055
2026-03-07 19:55:14,048 [INFO] django.server: "GET /static/main/css/style.css HTTP/1.1" 200 10382
2026-03-07 19:55:14,053 [INFO] django.server: "GET /static/main/images/icon.png HTTP/1.1" 200 49378
2026-03-07 19:55:14,059 [INFO] django.server: "GET /static/main/scripts/app_feedback.js HTTP/1.1" 200 1259
2026-03-07 19:55:14,321 [INFO] django.server: "GET /static/main/images/favicon.ico HTTP/1.1" 200 15406
2026-03-07 19:55:24,081 [INFO] django.server: "GET /account/ HTTP/1.1" 200 61953
2026-03-07 19:55:24,109 [WARNING] django.request: Not Found: /.well-known/appspecific/com.chrome.devtools.json
2026-03-07 19:55:24,110 [WARNING] django.server: "GET /.well-known/appspecific/com.chrome.devtools.json HTTP/1.1" 404 13055
2026-03-07 19:55:24,125 [INFO] django.server: "GET /static/main/css/style.css HTTP/1.1" 200 10382
2026-03-07 19:55:24,126 [INFO] django.server: "GET /static/main/images/icon.png HTTP/1.1" 200 49378
2026-03-07 19:55:24,129 [INFO] django.server: "GET /static/main/scripts/app_feedback.js HTTP/1.1" 200 1259
2026-03-07 19:55:24,298 [INFO] django.server: "GET /static/main/images/favicon.ico HTTP/1.1" 200 15406
2026-03-07 19:55:59,681 [INFO] django.server: "GET /employees/ HTTP/1.1" 200 59174
2026-03-07 19:55:59,710 [WARNING] django.request: Not Found: /.well-known/appspecific/com.chrome.devtools.json
2026-03-07 19:55:59,710 [WARNING] django.server: "GET /.well-known/appspecific/com.chrome.devtools.json HTTP/1.1" 404 13055
2026-03-07 19:55:59,716 [INFO] django.server: "GET /static/main/css/style.css HTTP/1.1" 304 0
2026-03-07 19:56:02,570 [INFO] django.server: "GET /?staff_user=1&status=published HTTP/1.1" 200 46970
2026-03-07 19:56:02,599 [WARNING] django.request: Not Found: /.well-known/appspecific/com.chrome.devtools.json
2026-03-07 19:56:02,599 [WARNING] django.server: "GET /.well-known/appspecific/com.chrome.devtools.json HTTP/1.1" 404 13055
2026-03-07 19:56:10,993 [INFO] django.server: "GET /?staff_user=1&status=published HTTP/1.1" 200 46970
2026-03-07 19:56:11,023 [WARNING] django.request: Not Found: /.well-known/appspecific/com.chrome.devtools.json
2026-03-07 19:56:11,024 [WARNING] django.server: "GET /.well-known/appspecific/com.chrome.devtools.json HTTP/1.1" 404 13055
2026-03-07 19:56:11,036 [INFO] django.server: "GET /static/main/css/style.css HTTP/1.1" 200 10382
2026-03-07 19:56:11,036 [INFO] django.server: "GET /static/main/images/icon.png HTTP/1.1" 200 49378
2026-03-07 19:56:11,044 [INFO] django.server: "GET /static/main/scripts/app_feedback.js HTTP/1.1" 200 1259
2026-03-07 19:56:11,044 [INFO] django.server: "GET /static/main/scripts/main_filter.js HTTP/1.1" 200 9162
2026-03-07 19:56:11,236 [INFO] django.server: "GET /static/main/images/favicon.ico HTTP/1.1" 200 15406
2026-03-07 19:56:11,733 [INFO] django.server: "GET /?staff_user=1&status=published HTTP/1.1" 200 46970
2026-03-07 19:56:11,763 [WARNING] django.request: Not Found: /.well-known/appspecific/com.chrome.devtools.json
2026-03-07 19:56:11,763 [WARNING] django.server: "GET /.well-known/appspecific/com.chrome.devtools.json HTTP/1.1" 404 13055
2026-03-07 19:56:11,774 [INFO] django.server: "GET /static/main/css/style.css HTTP/1.1" 200 10382
2026-03-07 19:56:11,775 [INFO] django.server: "GET /static/main/images/icon.png HTTP/1.1" 200 49378
2026-03-07 19:56:11,782 [INFO] django.server: "GET /static/main/scripts/main_filter.js HTTP/1.1" 200 9162
2026-03-07 19:56:11,782 [INFO] django.server: "GET /static/main/scripts/app_feedback.js HTTP/1.1" 200 1259
2026-03-07 19:56:11,917 [INFO] django.server: "GET /?staff_user=1&status=published HTTP/1.1" 200 46970
2026-03-07 19:56:11,948 [WARNING] django.request: Not Found: /.well-known/appspecific/com.chrome.devtools.json
2026-03-07 19:56:11,948 [WARNING] django.server: "GET /.well-known/appspecific/com.chrome.devtools.json HTTP/1.1" 404 13055
2026-03-07 19:56:11,956 [INFO] django.server: "GET /static/main/css/style.css HTTP/1.1" 200 10382
2026-03-07 19:56:11,957 [INFO] django.server: "GET /static/main/images/icon.png HTTP/1.1" 200 49378
2026-03-07 19:56:11,972 [INFO] django.server: "GET /static/main/scripts/app_feedback.js HTTP/1.1" 200 1259
2026-03-07 19:56:11,973 [INFO] django.server: "GET /static/main/scripts/main_filter.js HTTP/1.1" 200 9162
2026-03-07 19:56:12,133 [INFO] django.server: "GET /static/main/images/favicon.ico HTTP/1.1" 200 15406
2026-03-07 19:56:21,068 [INFO] django.server: "GET /?staff_user=1&status=published HTTP/1.1" 200 46970
2026-03-07 19:56:21,100 [WARNING] django.request: Not Found: /.well-known/appspecific/com.chrome.devtools.json
2026-03-07 19:56:21,101 [WARNING] django.server: "GET /.well-known/appspecific/com.chrome.devtools.json HTTP/1.1" 404 13055
2026-03-07 19:56:21,110 [INFO] django.server: "GET /static/main/css/style.css HTTP/1.1" 200 10382
2026-03-07 19:56:21,111 [INFO] django.server: "GET /static/main/images/icon.png HTTP/1.1" 200 49378
2026-03-07 19:56:21,120 [INFO] django.server: "GET /static/main/scripts/main_filter.js HTTP/1.1" 200 9162
2026-03-07 19:56:21,120 [INFO] django.server: "GET /static/main/scripts/app_feedback.js HTTP/1.1" 200 1259
2026-03-07 19:56:21,368 [INFO] django.server: "GET /static/main/images/favicon.ico HTTP/1.1" 200 15406
2026-03-07 19:57:25,304 [INFO] django.server: "GET /?staff_user=1&status=published HTTP/1.1" 200 46970
2026-03-07 19:57:25,330 [INFO] django.server: "GET /static/main/css/style.css HTTP/1.1" 200 10382
2026-03-07 19:57:25,331 [INFO] django.server: "GET /static/main/images/icon.png HTTP/1.1" 200 49378
2026-03-07 19:57:25,342 [INFO] django.server: "GET /static/main/scripts/app_feedback.js HTTP/1.1" 200 1259
2026-03-07 19:57:25,342 [INFO] django.server: "GET /static/main/scripts/main_filter.js HTTP/1.1" 200 9162
2026-03-07 19:57:25,924 [INFO] django.server: "GET /static/main/images/favicon.ico HTTP/1.1" 200 15406
2026-03-07 19:57:26,505 [INFO] django.server: "GET /?staff_user=1&status=published HTTP/1.1" 200 46970
2026-03-07 19:57:26,543 [INFO] django.server: "GET /static/main/css/style.css HTTP/1.1" 200 10382
2026-03-07 19:57:26,543 [INFO] django.server: "GET /static/main/scripts/app_feedback.js HTTP/1.1" 200 1259
2026-03-07 19:57:26,543 [INFO] django.server: "GET /static/main/images/icon.png HTTP/1.1" 200 49378
2026-03-07 19:57:26,547 [INFO] django.server: "GET /static/main/scripts/main_filter.js HTTP/1.1" 200 9162
2026-03-07 19:57:26,753 [INFO] django.server: "GET /static/main/images/favicon.ico HTTP/1.1" 200 15406
2026-03-07 19:57:28,023 [INFO] django.server: "GET /?staff_user=1&status=published HTTP/1.1" 200 46970
2026-03-07 19:57:28,071 [INFO] django.server: "GET /static/main/scripts/app_feedback.js HTTP/1.1" 200 1259
2026-03-07 19:57:28,071 [INFO] django.server: "GET /static/main/scripts/main_filter.js HTTP/1.1" 200 9162
2026-03-07 19:57:28,071 [INFO] django.server: "GET /static/main/css/style.css HTTP/1.1" 200 10382
2026-03-07 19:57:28,071 [INFO] django.server: "GET /static/main/images/icon.png HTTP/1.1" 200 49378
2026-03-07 19:57:28,332 [INFO] django.server: "GET /static/main/images/favicon.ico HTTP/1.1" 200 15406
2026-03-07 19:57:37,231 [INFO] django.server: "GET /documents HTTP/1.1" 200 31914
2026-03-07 19:57:38,541 [INFO] django.server: "GET / HTTP/1.1" 200 21132
2026-03-07 19:57:39,197 [INFO] django.server: "GET /documents HTTP/1.1" 200 31914
2026-03-07 19:57:40,209 [INFO] document.views: Template created id=27 owner=74 file_type=docx has_file=True content_len=0
2026-03-07 19:57:40,210 [INFO] django.server: "POST /generators/create HTTP/1.1" 302 0
2026-03-07 19:57:40,222 [INFO] django.server: "GET /generators/27/edit HTTP/1.1" 200 228375
2026-03-07 19:57:40,267 [INFO] document.views: ONLYOFFICE config generator=27 user=74 mode=edit key=gen-27-1772895460-s2437
2026-03-07 19:57:40,268 [INFO] django.server: "GET /onlyoffice/generator/config/27 HTTP/1.1" 200 1593
2026-03-07 19:57:40,601 [INFO] document.views: ONLYOFFICE callback generator=27 status=1
2026-03-07 19:57:40,601 [INFO] django.server: "POST /onlyoffice/generator/callback/27 HTTP/1.1" 200 12
2026-03-07 19:57:40,612 [INFO] document.views: Generator file served generator=27
2026-03-07 19:57:40,612 [INFO] django.server: "GET /generator-files/27?access_token=eyJnZW5lcmF0b3JfaWQiOjI3LCJ1c2VyX2lkIjo3NH0%3A1vyt64%3AUHWQ1gn5gerB6MfnU22euAQbrJjvXjJpMMmT5GxmUOs HTTP/1.1" 200 2437
2026-03-07 19:57:47,116 [INFO] django.server: "GET /documents HTTP/1.1" 200 34491
2026-03-07 19:57:47,134 [INFO] document.views: ONLYOFFICE callback generator=27 status=4
2026-03-07 19:57:47,135 [INFO] django.server: "POST /onlyoffice/generator/callback/27 HTTP/1.1" 200 12
2026-03-07 19:57:51,716 [INFO] document.views: Template deleted id=27 user=74
2026-03-07 19:57:51,717 [INFO] django.server: "DELETE /generators/27 HTTP/1.1" 200 21
2026-03-07 19:59:00,840 [INFO] django.server: "GET /account/ HTTP/1.1" 200 61953
2026-03-07 19:59:01,092 [INFO] django.server: "GET /static/main/css/style.css HTTP/1.1" 304 0
2026-03-07 19:59:01,980 [INFO] django.server: "POST /account/logout/ HTTP/1.1" 302 0
2026-03-07 19:59:01,986 [INFO] django.server: "GET /account/ HTTP/1.1" 200 10833
2026-03-07 19:59:02,584 [INFO] django.server: "GET /documents HTTP/1.1" 200 7565
2026-03-07 19:59:03,244 [INFO] django.server: "GET /documents HTTP/1.1" 200 7565
2026-03-07 19:59:03,407 [INFO] django.server: "GET /documents HTTP/1.1" 200 7565
2026-03-07 19:59:04,240 [INFO] django.server: "GET /account/ HTTP/1.1" 200 10833
2026-03-07 19:59:06,198 [INFO] django.server: "POST /account/ HTTP/1.1" 302 0
2026-03-07 19:59:06,210 [INFO] django.server: "GET /account/ HTTP/1.1" 200 61953
2026-03-07 19:59:17,568 [INFO] django.server: "GET /employees/ HTTP/1.1" 200 59174
2026-03-07 19:59:18,889 [INFO] django.server: "GET / HTTP/1.1" 200 21132
2026-03-07 19:59:22,745 [INFO] django.server: "GET / HTTP/1.1" 200 21132
2026-03-07 19:59:23,629 [INFO] django.server: "GET /account/ HTTP/1.1" 200 61953
2026-03-07 19:59:25,608 [INFO] django.server: "GET /documents HTTP/1.1" 200 31914
2026-03-07 20:00:00,433 [INFO] django.server: "GET /documents HTTP/1.1" 200 31914
2026-03-07 20:00:00,469 [INFO] django.server: "GET /static/main/css/style.css HTTP/1.1" 304 0
2026-03-07 20:00:00,471 [INFO] django.server: "GET /static/document/css/style.css HTTP/1.1" 304 0
2026-03-07 20:00:09,831 [INFO] django.server: "GET /documents HTTP/1.1" 200 32342
2026-03-07 20:00:09,875 [INFO] django.server: "GET /static/main/css/style.css HTTP/1.1" 200 10382
2026-03-07 20:00:09,875 [INFO] django.server: "GET /static/document/css/style.css HTTP/1.1" 200 2299
2026-03-07 20:00:09,875 [INFO] django.server: "GET /static/main/scripts/app_feedback.js HTTP/1.1" 200 1259
2026-03-07 20:00:09,876 [INFO] django.server: "GET /static/main/images/icon.png HTTP/1.1" 200 49378
2026-03-07 20:00:10,074 [INFO] django.server: "GET /static/main/images/favicon.ico HTTP/1.1" 200 15406
2026-03-07 20:00:11,482 [INFO] django.server: "GET /documents HTTP/1.1" 200 32342
2026-03-07 20:00:11,515 [INFO] django.server: "GET /static/main/css/style.css HTTP/1.1" 200 10382
2026-03-07 20:00:11,516 [INFO] django.server: "GET /static/document/css/style.css HTTP/1.1" 200 2299
2026-03-07 20:00:11,521 [INFO] django.server: "GET /static/main/scripts/app_feedback.js HTTP/1.1" 200 1259
2026-03-07 20:00:11,521 [INFO] django.server: "GET /static/main/images/icon.png HTTP/1.1" 200 49378
2026-03-07 20:00:11,692 [INFO] django.server: "GET /static/main/images/favicon.ico HTTP/1.1" 200 15406
2026-03-07 20:00:12,149 [INFO] django.server: "GET /documents HTTP/1.1" 200 32342
2026-03-07 20:00:12,189 [INFO] django.server: "GET /static/main/scripts/app_feedback.js HTTP/1.1" 200 1259
2026-03-07 20:00:12,190 [INFO] django.server: "GET /static/main/css/style.css HTTP/1.1" 200 10382
2026-03-07 20:00:12,190 [INFO] django.server: "GET /static/document/css/style.css HTTP/1.1" 200 2299
2026-03-07 20:00:12,190 [INFO] django.server: "GET /static/main/images/icon.png HTTP/1.1" 200 49378
2026-03-07 20:00:12,305 [INFO] django.server: "GET /documents HTTP/1.1" 200 32342
2026-03-07 20:00:12,340 [INFO] django.server: "GET /static/main/css/style.css HTTP/1.1" 200 10382
2026-03-07 20:00:12,340 [INFO] django.server: "GET /static/main/scripts/app_feedback.js HTTP/1.1" 200 1259
2026-03-07 20:00:12,340 [INFO] django.server: "GET /static/document/css/style.css HTTP/1.1" 200 2299
2026-03-07 20:00:12,340 [INFO] django.server: "GET /static/main/images/icon.png HTTP/1.1" 200 49378
2026-03-07 20:00:12,476 [INFO] django.server: "GET /documents HTTP/1.1" 200 32342
2026-03-07 20:00:12,510 [INFO] django.server: "GET /static/document/css/style.css HTTP/1.1" 200 2299
2026-03-07 20:00:12,511 [INFO] django.server: "GET /static/main/css/style.css HTTP/1.1" 200 10382
2026-03-07 20:00:12,512 [INFO] django.server: "GET /static/main/scripts/app_feedback.js HTTP/1.1" 200 1259
2026-03-07 20:00:12,513 [INFO] django.server: "GET /static/main/images/icon.png HTTP/1.1" 200 49378
2026-03-07 20:00:12,687 [INFO] django.server: "GET /static/main/images/favicon.ico HTTP/1.1" 200 15406
2026-03-07 20:00:55,676 [INFO] django.server: "GET /documents HTTP/1.1" 200 32342
2026-03-07 20:00:55,720 [INFO] django.server: "GET /static/main/scripts/app_feedback.js HTTP/1.1" 200 1259
2026-03-07 20:00:55,720 [INFO] django.server: "GET /static/main/css/style.css HTTP/1.1" 200 10382
2026-03-07 20:00:55,720 [INFO] django.server: "GET /static/document/css/style.css HTTP/1.1" 200 3529
2026-03-07 20:00:55,721 [INFO] django.server: "GET /static/main/images/icon.png HTTP/1.1" 200 49378
2026-03-07 20:00:55,989 [INFO] django.server: "GET /static/main/images/favicon.ico HTTP/1.1" 200 15406
2026-03-07 20:01:11,099 [INFO] document.views: Template created id=28 owner=74 file_type=docx has_file=True content_len=0
2026-03-07 20:01:11,099 [INFO] django.server: "POST /generators/create HTTP/1.1" 302 0
2026-03-07 20:01:11,112 [INFO] django.server: "GET /generators/28/edit HTTP/1.1" 200 228375
2026-03-07 20:01:11,147 [INFO] django.server: "GET /static/document/css/style.css HTTP/1.1" 304 0
2026-03-07 20:01:11,172 [INFO] document.views: ONLYOFFICE config generator=28 user=74 mode=edit key=gen-28-1772895671-s2437
2026-03-07 20:01:11,173 [INFO] django.server: "GET /onlyoffice/generator/config/28 HTTP/1.1" 200 1593
2026-03-07 20:01:11,510 [INFO] document.views: ONLYOFFICE callback generator=28 status=1
2026-03-07 20:01:11,510 [INFO] django.server: "POST /onlyoffice/generator/callback/28 HTTP/1.1" 200 12
2026-03-07 20:01:11,520 [INFO] document.views: Generator file served generator=28
2026-03-07 20:01:11,521 [INFO] django.server: "GET /generator-files/28?access_token=eyJnZW5lcmF0b3JfaWQiOjI4LCJ1c2VyX2lkIjo3NH0%3A1vyt9T%3AXYHn-VECfX9P9WuuoQ50YcRMGotnFrSBXMEVl6sHYxc HTTP/1.1" 200 2437
2026-03-07 20:01:15,091 [INFO] document.views: Template deleted id=28 user=74
2026-03-07 20:01:15,092 [INFO] django.server: "DELETE /generators/28 HTTP/1.1" 200 21
2026-03-07 20:01:15,112 [INFO] django.server: "GET /documents HTTP/1.1" 200 32342
2026-03-07 20:01:15,132 [WARNING] django.request: Not Found: /onlyoffice/generator/callback/28
2026-03-07 20:01:15,132 [WARNING] django.server: "POST /onlyoffice/generator/callback/28 HTTP/1.1" 404 12
2026-03-07 20:01:16,854 [INFO] django.server: "GET / HTTP/1.1" 200 21132
2026-03-07 20:01:19,322 [INFO] django.server: "GET /?oa=1 HTTP/1.1" 200 64670
2026-03-07 20:01:21,790 [WARNING] django.request: Not Found: /.well-known/appspecific/com.chrome.devtools.json
2026-03-07 20:01:21,791 [WARNING] django.server: "GET /.well-known/appspecific/com.chrome.devtools.json HTTP/1.1" 404 13055
2026-03-07 20:01:46,799 [INFO] django.server: "GET /?oa=1 HTTP/1.1" 200 64670
2026-03-07 20:01:46,833 [WARNING] django.request: Not Found: /.well-known/appspecific/com.chrome.devtools.json
2026-03-07 20:01:46,833 [WARNING] django.server: "GET /.well-known/appspecific/com.chrome.devtools.json HTTP/1.1" 404 13055
2026-03-07 20:01:46,834 [INFO] django.server: "GET /static/main/css/style.css HTTP/1.1" 200 10382
2026-03-07 20:01:46,842 [INFO] django.server: "GET /static/main/images/icon.png HTTP/1.1" 200 49378
2026-03-07 20:01:46,848 [INFO] django.server: "GET /static/main/scripts/app_feedback.js HTTP/1.1" 200 1259
2026-03-07 20:01:46,848 [INFO] django.server: "GET /static/main/scripts/main_filter.js HTTP/1.1" 200 9162
2026-03-07 20:01:47,131 [INFO] django.server: "GET /static/main/images/favicon.ico HTTP/1.1" 200 15406
2026-03-07 20:01:52,481 [INFO] django.server: "GET /?oa=1 HTTP/1.1" 200 64670
2026-03-07 20:01:52,510 [WARNING] django.request: Not Found: /.well-known/appspecific/com.chrome.devtools.json
2026-03-07 20:01:52,511 [WARNING] django.server: "GET /.well-known/appspecific/com.chrome.devtools.json HTTP/1.1" 404 13055
2026-03-07 20:01:52,515 [INFO] django.server: "GET /static/main/css/style.css HTTP/1.1" 200 10382
2026-03-07 20:01:52,522 [INFO] django.server: "GET /static/main/images/icon.png HTTP/1.1" 200 49378
2026-03-07 20:01:52,529 [INFO] django.server: "GET /static/main/scripts/app_feedback.js HTTP/1.1" 200 1259
2026-03-07 20:01:52,529 [INFO] django.server: "GET /static/main/scripts/main_filter.js HTTP/1.1" 200 9162
2026-03-07 20:01:52,708 [INFO] django.server: "GET /static/main/images/favicon.ico HTTP/1.1" 200 15406
2026-03-07 20:01:53,571 [INFO] django.server: "GET /documents HTTP/1.1" 200 32342
2026-03-07 20:01:53,603 [WARNING] django.request: Not Found: /.well-known/appspecific/com.chrome.devtools.json
2026-03-07 20:01:53,603 [WARNING] django.server: "GET /.well-known/appspecific/com.chrome.devtools.json HTTP/1.1" 404 13055
2026-03-07 20:01:53,604 [INFO] django.server: "GET /static/document/css/style.css HTTP/1.1" 304 0
2026-03-07 20:01:56,172 [INFO] django.server: "GET /documents/40/edit HTTP/1.1" 200 21604
2026-03-07 20:01:56,211 [WARNING] django.request: Not Found: /.well-known/appspecific/com.chrome.devtools.json
2026-03-07 20:01:56,212 [WARNING] django.server: "GET /.well-known/appspecific/com.chrome.devtools.json HTTP/1.1" 404 13055
2026-03-07 20:01:56,244 [INFO] document.views: ONLYOFFICE config document=40 user=74 mode=edit key=doc-40-v1
2026-03-07 20:01:56,245 [INFO] django.server: "GET /onlyoffice/config/40 HTTP/1.1" 200 1535
2026-03-07 20:01:56,634 [INFO] document.views: ONLYOFFICE callback document=40 status=1
2026-03-07 20:01:56,634 [INFO] django.server: "POST /onlyoffice/callback/40 HTTP/1.1" 200 12
2026-03-07 20:01:58,856 [INFO] django.server: "GET / HTTP/1.1" 200 21132
2026-03-07 20:01:58,889 [INFO] document.views: ONLYOFFICE callback document=40 status=4
2026-03-07 20:01:58,890 [INFO] django.server: "POST /onlyoffice/callback/40 HTTP/1.1" 200 12
2026-03-07 20:01:58,905 [WARNING] django.request: Not Found: /.well-known/appspecific/com.chrome.devtools.json
2026-03-07 20:01:58,905 [WARNING] django.server: "GET /.well-known/appspecific/com.chrome.devtools.json HTTP/1.1" 404 13055
2026-03-07 20:02:53,756 [INFO] django.server: "GET / HTTP/1.1" 200 21132
2026-03-07 20:02:53,778 [WARNING] django.request: Not Found: /.well-known/appspecific/com.chrome.devtools.json
2026-03-07 20:02:53,779 [WARNING] django.server: "GET /.well-known/appspecific/com.chrome.devtools.json HTTP/1.1" 404 13055
2026-03-07 20:02:53,790 [INFO] django.server: "GET /static/main/css/style.css HTTP/1.1" 200 10437
2026-03-07 20:02:53,790 [INFO] django.server: "GET /static/main/images/icon.png HTTP/1.1" 200 49378
2026-03-07 20:02:53,805 [INFO] django.server: "GET /static/main/scripts/main_filter.js HTTP/1.1" 200 9162
2026-03-07 20:02:53,805 [INFO] django.server: "GET /static/main/scripts/app_feedback.js HTTP/1.1" 200 1259
2026-03-07 20:02:54,186 [INFO] django.server: "GET /static/main/images/favicon.ico HTTP/1.1" 200 15406
2026-03-07 20:02:55,277 [INFO] django.server: "GET /?oa=1 HTTP/1.1" 200 64670
2026-03-07 20:02:55,304 [WARNING] django.request: Not Found: /.well-known/appspecific/com.chrome.devtools.json
2026-03-07 20:02:55,305 [WARNING] django.server: "GET /.well-known/appspecific/com.chrome.devtools.json HTTP/1.1" 404 13055
2026-03-07 20:02:55,311 [INFO] django.server: "GET /static/main/css/style.css HTTP/1.1" 304 0
2026-03-07 20:02:56,157 [INFO] django.server: "GET /?oa=1 HTTP/1.1" 200 64670
2026-03-07 20:02:56,182 [WARNING] django.request: Not Found: /.well-known/appspecific/com.chrome.devtools.json
2026-03-07 20:02:56,183 [WARNING] django.server: "GET /.well-known/appspecific/com.chrome.devtools.json HTTP/1.1" 404 13055
2026-03-07 20:02:56,191 [INFO] django.server: "GET /static/main/css/style.css HTTP/1.1" 200 10437
2026-03-07 20:02:56,191 [INFO] django.server: "GET /static/main/images/icon.png HTTP/1.1" 200 49378
2026-03-07 20:02:56,208 [INFO] django.server: "GET /static/main/scripts/app_feedback.js HTTP/1.1" 200 1259
2026-03-07 20:02:56,208 [INFO] django.server: "GET /static/main/scripts/main_filter.js HTTP/1.1" 200 9162
2026-03-07 20:02:56,387 [INFO] django.server: "GET /static/main/images/favicon.ico HTTP/1.1" 200 15406
2026-03-07 20:02:56,739 [INFO] django.server: "GET /?oa=1 HTTP/1.1" 200 64670
2026-03-07 20:02:56,766 [WARNING] django.request: Not Found: /.well-known/appspecific/com.chrome.devtools.json
2026-03-07 20:02:56,767 [WARNING] django.server: "GET /.well-known/appspecific/com.chrome.devtools.json HTTP/1.1" 404 13055
2026-03-07 20:02:56,776 [INFO] django.server: "GET /static/main/css/style.css HTTP/1.1" 200 10437
2026-03-07 20:02:56,776 [INFO] django.server: "GET /static/main/images/icon.png HTTP/1.1" 200 49378
2026-03-07 20:02:56,788 [INFO] django.server: "GET /static/main/scripts/app_feedback.js HTTP/1.1" 200 1259
2026-03-07 20:02:56,788 [INFO] django.server: "GET /static/main/scripts/main_filter.js HTTP/1.1" 200 9162
2026-03-07 20:02:56,964 [INFO] django.server: "GET /static/main/images/favicon.ico HTTP/1.1" 200 15406
2026-03-07 20:02:57,167 [INFO] django.server: "GET /?oa=1 HTTP/1.1" 200 64670
2026-03-07 20:02:57,196 [WARNING] django.request: Not Found: /.well-known/appspecific/com.chrome.devtools.json
2026-03-07 20:02:57,196 [WARNING] django.server: "GET /.well-known/appspecific/com.chrome.devtools.json HTTP/1.1" 404 13055
2026-03-07 20:02:57,209 [INFO] django.server: "GET /static/main/css/style.css HTTP/1.1" 200 10437
2026-03-07 20:02:57,210 [INFO] django.server: "GET /static/main/images/icon.png HTTP/1.1" 200 49378
2026-03-07 20:02:57,221 [INFO] django.server: "GET /static/main/scripts/app_feedback.js HTTP/1.1" 200 1259
2026-03-07 20:02:57,221 [INFO] django.server: "GET /static/main/scripts/main_filter.js HTTP/1.1" 200 9162
2026-03-07 20:02:57,378 [INFO] django.server: "GET /static/main/images/favicon.ico HTTP/1.1" 200 15406
2026-03-07 20:02:57,798 [INFO] django.server: "GET /documents HTTP/1.1" 200 32342
2026-03-07 20:02:57,831 [WARNING] django.request: Not Found: /.well-known/appspecific/com.chrome.devtools.json
2026-03-07 20:02:57,831 [WARNING] django.server: "GET /.well-known/appspecific/com.chrome.devtools.json HTTP/1.1" 404 13055
2026-03-07 20:02:57,837 [INFO] django.server: "GET /static/main/css/style.css HTTP/1.1" 304 0
2026-03-07 20:02:57,840 [INFO] django.server: "GET /static/document/css/style.css HTTP/1.1" 304 0
2026-03-07 20:02:58,320 [INFO] django.server: "GET /documents HTTP/1.1" 200 32342
2026-03-07 20:02:58,347 [WARNING] django.request: Not Found: /.well-known/appspecific/com.chrome.devtools.json
2026-03-07 20:02:58,348 [WARNING] django.server: "GET /.well-known/appspecific/com.chrome.devtools.json HTTP/1.1" 404 13055
2026-03-07 20:02:58,358 [INFO] django.server: "GET /static/document/css/style.css HTTP/1.1" 200 3529
2026-03-07 20:02:58,358 [INFO] django.server: "GET /static/main/css/style.css HTTP/1.1" 200 10437
2026-03-07 20:02:58,359 [INFO] django.server: "GET /static/main/images/icon.png HTTP/1.1" 200 49378
2026-03-07 20:02:58,370 [INFO] django.server: "GET /static/main/scripts/app_feedback.js HTTP/1.1" 200 1259
2026-03-07 20:02:58,634 [INFO] django.server: "GET /static/main/images/favicon.ico HTTP/1.1" 200 15406
2026-03-07 20:02:58,844 [INFO] django.server: "GET /documents HTTP/1.1" 200 32342
2026-03-07 20:02:58,871 [WARNING] django.request: Not Found: /.well-known/appspecific/com.chrome.devtools.json
2026-03-07 20:02:58,872 [WARNING] django.server: "GET /.well-known/appspecific/com.chrome.devtools.json HTTP/1.1" 404 13055
2026-03-07 20:02:58,882 [INFO] django.server: "GET /static/document/css/style.css HTTP/1.1" 200 3529
2026-03-07 20:02:58,882 [INFO] django.server: "GET /static/main/css/style.css HTTP/1.1" 200 10437
2026-03-07 20:02:58,882 [INFO] django.server: "GET /static/main/images/icon.png HTTP/1.1" 200 49378
2026-03-07 20:02:58,896 [INFO] django.server: "GET /static/main/scripts/app_feedback.js HTTP/1.1" 200 1259
2026-03-07 20:02:59,368 [INFO] django.server: "GET /static/main/images/favicon.ico HTTP/1.1" 200 15406
2026-03-07 20:03:19,486 [INFO] django.server: "GET /documents HTTP/1.1" 200 32342
2026-03-07 20:03:19,515 [WARNING] django.request: Not Found: /.well-known/appspecific/com.chrome.devtools.json
2026-03-07 20:03:19,515 [WARNING] django.server: "GET /.well-known/appspecific/com.chrome.devtools.json HTTP/1.1" 404 13055
2026-03-07 20:03:19,528 [INFO] django.server: "GET /static/document/css/style.css HTTP/1.1" 200 3529
2026-03-07 20:03:19,528 [INFO] django.server: "GET /static/main/css/style.css HTTP/1.1" 200 10437
2026-03-07 20:03:19,529 [INFO] django.server: "GET /static/main/images/icon.png HTTP/1.1" 200 49378
2026-03-07 20:03:19,540 [INFO] django.server: "GET /static/main/scripts/app_feedback.js HTTP/1.1" 200 1259
2026-03-07 20:03:19,803 [INFO] django.server: "GET /static/main/images/favicon.ico HTTP/1.1" 200 15406
2026-03-07 20:03:20,071 [INFO] django.server: "GET /documents HTTP/1.1" 200 32342
2026-03-07 20:03:20,097 [WARNING] django.request: Not Found: /.well-known/appspecific/com.chrome.devtools.json
2026-03-07 20:03:20,098 [WARNING] django.server: "GET /.well-known/appspecific/com.chrome.devtools.json HTTP/1.1" 404 13055
2026-03-07 20:03:20,106 [INFO] django.server: "GET /static/document/css/style.css HTTP/1.1" 200 3529
2026-03-07 20:03:20,107 [INFO] django.server: "GET /static/main/css/style.css HTTP/1.1" 200 10437
2026-03-07 20:03:20,107 [INFO] django.server: "GET /static/main/images/icon.png HTTP/1.1" 200 49378
2026-03-07 20:03:20,125 [INFO] django.server: "GET /static/main/scripts/app_feedback.js HTTP/1.1" 200 1259
2026-03-07 20:03:20,340 [INFO] django.server: "GET /static/main/images/favicon.ico HTTP/1.1" 200 15406
2026-03-07 20:03:21,845 [INFO] django.server: "GET / HTTP/1.1" 200 21132
2026-03-07 20:03:21,881 [WARNING] django.request: Not Found: /.well-known/appspecific/com.chrome.devtools.json
2026-03-07 20:03:21,882 [WARNING] django.server: "GET /.well-known/appspecific/com.chrome.devtools.json HTTP/1.1" 404 13055
2026-03-07 20:03:22,850 [INFO] django.server: "GET /employees/ HTTP/1.1" 200 59174
2026-03-07 20:03:22,883 [WARNING] django.request: Not Found: /.well-known/appspecific/com.chrome.devtools.json
2026-03-07 20:03:22,885 [INFO] django.server: "GET /static/main/css/style.css HTTP/1.1" 304 0
2026-03-07 20:03:22,885 [WARNING] django.server: "GET /.well-known/appspecific/com.chrome.devtools.json HTTP/1.1" 404 13055
2026-03-07 20:03:23,388 [INFO] django.server: "GET / HTTP/1.1" 200 21132
2026-03-07 20:03:23,422 [WARNING] django.request: Not Found: /.well-known/appspecific/com.chrome.devtools.json
2026-03-07 20:03:23,423 [WARNING] django.server: "GET /.well-known/appspecific/com.chrome.devtools.json HTTP/1.1" 404 13055
2026-03-07 20:03:23,806 [INFO] django.server: "GET /employees/ HTTP/1.1" 200 59174
2026-03-07 20:03:23,841 [WARNING] django.request: Not Found: /.well-known/appspecific/com.chrome.devtools.json
2026-03-07 20:03:23,841 [WARNING] django.server: "GET /.well-known/appspecific/com.chrome.devtools.json HTTP/1.1" 404 13055
2026-03-07 20:03:24,523 [INFO] django.server: "GET /?staff_user=1&status=published HTTP/1.1" 200 46970
2026-03-07 20:03:24,559 [WARNING] django.request: Not Found: /.well-known/appspecific/com.chrome.devtools.json
2026-03-07 20:03:24,559 [WARNING] django.server: "GET /.well-known/appspecific/com.chrome.devtools.json HTTP/1.1" 404 13055
2026-03-07 20:03:25,294 [INFO] django.server: "GET /?staff_user=1&status=published HTTP/1.1" 200 46970
2026-03-07 20:03:25,325 [WARNING] django.request: Not Found: /.well-known/appspecific/com.chrome.devtools.json
2026-03-07 20:03:25,326 [WARNING] django.server: "GET /.well-known/appspecific/com.chrome.devtools.json HTTP/1.1" 404 13055
2026-03-07 20:03:25,336 [INFO] django.server: "GET /static/main/css/style.css HTTP/1.1" 200 10437
2026-03-07 20:03:25,336 [INFO] django.server: "GET /static/main/images/icon.png HTTP/1.1" 200 49378
2026-03-07 20:03:25,352 [INFO] django.server: "GET /static/main/scripts/main_filter.js HTTP/1.1" 200 9162
2026-03-07 20:03:25,352 [INFO] django.server: "GET /static/main/scripts/app_feedback.js HTTP/1.1" 200 1259
2026-03-07 20:03:25,562 [INFO] django.server: "GET /static/main/images/favicon.ico HTTP/1.1" 200 15406
2026-03-07 20:03:38,755 [INFO] django.server: "GET /?staff_user=1&status=published HTTP/1.1" 200 46970
2026-03-07 20:03:38,791 [WARNING] django.request: Not Found: /.well-known/appspecific/com.chrome.devtools.json
2026-03-07 20:03:38,792 [WARNING] django.server: "GET /.well-known/appspecific/com.chrome.devtools.json HTTP/1.1" 404 13055
2026-03-07 20:03:38,794 [INFO] django.server: "GET /static/main/css/style.css HTTP/1.1" 200 10437
2026-03-07 20:03:38,794 [INFO] django.server: "GET /static/main/images/icon.png HTTP/1.1" 200 49378
2026-03-07 20:03:38,808 [INFO] django.server: "GET /static/main/scripts/app_feedback.js HTTP/1.1" 200 1259
2026-03-07 20:03:38,809 [INFO] django.server: "GET /static/main/scripts/main_filter.js HTTP/1.1" 200 9162
2026-03-07 20:03:39,017 [INFO] django.server: "GET /static/main/images/favicon.ico HTTP/1.1" 200 15406
2026-03-07 20:05:59,199 [INFO] django.server: "GET /?staff_user=1&status=published HTTP/1.1" 200 46886
2026-03-07 20:05:59,235 [WARNING] django.request: Not Found: /.well-known/appspecific/com.chrome.devtools.json
2026-03-07 20:05:59,235 [INFO] django.server: "GET /static/main/css/style.css HTTP/1.1" 200 10437
2026-03-07 20:05:59,236 [WARNING] django.server: "GET /.well-known/appspecific/com.chrome.devtools.json HTTP/1.1" 404 13055
2026-03-07 20:05:59,236 [INFO] django.server: "GET /static/main/images/icon.png HTTP/1.1" 200 49378
2026-03-07 20:05:59,249 [INFO] django.server: "GET /static/main/scripts/app_feedback.js HTTP/1.1" 200 1259
2026-03-07 20:05:59,249 [INFO] django.server: "GET /static/main/scripts/main_filter.js HTTP/1.1" 200 9162
2026-03-07 20:05:59,650 [INFO] django.server: "GET /static/main/images/favicon.ico HTTP/1.1" 200 15406
2026-03-07 20:06:00,333 [INFO] django.server: "GET /?staff_user=1&status=published HTTP/1.1" 200 46886
2026-03-07 20:06:00,355 [WARNING] django.request: Not Found: /.well-known/appspecific/com.chrome.devtools.json
2026-03-07 20:06:00,356 [WARNING] django.server: "GET /.well-known/appspecific/com.chrome.devtools.json HTTP/1.1" 404 13055
2026-03-07 20:06:00,374 [INFO] django.server: "GET /static/main/css/style.css HTTP/1.1" 200 10437
2026-03-07 20:06:00,374 [INFO] django.server: "GET /static/main/images/icon.png HTTP/1.1" 200 49378
2026-03-07 20:06:00,382 [INFO] django.server: "GET /static/main/scripts/app_feedback.js HTTP/1.1" 200 1259
2026-03-07 20:06:00,382 [INFO] django.server: "GET /static/main/scripts/main_filter.js HTTP/1.1" 200 9162
2026-03-07 20:06:00,582 [INFO] django.server: "GET /static/main/images/favicon.ico HTTP/1.1" 200 15406
2026-03-07 20:06:00,759 [INFO] django.server: "GET /?staff_user=1&status=published HTTP/1.1" 200 46886
2026-03-07 20:06:00,787 [WARNING] django.request: Not Found: /.well-known/appspecific/com.chrome.devtools.json
2026-03-07 20:06:00,787 [WARNING] django.server: "GET /.well-known/appspecific/com.chrome.devtools.json HTTP/1.1" 404 13055
2026-03-07 20:06:00,801 [INFO] django.server: "GET /static/main/css/style.css HTTP/1.1" 200 10437
2026-03-07 20:06:00,802 [INFO] django.server: "GET /static/main/images/icon.png HTTP/1.1" 200 49378
2026-03-07 20:06:00,808 [INFO] django.server: "GET /static/main/scripts/app_feedback.js HTTP/1.1" 200 1259
2026-03-07 20:06:00,809 [INFO] django.server: "GET /static/main/scripts/main_filter.js HTTP/1.1" 200 9162
2026-03-07 20:06:01,010 [INFO] django.server: "GET /static/main/images/favicon.ico HTTP/1.1" 200 15406
2026-03-07 20:06:01,348 [INFO] django.server: "GET /documents HTTP/1.1" 200 31662
2026-03-07 20:06:01,375 [WARNING] django.request: Not Found: /.well-known/appspecific/com.chrome.devtools.json
2026-03-07 20:06:01,375 [WARNING] django.server: "GET /.well-known/appspecific/com.chrome.devtools.json HTTP/1.1" 404 13055
2026-03-07 20:06:01,381 [INFO] django.server: "GET /static/document/css/style.css HTTP/1.1" 304 0
2026-03-07 20:06:02,193 [INFO] django.server: "GET /account/ HTTP/1.1" 200 60545
2026-03-07 20:06:02,652 [WARNING] django.request: Not Found: /.well-known/appspecific/com.chrome.devtools.json
2026-03-07 20:06:02,653 [WARNING] django.server: "GET /.well-known/appspecific/com.chrome.devtools.json HTTP/1.1" 404 13055
2026-03-07 20:06:03,848 [INFO] django.server: "GET /documents HTTP/1.1" 200 31662
2026-03-07 20:06:03,877 [WARNING] django.request: Not Found: /.well-known/appspecific/com.chrome.devtools.json
2026-03-07 20:06:03,878 [WARNING] django.server: "GET /.well-known/appspecific/com.chrome.devtools.json HTTP/1.1" 404 13055
2026-03-07 20:06:04,260 [INFO] django.server: "GET /account/ HTTP/1.1" 200 60545
2026-03-07 20:06:04,291 [WARNING] django.request: Not Found: /.well-known/appspecific/com.chrome.devtools.json
2026-03-07 20:06:04,292 [WARNING] django.server: "GET /.well-known/appspecific/com.chrome.devtools.json HTTP/1.1" 404 13055
2026-03-07 20:06:07,815 [INFO] django.server: "GET /employees/ HTTP/1.1" 200 59174
2026-03-07 20:06:07,850 [WARNING] django.request: Not Found: /.well-known/appspecific/com.chrome.devtools.json
2026-03-07 20:06:07,851 [WARNING] django.server: "GET /.well-known/appspecific/com.chrome.devtools.json HTTP/1.1" 404 13055
2026-03-07 20:06:08,235 [INFO] django.server: "GET /employees/ HTTP/1.1" 200 59174
2026-03-07 20:06:08,271 [WARNING] django.request: Not Found: /.well-known/appspecific/com.chrome.devtools.json
2026-03-07 20:06:08,271 [WARNING] django.server: "GET /.well-known/appspecific/com.chrome.devtools.json HTTP/1.1" 404 13055
2026-03-07 20:06:08,467 [INFO] django.server: "GET /employees/ HTTP/1.1" 200 59174
2026-03-07 20:06:08,493 [WARNING] django.request: Not Found: /.well-known/appspecific/com.chrome.devtools.json
2026-03-07 20:06:08,494 [WARNING] django.server: "GET /.well-known/appspecific/com.chrome.devtools.json HTTP/1.1" 404 13055
2026-03-07 20:06:08,700 [INFO] django.server: "GET /employees/ HTTP/1.1" 200 59174
2026-03-07 20:06:08,732 [WARNING] django.request: Not Found: /.well-known/appspecific/com.chrome.devtools.json
2026-03-07 20:06:08,732 [WARNING] django.server: "GET /.well-known/appspecific/com.chrome.devtools.json HTTP/1.1" 404 13055
2026-03-07 20:06:10,331 [INFO] django.server: "GET /?staff_user=1&status=published HTTP/1.1" 200 46886
2026-03-07 20:06:10,363 [WARNING] django.request: Not Found: /.well-known/appspecific/com.chrome.devtools.json
2026-03-07 20:06:10,363 [WARNING] django.server: "GET /.well-known/appspecific/com.chrome.devtools.json HTTP/1.1" 404 13055
2026-03-07 20:06:57,339 [INFO] django.server: "GET /?staff_user=1&status=published HTTP/1.1" 200 46886
2026-03-07 20:06:57,371 [WARNING] django.request: Not Found: /.well-known/appspecific/com.chrome.devtools.json
2026-03-07 20:06:57,373 [WARNING] django.server: "GET /.well-known/appspecific/com.chrome.devtools.json HTTP/1.1" 404 13055
2026-03-07 20:06:57,375 [INFO] django.server: "GET /static/main/css/style.css HTTP/1.1" 200 10437
2026-03-07 20:06:57,376 [INFO] django.server: "GET /static/main/images/icon.png HTTP/1.1" 200 49378
2026-03-07 20:06:57,391 [INFO] django.server: "GET /static/main/scripts/app_feedback.js HTTP/1.1" 200 1259
2026-03-07 20:06:57,392 [INFO] django.server: "GET /static/main/scripts/main_filter.js HTTP/1.1" 200 9162
2026-03-07 20:06:57,671 [INFO] django.server: "GET /static/main/images/favicon.ico HTTP/1.1" 200 15406
2026-03-07 20:06:58,798 [INFO] django.server: "GET /?staff_user=1&status=published HTTP/1.1" 200 46886
2026-03-07 20:06:58,829 [WARNING] django.request: Not Found: /.well-known/appspecific/com.chrome.devtools.json
2026-03-07 20:06:58,830 [WARNING] django.server: "GET /.well-known/appspecific/com.chrome.devtools.json HTTP/1.1" 404 13055
2026-03-07 20:06:58,833 [INFO] django.server: "GET /static/main/css/style.css HTTP/1.1" 200 10437
2026-03-07 20:06:58,833 [INFO] django.server: "GET /static/main/images/icon.png HTTP/1.1" 200 49378
2026-03-07 20:06:58,846 [INFO] django.server: "GET /static/main/scripts/app_feedback.js HTTP/1.1" 200 1259
2026-03-07 20:06:58,846 [INFO] django.server: "GET /static/main/scripts/main_filter.js HTTP/1.1" 200 9162
2026-03-07 20:06:58,978 [INFO] django.server: "GET /?staff_user=1&status=published HTTP/1.1" 200 46886
2026-03-07 20:06:59,006 [WARNING] django.request: Not Found: /.well-known/appspecific/com.chrome.devtools.json
2026-03-07 20:06:59,007 [WARNING] django.server: "GET /.well-known/appspecific/com.chrome.devtools.json HTTP/1.1" 404 13055
2026-03-07 20:06:59,013 [INFO] django.server: "GET /static/main/css/style.css HTTP/1.1" 200 10437
2026-03-07 20:06:59,013 [INFO] django.server: "GET /static/main/images/icon.png HTTP/1.1" 200 49378
2026-03-07 20:06:59,025 [INFO] django.server: "GET /static/main/scripts/app_feedback.js HTTP/1.1" 200 1259
2026-03-07 20:06:59,025 [INFO] django.server: "GET /static/main/scripts/main_filter.js HTTP/1.1" 200 9162
2026-03-07 20:06:59,152 [INFO] django.server: "GET /?staff_user=1&status=published HTTP/1.1" 200 46886
2026-03-07 20:06:59,181 [WARNING] django.request: Not Found: /.well-known/appspecific/com.chrome.devtools.json
2026-03-07 20:06:59,182 [WARNING] django.server: "GET /.well-known/appspecific/com.chrome.devtools.json HTTP/1.1" 404 13055
2026-03-07 20:06:59,186 [INFO] django.server: "GET /static/main/css/style.css HTTP/1.1" 200 10437
2026-03-07 20:06:59,187 [INFO] django.server: "GET /static/main/images/icon.png HTTP/1.1" 200 49378
2026-03-07 20:06:59,202 [INFO] django.server: "GET /static/main/scripts/app_feedback.js HTTP/1.1" 200 1259
2026-03-07 20:06:59,202 [INFO] django.server: "GET /static/main/scripts/main_filter.js HTTP/1.1" 200 9162
2026-03-07 20:06:59,380 [INFO] django.server: "GET /static/main/images/favicon.ico HTTP/1.1" 200 15406
2026-03-07 20:07:05,773 [INFO] django.server: "GET /?staff_user=1&status=published HTTP/1.1" 200 46886
2026-03-07 20:07:05,801 [WARNING] django.request: Not Found: /.well-known/appspecific/com.chrome.devtools.json
2026-03-07 20:07:05,801 [WARNING] django.server: "GET /.well-known/appspecific/com.chrome.devtools.json HTTP/1.1" 404 13055
2026-03-07 20:07:05,810 [INFO] django.server: "GET /static/main/css/style.css HTTP/1.1" 200 10437
2026-03-07 20:07:05,811 [INFO] django.server: "GET /static/main/images/icon.png HTTP/1.1" 200 49378
2026-03-07 20:07:05,828 [INFO] django.server: "GET /static/main/scripts/app_feedback.js HTTP/1.1" 200 1259
2026-03-07 20:07:05,828 [INFO] django.server: "GET /static/main/scripts/main_filter.js HTTP/1.1" 200 9162
2026-03-07 20:07:06,000 [INFO] django.server: "GET /static/main/images/favicon.ico HTTP/1.1" 200 15406
2026-03-07 20:07:07,625 [INFO] django.server: "GET /?staff_user=1&status=published HTTP/1.1" 200 46886
2026-03-07 20:07:07,657 [WARNING] django.request: Not Found: /.well-known/appspecific/com.chrome.devtools.json
2026-03-07 20:07:07,658 [WARNING] django.server: "GET /.well-known/appspecific/com.chrome.devtools.json HTTP/1.1" 404 13055
2026-03-07 20:07:07,664 [INFO] django.server: "GET /static/main/css/style.css HTTP/1.1" 200 10437
2026-03-07 20:07:07,665 [INFO] django.server: "GET /static/main/images/icon.png HTTP/1.1" 200 49378
2026-03-07 20:07:07,681 [INFO] django.server: "GET /static/main/scripts/app_feedback.js HTTP/1.1" 200 1259
2026-03-07 20:07:07,682 [INFO] django.server: "GET /static/main/scripts/main_filter.js HTTP/1.1" 200 9162
2026-03-07 20:07:07,853 [INFO] django.server: "GET /static/main/images/favicon.ico HTTP/1.1" 200 15406
2026-03-07 20:07:08,163 [INFO] django.server: "GET /?staff_user=1&status=published HTTP/1.1" 200 46886
2026-03-07 20:07:08,201 [WARNING] django.request: Not Found: /.well-known/appspecific/com.chrome.devtools.json
2026-03-07 20:07:08,202 [INFO] django.server: "GET /static/main/css/style.css HTTP/1.1" 200 10437
2026-03-07 20:07:08,203 [INFO] django.server: "GET /static/main/images/icon.png HTTP/1.1" 200 49378
2026-03-07 20:07:08,203 [WARNING] django.server: "GET /.well-known/appspecific/com.chrome.devtools.json HTTP/1.1" 404 13055
2026-03-07 20:07:08,218 [INFO] django.server: "GET /static/main/scripts/app_feedback.js HTTP/1.1" 200 1259
2026-03-07 20:07:08,218 [INFO] django.server: "GET /static/main/scripts/main_filter.js HTTP/1.1" 200 9162
2026-03-07 20:07:08,357 [INFO] django.server: "GET /?staff_user=1&status=published HTTP/1.1" 200 46886
2026-03-07 20:07:08,384 [WARNING] django.request: Not Found: /.well-known/appspecific/com.chrome.devtools.json
2026-03-07 20:07:08,385 [WARNING] django.server: "GET /.well-known/appspecific/com.chrome.devtools.json HTTP/1.1" 404 13055
2026-03-07 20:07:08,390 [INFO] django.server: "GET /static/main/css/style.css HTTP/1.1" 200 10437
2026-03-07 20:07:08,390 [INFO] django.server: "GET /static/main/images/icon.png HTTP/1.1" 200 49378
2026-03-07 20:07:08,411 [INFO] django.server: "GET /static/main/scripts/app_feedback.js HTTP/1.1" 200 1259
2026-03-07 20:07:08,412 [INFO] django.server: "GET /static/main/scripts/main_filter.js HTTP/1.1" 200 9162
2026-03-07 20:07:08,590 [INFO] django.server: "GET /static/main/images/favicon.ico HTTP/1.1" 200 15406
2026-03-07 20:07:08,674 [INFO] django.server: "GET /?staff_user=1&status=published HTTP/1.1" 200 46886
2026-03-07 20:07:08,705 [WARNING] django.request: Not Found: /.well-known/appspecific/com.chrome.devtools.json
2026-03-07 20:07:08,705 [WARNING] django.server: "GET /.well-known/appspecific/com.chrome.devtools.json HTTP/1.1" 404 13055
2026-03-07 20:07:08,713 [INFO] django.server: "GET /static/main/css/style.css HTTP/1.1" 200 10437
2026-03-07 20:07:08,714 [INFO] django.server: "GET /static/main/images/icon.png HTTP/1.1" 200 49378
2026-03-07 20:07:08,728 [INFO] django.server: "GET /static/main/scripts/app_feedback.js HTTP/1.1" 200 1259
2026-03-07 20:07:08,729 [INFO] django.server: "GET /static/main/scripts/main_filter.js HTTP/1.1" 200 9162
2026-03-07 20:07:08,904 [INFO] django.server: "GET /static/main/images/favicon.ico HTTP/1.1" 200 15406
2026-03-07 20:07:09,012 [INFO] django.server: "GET /?staff_user=1&status=published HTTP/1.1" 200 46886
2026-03-07 20:07:09,045 [WARNING] django.request: Not Found: /.well-known/appspecific/com.chrome.devtools.json
2026-03-07 20:07:09,045 [WARNING] django.server: "GET /.well-known/appspecific/com.chrome.devtools.json HTTP/1.1" 404 13055
2026-03-07 20:07:09,051 [INFO] django.server: "GET /static/main/css/style.css HTTP/1.1" 200 10437
2026-03-07 20:07:09,052 [INFO] django.server: "GET /static/main/images/icon.png HTTP/1.1" 200 49378
2026-03-07 20:07:09,068 [INFO] django.server: "GET /static/main/scripts/app_feedback.js HTTP/1.1" 200 1259
2026-03-07 20:07:09,068 [INFO] django.server: "GET /static/main/scripts/main_filter.js HTTP/1.1" 200 9162
2026-03-07 20:07:09,239 [INFO] django.server: "GET /static/main/images/favicon.ico HTTP/1.1" 200 15406
2026-03-07 20:07:21,989 [INFO] django.server: "GET /?staff_user=1&status=published HTTP/1.1" 200 46886
2026-03-07 20:07:22,023 [INFO] django.server: "GET /static/main/css/style.css HTTP/1.1" 200 10437
2026-03-07 20:07:22,023 [INFO] django.server: "GET /static/main/images/icon.png HTTP/1.1" 200 49378
2026-03-07 20:07:22,029 [WARNING] django.request: Not Found: /.well-known/appspecific/com.chrome.devtools.json
2026-03-07 20:07:22,030 [WARNING] django.server: "GET /.well-known/appspecific/com.chrome.devtools.json HTTP/1.1" 404 13055
2026-03-07 20:07:22,050 [INFO] django.server: "GET /static/main/scripts/main_filter.js HTTP/1.1" 200 9162
2026-03-07 20:07:22,050 [INFO] django.server: "GET /static/main/scripts/app_feedback.js HTTP/1.1" 200 1259
2026-03-07 20:07:22,304 [INFO] django.server: "GET /static/main/images/favicon.ico HTTP/1.1" 200 15406
2026-03-07 20:07:24,458 [INFO] django.server: "GET /account/ HTTP/1.1" 200 60545
2026-03-07 20:07:24,490 [WARNING] django.request: Not Found: /.well-known/appspecific/com.chrome.devtools.json
2026-03-07 20:07:24,491 [WARNING] django.server: "GET /.well-known/appspecific/com.chrome.devtools.json HTTP/1.1" 404 13055
2026-03-07 20:07:25,901 [INFO] django.server: "GET /employees/ HTTP/1.1" 200 59174
2026-03-07 20:07:25,932 [WARNING] django.request: Not Found: /.well-known/appspecific/com.chrome.devtools.json
2026-03-07 20:07:25,934 [INFO] django.server: "GET /static/main/images/woman-user-color-icon.svg HTTP/1.1" 200 1764
2026-03-07 20:07:25,934 [INFO] django.server: "GET /static/main/images/man-user-color-icon.svg HTTP/1.1" 200 2332
2026-03-07 20:07:25,935 [WARNING] django.server: "GET /.well-known/appspecific/com.chrome.devtools.json HTTP/1.1" 404 13055
2026-03-07 20:07:27,989 [INFO] django.server: "GET /?staff_user=1&status=published HTTP/1.1" 200 46886
2026-03-07 20:07:28,024 [WARNING] django.request: Not Found: /.well-known/appspecific/com.chrome.devtools.json
2026-03-07 20:07:28,025 [WARNING] django.server: "GET /.well-known/appspecific/com.chrome.devtools.json HTTP/1.1" 404 13055
2026-03-07 20:07:53,183 [INFO] django.server: "GET /?staff_user=1&status=published HTTP/1.1" 200 46884
2026-03-07 20:07:53,215 [WARNING] django.request: Not Found: /.well-known/appspecific/com.chrome.devtools.json
2026-03-07 20:07:53,215 [WARNING] django.server: "GET /.well-known/appspecific/com.chrome.devtools.json HTTP/1.1" 404 13055
2026-03-07 20:07:53,219 [INFO] django.server: "GET /static/main/css/style.css HTTP/1.1" 304 0
2026-03-07 20:07:53,912 [INFO] django.server: "GET /?staff_user=1&status=published HTTP/1.1" 200 46884
2026-03-07 20:07:53,939 [WARNING] django.request: Not Found: /.well-known/appspecific/com.chrome.devtools.json
2026-03-07 20:07:53,940 [WARNING] django.server: "GET /.well-known/appspecific/com.chrome.devtools.json HTTP/1.1" 404 13055
2026-03-07 20:07:53,949 [INFO] django.server: "GET /static/main/css/style.css HTTP/1.1" 200 10437
2026-03-07 20:07:53,949 [INFO] django.server: "GET /static/main/images/icon.png HTTP/1.1" 200 49378
2026-03-07 20:07:53,959 [INFO] django.server: "GET /static/main/scripts/app_feedback.js HTTP/1.1" 200 1259
2026-03-07 20:07:53,959 [INFO] django.server: "GET /static/main/scripts/main_filter.js HTTP/1.1" 200 9162
2026-03-07 20:07:54,226 [INFO] django.server: "GET /static/main/images/favicon.ico HTTP/1.1" 200 15406
2026-03-07 20:07:58,991 [INFO] django.server: "GET /?staff_user=1&status=published HTTP/1.1" 200 46884
2026-03-07 20:07:59,022 [WARNING] django.request: Not Found: /.well-known/appspecific/com.chrome.devtools.json
2026-03-07 20:07:59,023 [WARNING] django.server: "GET /.well-known/appspecific/com.chrome.devtools.json HTTP/1.1" 404 13055
2026-03-07 20:07:59,766 [INFO] django.server: "GET /?staff_user=1&status=published HTTP/1.1" 200 46881
2026-03-07 20:07:59,792 [WARNING] django.request: Not Found: /.well-known/appspecific/com.chrome.devtools.json
2026-03-07 20:07:59,793 [WARNING] django.server: "GET /.well-known/appspecific/com.chrome.devtools.json HTTP/1.1" 404 13055
2026-03-07 20:07:59,802 [INFO] django.server: "GET /static/main/css/style.css HTTP/1.1" 200 10437
2026-03-07 20:07:59,802 [INFO] django.server: "GET /static/main/images/icon.png HTTP/1.1" 200 49378
2026-03-07 20:07:59,816 [INFO] django.server: "GET /static/main/scripts/app_feedback.js HTTP/1.1" 200 1259
2026-03-07 20:07:59,816 [INFO] django.server: "GET /static/main/scripts/main_filter.js HTTP/1.1" 200 9162
2026-03-07 20:08:00,029 [INFO] django.server: "GET /static/main/images/favicon.ico HTTP/1.1" 200 15406
2026-03-07 20:08:40,992 [INFO] django.server: "GET /?staff_user=1&status=published HTTP/1.1" 200 46733
2026-03-07 20:08:41,023 [INFO] django.server: "GET /static/main/css/style.css HTTP/1.1" 200 10437
2026-03-07 20:08:41,030 [INFO] django.server: "GET /static/main/images/icon.png HTTP/1.1" 200 49378
2026-03-07 20:08:41,033 [INFO] django.server: "GET /static/main/scripts/app_feedback.js HTTP/1.1" 200 1259
2026-03-07 20:08:41,036 [INFO] django.server: "GET /static/main/scripts/main_filter.js HTTP/1.1" 200 9162
2026-03-07 20:08:41,539 [INFO] django.server: "GET /static/main/images/favicon.ico HTTP/1.1" 200 15406
2026-03-07 20:08:42,254 [INFO] django.server: "GET /?staff_user=1&status=published HTTP/1.1" 200 46733
2026-03-07 20:08:42,293 [INFO] django.server: "GET /static/main/scripts/app_feedback.js HTTP/1.1" 200 1259
2026-03-07 20:08:42,293 [INFO] django.server: "GET /static/main/scripts/main_filter.js HTTP/1.1" 200 9162
2026-03-07 20:08:42,293 [INFO] django.server: "GET /static/main/css/style.css HTTP/1.1" 200 10437
2026-03-07 20:08:42,294 [INFO] django.server: "GET /static/main/images/icon.png HTTP/1.1" 200 49378
2026-03-07 20:08:42,555 [INFO] django.server: "GET /static/main/images/favicon.ico HTTP/1.1" 200 15406
2026-03-07 20:08:49,416 [INFO] django.server: "GET /?staff_user=1&status=published HTTP/1.1" 200 46710
2026-03-07 20:08:49,460 [INFO] django.server: "GET /static/main/scripts/app_feedback.js HTTP/1.1" 200 1259
2026-03-07 20:08:49,460 [INFO] django.server: "GET /static/main/css/style.css HTTP/1.1" 200 10437
2026-03-07 20:08:49,460 [INFO] django.server: "GET /static/main/scripts/main_filter.js HTTP/1.1" 200 9162
2026-03-07 20:08:49,461 [INFO] django.server: "GET /static/main/images/icon.png HTTP/1.1" 200 49378
2026-03-07 20:08:49,662 [INFO] django.server: "GET /static/main/images/favicon.ico HTTP/1.1" 200 15406
2026-03-07 20:09:04,107 [INFO] django.server: "GET /?staff_user=1&status=published HTTP/1.1" 200 46733
2026-03-07 20:09:04,152 [INFO] django.server: "GET /static/main/scripts/app_feedback.js HTTP/1.1" 200 1259
2026-03-07 20:09:04,152 [INFO] django.server: "GET /static/main/scripts/main_filter.js HTTP/1.1" 200 9162
2026-03-07 20:09:04,152 [INFO] django.server: "GET /static/main/css/style.css HTTP/1.1" 200 10520
2026-03-07 20:09:04,153 [INFO] django.server: "GET /static/main/images/icon.png HTTP/1.1" 200 49378
2026-03-07 20:09:04,336 [INFO] django.server: "GET /static/main/images/favicon.ico HTTP/1.1" 200 15406
2026-03-07 20:09:04,676 [INFO] django.server: "GET /?staff_user=1&status=published HTTP/1.1" 200 46733
2026-03-07 20:09:04,711 [INFO] django.server: "GET /static/main/css/style.css HTTP/1.1" 200 10520
2026-03-07 20:09:04,714 [INFO] django.server: "GET /static/main/scripts/app_feedback.js HTTP/1.1" 200 1259
2026-03-07 20:09:04,714 [INFO] django.server: "GET /static/main/scripts/main_filter.js HTTP/1.1" 200 9162
2026-03-07 20:09:04,715 [INFO] django.server: "GET /static/main/images/icon.png HTTP/1.1" 200 49378
2026-03-07 20:09:04,859 [INFO] django.server: "GET /?staff_user=1&status=published HTTP/1.1" 200 46733
2026-03-07 20:09:04,897 [INFO] django.server: "GET /static/main/css/style.css HTTP/1.1" 200 10520
2026-03-07 20:09:04,897 [INFO] django.server: "GET /static/main/scripts/app_feedback.js HTTP/1.1" 200 1259
2026-03-07 20:09:04,897 [INFO] django.server: "GET /static/main/scripts/main_filter.js HTTP/1.1" 200 9162
2026-03-07 20:09:04,898 [INFO] django.server: "GET /static/main/images/icon.png HTTP/1.1" 200 49378
2026-03-07 20:09:05,069 [INFO] django.server: "GET /?staff_user=1&status=published HTTP/1.1" 200 46733
2026-03-07 20:09:05,109 [INFO] django.server: "GET /static/main/scripts/app_feedback.js HTTP/1.1" 200 1259
2026-03-07 20:09:05,109 [INFO] django.server: "GET /static/main/scripts/main_filter.js HTTP/1.1" 200 9162
2026-03-07 20:09:05,110 [INFO] django.server: "GET /static/main/css/style.css HTTP/1.1" 200 10520
2026-03-07 20:09:05,110 [INFO] django.server: "GET /static/main/images/icon.png HTTP/1.1" 200 49378
2026-03-07 20:09:05,296 [INFO] django.server: "GET /static/main/images/favicon.ico HTTP/1.1" 200 15406
2026-03-07 20:09:10,904 [INFO] django.server: "GET /?staff_user=1&status=published HTTP/1.1" 200 46733
2026-03-07 20:09:10,946 [INFO] django.server: "GET /static/main/scripts/app_feedback.js HTTP/1.1" 200 1259
2026-03-07 20:09:10,946 [INFO] django.server: "GET /static/main/scripts/main_filter.js HTTP/1.1" 200 9162
2026-03-07 20:09:10,946 [INFO] django.server: "GET /static/main/css/style.css HTTP/1.1" 200 10514
2026-03-07 20:09:10,947 [INFO] django.server: "GET /static/main/images/icon.png HTTP/1.1" 200 49378
2026-03-07 20:09:11,141 [INFO] django.server: "GET /static/main/images/favicon.ico HTTP/1.1" 200 15406
2026-03-07 20:09:18,581 [INFO] django.server: "GET /?staff_user=1&status=published HTTP/1.1" 200 46733
2026-03-07 20:09:18,624 [INFO] django.server: "GET /static/main/scripts/app_feedback.js HTTP/1.1" 200 1259
2026-03-07 20:09:18,624 [INFO] django.server: "GET /static/main/css/style.css HTTP/1.1" 200 10520
2026-03-07 20:09:18,624 [INFO] django.server: "GET /static/main/scripts/main_filter.js HTTP/1.1" 200 9162
2026-03-07 20:09:18,625 [INFO] django.server: "GET /static/main/images/icon.png HTTP/1.1" 200 49378
2026-03-07 20:09:18,817 [INFO] django.server: "GET /static/main/images/favicon.ico HTTP/1.1" 200 15406
2026-03-07 20:09:23,102 [INFO] django.server: "GET /?staff_user=1&status=published HTTP/1.1" 200 46733
2026-03-07 20:09:23,139 [INFO] django.server: "GET /static/main/css/style.css HTTP/1.1" 200 10526
2026-03-07 20:09:23,145 [INFO] django.server: "GET /static/main/scripts/app_feedback.js HTTP/1.1" 200 1259
2026-03-07 20:09:23,145 [INFO] django.server: "GET /static/main/scripts/main_filter.js HTTP/1.1" 200 9162
2026-03-07 20:09:23,146 [INFO] django.server: "GET /static/main/images/icon.png HTTP/1.1" 200 49378
2026-03-07 20:09:23,337 [INFO] django.server: "GET /static/main/images/favicon.ico HTTP/1.1" 200 15406
2026-03-07 20:09:23,647 [INFO] django.server: "GET /?staff_user=1&status=published HTTP/1.1" 200 46733
2026-03-07 20:09:23,687 [INFO] django.server: "GET /static/main/css/style.css HTTP/1.1" 200 10526
2026-03-07 20:09:23,687 [INFO] django.server: "GET /static/main/scripts/app_feedback.js HTTP/1.1" 200 1259
2026-03-07 20:09:23,687 [INFO] django.server: "GET /static/main/scripts/main_filter.js HTTP/1.1" 200 9162
2026-03-07 20:09:23,687 [INFO] django.server: "GET /static/main/images/icon.png HTTP/1.1" 200 49378
2026-03-07 20:09:23,872 [INFO] django.server: "GET /static/main/images/favicon.ico HTTP/1.1" 200 15406
2026-03-07 20:09:27,846 [INFO] django.server: "GET /?staff_user=1&status=published HTTP/1.1" 200 46733
2026-03-07 20:09:27,888 [INFO] django.server: "GET /static/main/scripts/app_feedback.js HTTP/1.1" 200 1259
2026-03-07 20:09:27,889 [INFO] django.server: "GET /static/main/scripts/main_filter.js HTTP/1.1" 200 9162
2026-03-07 20:09:27,889 [INFO] django.server: "GET /static/main/css/style.css HTTP/1.1" 200 10520
2026-03-07 20:09:27,889 [INFO] django.server: "GET /static/main/images/icon.png HTTP/1.1" 200 49378
2026-03-07 20:09:28,074 [INFO] django.server: "GET /static/main/images/favicon.ico HTTP/1.1" 200 15406
2026-03-07 20:09:28,319 [INFO] django.server: "GET /?staff_user=1&status=published HTTP/1.1" 200 46733
2026-03-07 20:09:28,361 [INFO] django.server: "GET /static/main/scripts/app_feedback.js HTTP/1.1" 200 1259
2026-03-07 20:09:28,361 [INFO] django.server: "GET /static/main/scripts/main_filter.js HTTP/1.1" 200 9162
2026-03-07 20:09:28,361 [INFO] django.server: "GET /static/main/css/style.css HTTP/1.1" 200 10520
2026-03-07 20:09:28,362 [INFO] django.server: "GET /static/main/images/icon.png HTTP/1.1" 200 49378
2026-03-07 20:09:28,507 [INFO] django.server: "GET /?staff_user=1&status=published HTTP/1.1" 200 46733
2026-03-07 20:09:28,543 [INFO] django.server: "GET /static/main/scripts/app_feedback.js HTTP/1.1" 200 1259
2026-03-07 20:09:28,543 [INFO] django.server: "GET /static/main/scripts/main_filter.js HTTP/1.1" 200 9162
2026-03-07 20:09:28,544 [INFO] django.server: "GET /static/main/css/style.css HTTP/1.1" 200 10520
2026-03-07 20:09:28,544 [INFO] django.server: "GET /static/main/images/icon.png HTTP/1.1" 200 49378
2026-03-07 20:09:28,805 [INFO] django.server: "GET /static/main/images/favicon.ico HTTP/1.1" 200 15406
2026-03-07 20:09:41,338 [INFO] django.server: "GET /?staff_user=1&status=published HTTP/1.1" 200 46733
2026-03-07 20:09:41,369 [INFO] django.server: "GET /static/main/css/style.css HTTP/1.1" 304 0
2026-03-07 20:09:48,268 [INFO] django.server: "GET /?staff_user=1&status=published HTTP/1.1" 200 46733
2026-03-07 20:09:48,317 [INFO] django.server: "GET /static/main/scripts/app_feedback.js HTTP/1.1" 200 1259
2026-03-07 20:09:48,317 [INFO] django.server: "GET /static/main/scripts/main_filter.js HTTP/1.1" 200 9162
2026-03-07 20:09:48,317 [INFO] django.server: "GET /static/main/css/style.css HTTP/1.1" 200 10520
2026-03-07 20:09:48,318 [INFO] django.server: "GET /static/main/images/icon.png HTTP/1.1" 200 49378
2026-03-07 20:09:48,544 [INFO] django.server: "GET /static/main/images/favicon.ico HTTP/1.1" 200 15406
2026-03-07 20:09:48,787 [INFO] django.server: "GET /?staff_user=1&status=published HTTP/1.1" 200 46733
2026-03-07 20:09:48,833 [INFO] django.server: "GET /static/main/scripts/app_feedback.js HTTP/1.1" 200 1259
2026-03-07 20:09:48,833 [INFO] django.server: "GET /static/main/scripts/main_filter.js HTTP/1.1" 200 9162
2026-03-07 20:09:48,833 [INFO] django.server: "GET /static/main/css/style.css HTTP/1.1" 200 10520
2026-03-07 20:09:48,834 [INFO] django.server: "GET /static/main/images/icon.png HTTP/1.1" 200 49378
2026-03-07 20:09:49,044 [INFO] django.server: "GET /?staff_user=1&status=published HTTP/1.1" 200 46733
2026-03-07 20:09:49,084 [INFO] django.server: "GET /static/main/scripts/app_feedback.js HTTP/1.1" 200 1259
2026-03-07 20:09:49,084 [INFO] django.server: "GET /static/main/scripts/main_filter.js HTTP/1.1" 200 9162
2026-03-07 20:09:49,084 [INFO] django.server: "GET /static/main/css/style.css HTTP/1.1" 200 10520
2026-03-07 20:09:49,085 [INFO] django.server: "GET /static/main/images/icon.png HTTP/1.1" 200 49378
2026-03-07 20:09:49,292 [INFO] django.server: "GET /static/main/images/favicon.ico HTTP/1.1" 200 15406
2026-03-07 20:09:58,506 [INFO] django.server: "GET /?staff_user=1&status=published HTTP/1.1" 200 46733
2026-03-07 20:09:58,544 [INFO] django.server: "GET /static/main/css/style.css HTTP/1.1" 200 10542
2026-03-07 20:09:58,547 [INFO] django.server: "GET /static/main/scripts/app_feedback.js HTTP/1.1" 200 1259
2026-03-07 20:09:58,548 [INFO] django.server: "GET /static/main/scripts/main_filter.js HTTP/1.1" 200 9162
2026-03-07 20:09:58,548 [INFO] django.server: "GET /static/main/images/icon.png HTTP/1.1" 200 49378
2026-03-07 20:09:58,836 [INFO] django.server: "GET /static/main/images/favicon.ico HTTP/1.1" 200 15406
2026-03-07 20:09:59,143 [INFO] django.server: "GET /?staff_user=1&status=published HTTP/1.1" 200 46733
2026-03-07 20:09:59,177 [INFO] django.server: "GET /static/main/css/style.css HTTP/1.1" 200 10542
2026-03-07 20:09:59,182 [INFO] django.server: "GET /static/main/scripts/app_feedback.js HTTP/1.1" 200 1259
2026-03-07 20:09:59,183 [INFO] django.server: "GET /static/main/scripts/main_filter.js HTTP/1.1" 200 9162
2026-03-07 20:09:59,183 [INFO] django.server: "GET /static/main/images/icon.png HTTP/1.1" 200 49378
2026-03-07 20:09:59,328 [INFO] django.server: "GET /?staff_user=1&status=published HTTP/1.1" 200 46733
2026-03-07 20:09:59,367 [INFO] django.server: "GET /static/main/scripts/main_filter.js HTTP/1.1" 200 9162
2026-03-07 20:09:59,367 [INFO] django.server: "GET /static/main/scripts/app_feedback.js HTTP/1.1" 200 1259
2026-03-07 20:09:59,367 [INFO] django.server: "GET /static/main/css/style.css HTTP/1.1" 200 10542
2026-03-07 20:09:59,368 [INFO] django.server: "GET /static/main/images/icon.png HTTP/1.1" 200 49378
2026-03-07 20:09:59,540 [INFO] django.server: "GET /static/main/images/favicon.ico HTTP/1.1" 200 15406
2026-03-07 20:10:10,616 [INFO] django.server: "GET /account/ HTTP/1.1" 200 60545
2026-03-07 20:10:10,649 [INFO] django.server: "GET /static/main/css/style.css HTTP/1.1" 200 10520
2026-03-07 20:10:11,109 [INFO] django.server: "GET /documents HTTP/1.1" 200 31662
2026-03-07 20:10:11,138 [INFO] django.server: "GET /static/main/css/style.css HTTP/1.1" 304 0
2026-03-07 20:10:11,141 [INFO] django.server: "GET /static/document/css/style.css HTTP/1.1" 200 3529
2026-03-07 20:10:12,852 [INFO] django.server: "GET /employees/ HTTP/1.1" 200 59174
2026-03-07 20:10:12,879 [INFO] django.server: "GET /static/main/css/style.css HTTP/1.1" 304 0
2026-03-07 20:10:14,203 [INFO] django.server: "GET /employees/ HTTP/1.1" 200 59174
2026-03-07 20:10:14,235 [INFO] django.server: "GET /static/main/css/style.css HTTP/1.1" 304 0
2026-03-07 20:10:14,953 [INFO] django.server: "GET / HTTP/1.1" 200 21132
2026-03-07 20:10:26,435 [INFO] django.server: "GET /?oa=1 HTTP/1.1" 200 64433
2026-03-07 20:10:26,465 [INFO] django.server: "GET /static/main/css/style.css HTTP/1.1" 304 0
2026-03-07 20:10:52,665 [INFO] django.server: "GET /?oa=1 HTTP/1.1" 200 65842
2026-03-07 20:10:52,708 [INFO] django.server: "GET /static/main/scripts/app_feedback.js HTTP/1.1" 200 1259
2026-03-07 20:10:52,708 [INFO] django.server: "GET /static/main/css/style.css HTTP/1.1" 200 10520
2026-03-07 20:10:52,708 [INFO] django.server: "GET /static/main/scripts/main_filter.js HTTP/1.1" 200 9162
2026-03-07 20:10:52,709 [INFO] django.server: "GET /static/main/images/icon.png HTTP/1.1" 200 49378
2026-03-07 20:10:52,926 [INFO] django.server: "GET /static/main/images/favicon.ico HTTP/1.1" 200 15406
2026-03-07 20:10:58,443 [INFO] django.server: "GET /?oa=1 HTTP/1.1" 200 65796
2026-03-07 20:10:58,489 [INFO] django.server: "GET /static/main/scripts/main_filter.js HTTP/1.1" 200 9162
2026-03-07 20:10:58,489 [INFO] django.server: "GET /static/main/scripts/app_feedback.js HTTP/1.1" 200 1259
2026-03-07 20:10:58,489 [INFO] django.server: "GET /static/main/css/style.css HTTP/1.1" 200 10520
2026-03-07 20:10:58,489 [INFO] django.server: "GET /static/main/images/icon.png HTTP/1.1" 200 49378
2026-03-07 20:10:58,687 [INFO] django.server: "GET /static/main/images/favicon.ico HTTP/1.1" 200 15406
2026-03-07 20:11:03,643 [INFO] django.server: "GET /?oa=1 HTTP/1.1" 200 65812
2026-03-07 20:11:13,866 [INFO] django.server: "GET /?oa=1 HTTP/1.1" 200 65866
2026-03-07 20:11:13,902 [INFO] django.server: "GET /static/main/css/style.css HTTP/1.1" 304 0
2026-03-07 20:11:14,877 [INFO] django.server: "GET /?oa=1 HTTP/1.1" 200 65866
2026-03-07 20:11:14,918 [INFO] django.server: "GET /static/main/scripts/main_filter.js HTTP/1.1" 200 9162
2026-03-07 20:11:14,918 [INFO] django.server: "GET /static/main/scripts/app_feedback.js HTTP/1.1" 200 1259
2026-03-07 20:11:14,918 [INFO] django.server: "GET /static/main/css/style.css HTTP/1.1" 200 10520
2026-03-07 20:11:14,919 [INFO] django.server: "GET /static/main/images/icon.png HTTP/1.1" 200 49378
2026-03-07 20:11:15,092 [INFO] django.server: "GET /static/main/images/favicon.ico HTTP/1.1" 200 15406
2026-03-07 20:11:40,753 [INFO] django.server: "GET /?oa=1 HTTP/1.1" 200 65866
2026-03-07 20:11:40,796 [INFO] django.server: "GET /static/main/scripts/app_feedback.js HTTP/1.1" 200 1259
2026-03-07 20:11:40,796 [INFO] django.server: "GET /static/main/scripts/main_filter.js HTTP/1.1" 200 9162
2026-03-07 20:11:40,796 [INFO] django.server: "GET /static/main/css/style.css HTTP/1.1" 200 10520
2026-03-07 20:11:40,797 [INFO] django.server: "GET /static/main/images/icon.png HTTP/1.1" 200 49378
2026-03-07 20:11:40,952 [INFO] django.server: "GET /static/main/images/favicon.ico HTTP/1.1" 200 15406
2026-03-07 20:11:58,786 [INFO] django.server: "GET /?oa=1 HTTP/1.1" 200 65866
2026-03-07 20:11:58,827 [INFO] django.server: "GET /static/main/scripts/main_filter.js HTTP/1.1" 200 9162
2026-03-07 20:11:58,828 [INFO] django.server: "GET /static/main/scripts/app_feedback.js HTTP/1.1" 200 1259
2026-03-07 20:11:58,828 [INFO] django.server: "GET /static/main/css/style.css HTTP/1.1" 200 10520
2026-03-07 20:11:58,828 [INFO] django.server: "GET /static/main/images/icon.png HTTP/1.1" 200 49378
2026-03-07 20:11:58,996 [INFO] django.server: "GET /static/main/images/favicon.ico HTTP/1.1" 200 15406
2026-03-07 20:11:59,639 [INFO] django.server: "GET /?status=published HTTP/1.1" 200 69679
2026-03-07 20:12:00,361 [INFO] django.server: "GET /?show=all HTTP/1.1" 200 69652
2026-03-07 20:12:00,926 [INFO] django.server: "GET /?status=published HTTP/1.1" 200 69679
2026-03-07 20:12:02,458 [INFO] main.views: Generation request accepted user=74 template_id=13 filters_tags=0
2026-03-07 20:12:02,460 [INFO] main.views: Generation start template_id=13 user=74 template_file_type=docx publications_count=153 requested_title=
2026-03-07 20:12:02,460 [INFO] utils.document_generator: Template render start template_id=13 base_len=0
2026-03-07 20:12:02,461 [INFO] utils.document_generator: Template render after synonyms template_id=13 len=0
2026-03-07 20:12:02,461 [WARNING] utils.document_generator: Template render result is empty template_id=13
2026-03-07 20:12:02,462 [INFO] main.views: Text render result template_id=13 text_len=0 non_empty=False
2026-03-07 20:12:02,462 [INFO] main.views: DOCX render branch template_id=13 source_file=synthetic_documents/template-from-document-5.docx
2026-03-07 20:12:02,526 [INFO] utils.document_generator: DOCX render start template_id=13 source=D:\PROJECTs\su_science\project\media\synthetic_documents\template-from-document-5.docx output=C:\Users\admin\AppData\Local\Temp\tmp680qhrzo.docx
2026-03-07 20:12:02,796 [INFO] utils.document_generator: DOCX render finished template_id=13 output=C:\Users\admin\AppData\Local\Temp\tmp680qhrzo.docx
2026-03-07 20:12:02,820 [INFO] main.views: Generation finished document_id=41 generated_by=13 file_type=docx file_name=documents/report-20260307151202.docx
2026-03-07 20:12:02,820 [INFO] django.server: "POST / HTTP/1.1" 302 0
2026-03-07 20:12:02,833 [INFO] document.views: Document file served document=41
2026-03-07 20:12:02,834 [INFO] django.server: "GET /files/41?download=1 HTTP/1.1" 200 63575
2026-03-07 20:12:07,915 [INFO] django.server: "GET /documents HTTP/1.1" 200 31625
2026-03-07 20:12:07,948 [INFO] django.server: "GET /static/document/css/style.css HTTP/1.1" 304 0
2026-03-07 20:12:08,572 [INFO] django.server: "GET /account/ HTTP/1.1" 200 62947
2026-03-07 20:12:09,120 [INFO] django.server: "GET /account/ HTTP/1.1" 200 62947
2026-03-07 20:12:09,895 [INFO] django.server: "GET /documents HTTP/1.1" 200 31625
2026-03-07 20:12:09,921 [INFO] django.server: "GET /static/main/css/style.css HTTP/1.1" 304 0
2026-03-07 20:12:10,234 [INFO] django.server: "GET / HTTP/1.1" 200 21132
2026-03-07 20:12:11,019 [INFO] django.server: "GET /documents HTTP/1.1" 200 31625
2026-03-07 20:12:11,699 [INFO] django.server: "GET /employees/ HTTP/1.1" 200 59174
2026-03-07 20:12:12,413 [INFO] django.server: "GET /documents HTTP/1.1" 200 31625
2026-03-07 20:12:14,253 [INFO] document.views: Template created id=29 owner=74 file_type=docx has_file=True content_len=0
2026-03-07 20:12:14,254 [INFO] django.server: "POST /generators/create HTTP/1.1" 302 0
2026-03-07 20:12:14,273 [INFO] django.server: "GET /generators/29/edit HTTP/1.1" 200 228113
2026-03-07 20:12:14,320 [INFO] document.views: ONLYOFFICE config generator=29 user=74 mode=edit key=gen-29-1772896334-s2437
2026-03-07 20:12:14,321 [INFO] django.server: "GET /onlyoffice/generator/config/29 HTTP/1.1" 200 1593
2026-03-07 20:12:14,740 [INFO] document.views: ONLYOFFICE callback generator=29 status=1
2026-03-07 20:12:14,741 [INFO] django.server: "POST /onlyoffice/generator/callback/29 HTTP/1.1" 200 12
2026-03-07 20:12:14,750 [INFO] document.views: Generator file served generator=29
2026-03-07 20:12:14,751 [INFO] django.server: "GET /generator-files/29?access_token=eyJnZW5lcmF0b3JfaWQiOjI5LCJ1c2VyX2lkIjo3NH0%3A1vytKA%3Ae324Y_WAVRaFKUp6qEA97GZQiNDCAnjYA6paoOhGnvk HTTP/1.1" 200 2437
2026-03-07 20:12:17,392 [INFO] document.views: Template deleted id=29 user=74
2026-03-07 20:12:17,392 [INFO] django.server: "DELETE /generators/29 HTTP/1.1" 200 21
2026-03-07 20:12:17,413 [INFO] django.server: "GET /documents HTTP/1.1" 200 31625
2026-03-07 20:12:17,430 [WARNING] django.request: Not Found: /onlyoffice/generator/callback/29
2026-03-07 20:12:17,431 [WARNING] django.server: "POST /onlyoffice/generator/callback/29 HTTP/1.1" 404 12
2026-03-07 20:12:20,876 [INFO] django.server: "GET / HTTP/1.1" 200 21132
2026-03-07 20:13:06,632 [INFO] django.server: "GET / HTTP/1.1" 200 21132
2026-03-07 20:13:07,383 [INFO] django.server: "GET /static/main/css/style.css HTTP/1.1" 200 10520
2026-03-07 20:13:07,385 [INFO] django.server: "GET /static/main/images/icon.png HTTP/1.1" 200 49378
2026-03-07 20:13:07,585 [INFO] django.server: "GET /static/main/scripts/app_feedback.js HTTP/1.1" 200 1259
2026-03-07 20:13:07,619 [INFO] django.server: "GET /static/main/scripts/main_filter.js HTTP/1.1" 200 9162
2026-03-07 20:13:08,434 [INFO] django.server: "GET /static/main/images/favicon.ico HTTP/1.1" 200 15406
2026-03-07 20:13:10,408 [INFO] django.server: "GET /employees/ HTTP/1.1" 200 59174
2026-03-07 20:13:11,141 [INFO] django.server: "GET /static/main/images/man-user-color-icon.svg HTTP/1.1" 200 2332
2026-03-07 20:13:11,141 [INFO] django.server: "GET /static/main/images/woman-user-color-icon.svg HTTP/1.1" 200 1764
2026-03-07 20:13:12,041 [INFO] django.server: "GET /?staff_user=1&status=published HTTP/1.1" 200 48166
2026-03-07 20:13:15,300 [WARNING] django.security.csrf: Forbidden (Origin checking failed - https://nondomineering-presufficient-gerda.ngrok-free.dev does not match any trusted origins.): /
2026-03-07 20:13:15,301 [WARNING] django.server: "POST / HTTP/1.1" 403 2590
2026-03-07 20:13:15,837 [WARNING] django.request: Not Found: /favicon.ico
2026-03-07 20:13:15,837 [WARNING] django.server: "GET /favicon.ico HTTP/1.1" 404 12979
2026-03-07 20:13:33,814 [WARNING] django.security.csrf: Forbidden (Origin checking failed - https://nondomineering-presufficient-gerda.ngrok-free.dev does not match any trusted origins.): /
2026-03-07 20:13:33,819 [WARNING] django.server: "POST / HTTP/1.1" 403 2590
2026-03-07 20:13:36,473 [WARNING] django.security.csrf: Forbidden (Origin checking failed - https://nondomineering-presufficient-gerda.ngrok-free.dev does not match any trusted origins.): /
2026-03-07 20:13:36,473 [WARNING] django.server: "POST / HTTP/1.1" 403 2590
2026-03-07 20:13:38,608 [INFO] django.server: "GET /?staff_user=1&status=published HTTP/1.1" 200 48166
2026-03-07 20:13:39,114 [INFO] django.server: "GET /static/main/css/style.css HTTP/1.1" 304 0
2026-03-07 20:13:41,755 [WARNING] django.security.csrf: Forbidden (Origin checking failed - https://nondomineering-presufficient-gerda.ngrok-free.dev does not match any trusted origins.): /
2026-03-07 20:13:41,756 [WARNING] django.server: "POST / HTTP/1.1" 403 2590
2026-03-07 20:13:44,644 [INFO] django.server: "GET /account/ HTTP/1.1" 200 10833
2026-03-07 20:13:46,581 [WARNING] django.security.csrf: Forbidden (Origin checking failed - https://nondomineering-presufficient-gerda.ngrok-free.dev does not match any trusted origins.): /account/
2026-03-07 20:13:46,582 [WARNING] django.server: "POST /account/ HTTP/1.1" 403 2590
2026-03-07 20:14:17,111 [INFO] django.utils.autoreload: D:\PROJECTs\su_science\project\project\settings.py changed, reloading.
2026-03-07 20:14:17,653 [INFO] django.utils.autoreload: Watching for file changes with StatReloader
2026-03-07 20:16:45,792 [INFO] django.server: "GET / HTTP/1.1" 200 21132
2026-03-07 20:16:46,369 [INFO] django.server: "GET /static/main/css/style.css HTTP/1.1" 304 0
2026-03-07 20:16:50,886 [INFO] django.server: "GET /documents HTTP/1.1" 200 7696
2026-03-07 20:16:51,436 [INFO] django.server: "GET /static/document/css/style.css HTTP/1.1" 200 3529
2026-03-07 20:17:04,603 [INFO] django.server: "GET / HTTP/1.1" 200 21132
2026-03-07 20:17:08,163 [INFO] django.server: "GET /documents HTTP/1.1" 200 7696
2026-03-07 20:17:11,107 [INFO] django.server: "GET / HTTP/1.1" 200 21132
2026-03-07 20:17:11,569 [INFO] django.server: "GET /employees/ HTTP/1.1" 200 59174
2026-03-07 20:17:14,886 [INFO] django.server: "GET /?staff_user=39&status=published HTTP/1.1" 200 49825
2026-03-07 20:17:16,950 [INFO] main.views: Generation request accepted user=None template_id=13 filters_tags=0
2026-03-07 20:17:16,951 [INFO] main.views: Anonymous generation start template_id=13 template_file_type=docx publications_count=11 requested_title=
2026-03-07 20:17:16,951 [INFO] utils.document_generator: Template render start template_id=13 base_len=0
2026-03-07 20:17:16,952 [INFO] utils.document_generator: Template render after synonyms template_id=13 len=0
2026-03-07 20:17:16,952 [WARNING] utils.document_generator: Template render result is empty template_id=13
2026-03-07 20:17:17,006 [INFO] utils.document_generator: DOCX render start template_id=13 source=D:\PROJECTs\su_science\project\media\synthetic_documents\template-from-document-5.docx output=C:\Users\admin\AppData\Local\Temp\tmponolbpxq.docx
2026-03-07 20:17:17,084 [INFO] utils.document_generator: DOCX render finished template_id=13 output=C:\Users\admin\AppData\Local\Temp\tmponolbpxq.docx
2026-03-07 20:17:17,084 [INFO] main.views: Anonymous generation finished template_id=13 file_type=docx size=25743
2026-03-07 20:17:17,085 [INFO] django.server: "POST / HTTP/1.1" 200 25743
2026-03-07 20:17:46,382 [INFO] django.server: "GET /static/main/css/style.css HTTP/1.1" 304 0
2026-03-07 20:17:54,607 [INFO] django.server: "GET /employees/ HTTP/1.1" 200 59174
2026-03-07 20:17:57,186 [INFO] django.server: "GET /account/ HTTP/1.1" 200 10833
2026-03-07 20:18:06,736 [INFO] django.server: "POST /account/ HTTP/1.1" 200 11142
2026-03-07 20:18:08,975 [INFO] django.server: "GET / HTTP/1.1" 200 21132
2026-03-07 20:18:18,324 [INFO] django.server: "GET /?show=all HTTP/1.1" 200 69652
2026-03-07 20:18:35,283 [INFO] django.server: "GET /?show=all HTTP/1.1" 200 69652
2026-03-07 20:18:36,803 [INFO] django.server: "GET /static/main/images/favicon.ico HTTP/1.1" 200 15406
2026-03-07 20:27:58,437 [INFO] django.server: "GET /?show=all HTTP/1.1" 200 69652
2026-03-07 20:28:00,327 [INFO] django.server: "GET /static/main/css/style.css HTTP/1.1" 200 10520
2026-03-07 20:28:00,575 [INFO] django.server: "GET /static/main/images/icon.png HTTP/1.1" 304 0
2026-03-07 20:28:00,576 [INFO] django.server: "GET /static/main/scripts/app_feedback.js HTTP/1.1" 200 1259
2026-03-07 20:28:00,577 [INFO] django.server: "GET /static/main/scripts/main_filter.js HTTP/1.1" 200 9162
2026-03-07 20:28:13,796 [INFO] django.server: "GET /?show=all HTTP/1.1" 200 69652
2026-03-07 20:28:15,643 [INFO] django.server: "GET /?show=all HTTP/1.1" 200 69652
2026-03-07 20:28:17,709 [INFO] django.server: "GET /?oa=1 HTTP/1.1" 200 65866
2026-03-07 20:28:20,889 [INFO] django.server: "GET /?status=published&y_min=2021 HTTP/1.1" 200 69745
2026-03-07 20:28:26,618 [INFO] django.server: "GET /account/ HTTP/1.1" 200 10833
2026-03-07 20:28:28,516 [INFO] django.server: "GET /account/ HTTP/1.1" 200 10833
2026-03-07 20:28:29,334 [INFO] django.server: "GET /account/ HTTP/1.1" 200 10833
2026-03-07 20:28:29,335 [INFO] django.server: "GET /account/ HTTP/1.1" 200 10833
2026-03-07 20:28:29,970 [INFO] django.server: "GET /static/main/css/style.css HTTP/1.1" 200 10520
2026-03-07 20:28:29,971 [INFO] django.server: "GET /static/main/scripts/app_feedback.js HTTP/1.1" 200 1259
2026-03-07 20:28:29,971 [INFO] django.server: "GET /static/main/css/style.css HTTP/1.1" 200 10520
2026-03-07 20:28:40,529 [INFO] django.server: "GET / HTTP/1.1" 200 21132
2026-03-07 20:28:45,609 [INFO] django.server: "GET /?show=all HTTP/1.1" 200 69652
2026-03-07 20:28:53,937 [INFO] main.views: Generation request accepted user=None template_id=13 filters_tags=0
2026-03-07 20:28:53,938 [INFO] main.views: Anonymous generation start template_id=13 template_file_type=docx publications_count=153 requested_title=
2026-03-07 20:28:53,939 [INFO] utils.document_generator: Template render start template_id=13 base_len=0
2026-03-07 20:28:53,939 [INFO] utils.document_generator: Template render after synonyms template_id=13 len=0
2026-03-07 20:28:53,939 [WARNING] utils.document_generator: Template render result is empty template_id=13
2026-03-07 20:28:53,940 [INFO] utils.document_generator: DOCX render start template_id=13 source=D:\PROJECTs\su_science\project\media\synthetic_documents\template-from-document-5.docx output=C:\Users\admin\AppData\Local\Temp\tmp9fa0hoii.docx
2026-03-07 20:28:54,202 [INFO] utils.document_generator: DOCX render finished template_id=13 output=C:\Users\admin\AppData\Local\Temp\tmp9fa0hoii.docx
2026-03-07 20:28:54,203 [INFO] main.views: Anonymous generation finished template_id=13 file_type=docx size=63575
2026-03-07 20:28:54,204 [INFO] django.server: "POST / HTTP/1.1" 200 63575
2026-03-07 20:29:39,879 [INFO] django.server: "GET /employees/ HTTP/1.1" 200 59174
2026-03-07 20:29:40,812 [INFO] django.server: "GET /static/main/images/man-user-color-icon.svg HTTP/1.1" 304 0
2026-03-07 20:29:40,820 [INFO] django.server: "GET /static/main/images/woman-user-color-icon.svg HTTP/1.1" 304 0
2026-03-07 20:30:20,793 [INFO] django.server: "GET /employees/ HTTP/1.1" 200 59174
2026-03-07 20:30:23,294 [INFO] django.server: "GET /static/main/css/style.css HTTP/1.1" 304 0
2026-03-07 20:59:42,502 [INFO] django.server: "GET /?show=all HTTP/1.1" 200 69652
2026-03-07 20:59:43,793 [INFO] django.server: "GET /static/main/css/style.css HTTP/1.1" 200 10520
2026-03-07 20:59:43,990 [INFO] django.server: "GET /static/main/images/icon.png HTTP/1.1" 304 0
2026-03-07 20:59:44,162 [INFO] django.server: "GET /static/main/scripts/app_feedback.js HTTP/1.1" 200 1259
2026-03-07 20:59:44,214 [INFO] django.server: "GET /static/main/scripts/main_filter.js HTTP/1.1" 200 9162
2026-03-07 20:59:53,298 [INFO] main.views: Generation request accepted user=None template_id=13 filters_tags=0
2026-03-07 20:59:53,299 [INFO] main.views: Anonymous generation start template_id=13 template_file_type=docx publications_count=153 requested_title=
2026-03-07 20:59:53,299 [INFO] utils.document_generator: Template render start template_id=13 base_len=0
2026-03-07 20:59:53,299 [INFO] utils.document_generator: Template render after synonyms template_id=13 len=0
2026-03-07 20:59:53,300 [WARNING] utils.document_generator: Template render result is empty template_id=13
2026-03-07 20:59:53,301 [INFO] utils.document_generator: DOCX render start template_id=13 source=D:\PROJECTs\su_science\project\media\synthetic_documents\template-from-document-5.docx output=C:\Users\admin\AppData\Local\Temp\tmp8b18j8p4.docx
2026-03-07 20:59:53,578 [INFO] utils.document_generator: DOCX render finished template_id=13 output=C:\Users\admin\AppData\Local\Temp\tmp8b18j8p4.docx
2026-03-07 20:59:53,578 [INFO] main.views: Anonymous generation finished template_id=13 file_type=docx size=63575
2026-03-07 20:59:53,579 [INFO] django.server: "POST / HTTP/1.1" 200 63575
2026-03-07 21:00:35,245 [INFO] django.server: "GET /search/suggestions/?q=%D0%90%D0%BB%D0%B1%D0%B0 HTTP/1.1" 200 265
2026-03-07 21:00:35,548 [INFO] django.server: "GET /search/suggestions/?q=%D0%90%D0%BB%D0%B1%D0%B0%D0%BD HTTP/1.1" 200 265
2026-03-07 21:00:36,651 [INFO] django.server: "GET /search/suggestions/?q=%D0%90%D0%BB%D0%B1%D0%B0%D0%BD%D0%B1%D0%B0%D0%B9 HTTP/1.1" 200 265
2026-03-07 21:00:37,801 [INFO] django.server: "GET /?search=%D0%90%D0%BB%D0%B1%D0%B0%D0%BD%D0%B1%D0%B0%D0%B9&show=all HTTP/1.1" 200 49317
2026-03-07 21:00:49,008 [INFO] django.server: "GET /?search=%D0%90%D0%BB%D0%B1%D0%B0%D0%BD%D0%B1%D0%B0%D0%B9&show=all HTTP/1.1" 200 49317
2026-03-07 21:00:52,827 [INFO] main.views: Generation request accepted user=None template_id=13 filters_tags=0
2026-03-07 21:00:52,829 [INFO] main.views: Anonymous generation start template_id=13 template_file_type=docx publications_count=11 requested_title=
2026-03-07 21:00:52,829 [INFO] utils.document_generator: Template render start template_id=13 base_len=0
2026-03-07 21:00:52,829 [INFO] utils.document_generator: Template render after synonyms template_id=13 len=0
2026-03-07 21:00:52,829 [WARNING] utils.document_generator: Template render result is empty template_id=13
2026-03-07 21:00:52,830 [INFO] utils.document_generator: DOCX render start template_id=13 source=D:\PROJECTs\su_science\project\media\synthetic_documents\template-from-document-5.docx output=C:\Users\admin\AppData\Local\Temp\tmpaji7zxou.docx
2026-03-07 21:00:52,892 [INFO] utils.document_generator: DOCX render finished template_id=13 output=C:\Users\admin\AppData\Local\Temp\tmpaji7zxou.docx
2026-03-07 21:00:52,893 [INFO] main.views: Anonymous generation finished template_id=13 file_type=docx size=25743
2026-03-07 21:00:52,894 [INFO] django.server: "POST / HTTP/1.1" 200 25743
2026-03-07 21:00:59,217 [INFO] django.server: "GET /documents HTTP/1.1" 200 7696
2026-03-07 21:00:59,858 [INFO] django.server: "GET /static/document/css/style.css HTTP/1.1" 200 3529
2026-03-07 22:11:32,873 [INFO] django.server: "GET /employees/ HTTP/1.1" 200 59174
2026-03-07 22:11:33,775 [INFO] django.server: "GET /static/main/css/style.css HTTP/1.1" 304 0
2026-03-07 22:11:33,877 [INFO] django.server: "GET /static/main/scripts/app_feedback.js HTTP/1.1" 304 0
2026-03-07 22:11:34,736 [INFO] django.server: "GET /static/main/images/favicon.ico HTTP/1.1" 304 0
2026-03-07 22:11:36,041 [INFO] django.server: "GET /?show=all HTTP/1.1" 200 69652
2026-03-07 22:11:37,003 [INFO] django.server: "GET /?show=all HTTP/1.1" 200 69652
2026-03-07 22:11:37,003 [INFO] django.server: "GET /?show=all HTTP/1.1" 200 69652
2026-03-07 22:11:37,958 [INFO] django.server: "GET /static/main/scripts/main_filter.js HTTP/1.1" 200 9162
2026-03-07 22:31:01,838 [INFO] django.server: "GET /?show=all HTTP/1.1" 200 69652
2026-03-07 22:31:02,422 [INFO] django.server: "GET /static/main/css/style.css HTTP/1.1" 200 10520
2026-03-07 22:31:02,558 [INFO] django.server: "GET /static/main/images/icon.png HTTP/1.1" 200 49378
2026-03-07 22:31:02,798 [INFO] django.server: "GET /static/main/scripts/app_feedback.js HTTP/1.1" 200 1259
2026-03-07 22:31:02,799 [INFO] django.server: "GET /static/main/scripts/main_filter.js HTTP/1.1" 200 9162
2026-03-07 22:31:03,329 [INFO] django.server: "GET /static/main/images/favicon.ico HTTP/1.1" 200 15406
2026-03-07 22:31:08,841 [INFO] django.server: "GET /?show=all HTTP/1.1" 200 69652
2026-03-07 22:31:16,597 [INFO] django.server: "GET /account/ HTTP/1.1" 200 10833
2026-03-07 22:31:17,595 [INFO] django.server: "GET /documents HTTP/1.1" 200 7696
2026-03-07 22:31:18,212 [INFO] django.server: "GET /static/document/css/style.css HTTP/1.1" 200 3529
2026-03-10 10:59:17,101 [INFO] django.server: "GET / HTTP/1.1" 200 21132
2026-03-10 10:59:17,151 [INFO] django.server: "GET /static/main/css/style.css HTTP/1.1" 200 10520
2026-03-10 10:59:17,153 [INFO] django.server: "GET /static/main/images/icon.png HTTP/1.1" 304 0
2026-03-10 10:59:17,155 [INFO] django.server: "GET /static/main/scripts/app_feedback.js HTTP/1.1" 304 0
2026-03-10 10:59:17,155 [INFO] django.server: "GET /static/main/scripts/main_filter.js HTTP/1.1" 304 0
2026-03-10 10:59:18,345 [INFO] django.server: "GET / HTTP/1.1" 200 21132
2026-03-10 10:59:25,616 [INFO] django.server: "GET /employees/ HTTP/1.1" 200 59174
2026-03-10 10:59:25,644 [INFO] django.server: "GET /static/main/images/woman-user-color-icon.svg HTTP/1.1" 304 0
2026-03-10 10:59:25,650 [INFO] django.server: "GET /static/main/images/man-user-color-icon.svg HTTP/1.1" 304 0
2026-03-10 10:59:31,523 [INFO] django.server: "GET /employees/load/?page=2 HTTP/1.1" 200 58596
2026-03-10 10:59:47,951 [INFO] django.server: "GET / HTTP/1.1" 200 21132
2026-03-10 10:59:53,668 [INFO] django.server: "GET /?search=&show=&staff_user=&type=&lang=&status=&oa=&y_min=2010&y_max=2026&db=&quartile=&area=&venue= HTTP/1.1" 200 69899
2026-03-10 10:59:58,538 [INFO] django.server: "GET /account/ HTTP/1.1" 200 62947
2026-03-10 11:00:13,417 [INFO] django.server: "GET /account/ HTTP/1.1" 200 62947
2026-03-10 11:37:07,868 [INFO] django.server: "GET / HTTP/1.1" 200 21132
2026-03-10 11:37:07,898 [INFO] django.server: "GET /static/main/css/style.css HTTP/1.1" 304 0
2026-03-10 11:37:20,857 [INFO] django.server: "GET /?show=all HTTP/1.1" 200 69710
2026-03-10 14:10:50,859 [INFO] django.server: "GET /?show=all HTTP/1.1" 200 69710
2026-03-10 14:10:50,893 [INFO] django.server: "GET /static/main/css/style.css HTTP/1.1" 200 10520
2026-03-10 14:10:50,901 [INFO] django.server: "GET /static/main/images/icon.png HTTP/1.1" 200 49378
2026-03-10 14:10:50,905 [INFO] django.server: "GET /static/main/scripts/app_feedback.js HTTP/1.1" 200 1259
2026-03-10 14:10:50,908 [INFO] django.server: "GET /static/main/scripts/main_filter.js HTTP/1.1" 200 9162
2026-03-10 14:10:52,162 [INFO] django.server: "GET /static/main/images/favicon.ico HTTP/1.1" 200 15406
2026-03-10 14:10:56,513 [INFO] django.server: "GET /account/ HTTP/1.1" 200 62947
2026-03-10 14:10:58,060 [INFO] django.server: "GET / HTTP/1.1" 200 21132
2026-03-10 14:11:02,700 [INFO] django.server: "GET / HTTP/1.1" 200 21132
2026-03-10 14:11:04,802 [INFO] django.server: "GET / HTTP/1.1" 200 21132
2026-03-10 14:11:05,573 [INFO] django.server: "GET /employees/ HTTP/1.1" 200 59174
2026-03-10 14:11:08,491 [INFO] django.server: "GET /?staff_user=39&status=published HTTP/1.1" 200 49883
2026-03-10 14:11:10,187 [INFO] main.views: Generation request accepted user=74 template_id=13 filters_tags=0
2026-03-10 14:11:10,188 [INFO] main.views: Generation start template_id=13 user=74 template_file_type=docx publications_count=11 requested_title=
2026-03-10 14:11:10,189 [INFO] utils.document_generator: Template render start template_id=13 base_len=0
2026-03-10 14:11:10,189 [INFO] utils.document_generator: Template render after synonyms template_id=13 len=0
2026-03-10 14:11:10,190 [WARNING] utils.document_generator: Template render result is empty template_id=13
2026-03-10 14:11:10,190 [INFO] main.views: Text render result template_id=13 text_len=0 non_empty=False
2026-03-10 14:11:10,191 [INFO] main.views: DOCX render branch template_id=13 source_file=synthetic_documents/template-from-document-5.docx
2026-03-10 14:11:10,192 [INFO] utils.document_generator: DOCX render start template_id=13 source=D:\PROJECTs\su_science\project\media\synthetic_documents\template-from-document-5.docx output=C:\Users\admin\AppData\Local\Temp\tmp62assb_k.docx
2026-03-10 14:11:10,282 [INFO] utils.document_generator: DOCX render finished template_id=13 output=C:\Users\admin\AppData\Local\Temp\tmp62assb_k.docx
2026-03-10 14:11:10,290 [INFO] main.views: Generation finished document_id=42 generated_by=13 file_type=docx file_name=documents/report-20260310091110.docx
2026-03-10 14:11:10,290 [INFO] django.server: "POST / HTTP/1.1" 302 0
2026-03-10 14:11:10,297 [INFO] document.views: Document file served document=42
2026-03-10 14:11:10,298 [INFO] django.server: "GET /files/42?download=1 HTTP/1.1" 200 25743
2026-03-10 14:11:18,261 [INFO] django.server: "GET /documents HTTP/1.1" 200 31588
2026-03-10 14:11:18,292 [INFO] django.server: "GET /static/document/css/style.css HTTP/1.1" 304 0
2026-03-10 14:11:23,110 [INFO] django.server: "GET /generators/13/edit HTTP/1.1" 200 228124
2026-03-10 14:11:23,159 [INFO] document.views: ONLYOFFICE config generator=13 user=74 mode=edit key=gen-13-1772885817-s28439
2026-03-10 14:11:23,159 [INFO] django.server: "GET /onlyoffice/generator/config/13 HTTP/1.1" 200 1589
2026-03-10 14:11:23,520 [INFO] document.views: ONLYOFFICE callback generator=13 status=1
2026-03-10 14:11:23,520 [INFO] django.server: "POST /onlyoffice/generator/callback/13 HTTP/1.1" 200 12
2026-03-10 14:11:23,553 [INFO] document.views: Generator file served generator=13
2026-03-10 14:11:23,553 [INFO] django.server: "GET /generator-files/13?access_token=eyJnZW5lcmF0b3JfaWQiOjEzLCJ1c2VyX2lkIjo3NH0%3A1vzt7b%3A9cPk3txuoPD_yujsIJH7mO0KEBfdIBNql-Oc_fO0s30 HTTP/1.1" 200 28439
2026-03-10 14:11:32,327 [INFO] django.server: "GET /documents HTTP/1.1" 200 31588
2026-03-10 14:11:32,352 [INFO] document.views: ONLYOFFICE callback generator=13 status=4
2026-03-10 14:11:32,353 [INFO] django.server: "POST /onlyoffice/generator/callback/13 HTTP/1.1" 200 12
2026-03-10 14:11:33,222 [INFO] document.views: Template created id=30 owner=74 file_type=docx has_file=True content_len=0
2026-03-10 14:11:33,223 [INFO] django.server: "POST /generators/create HTTP/1.1" 302 0
2026-03-10 14:11:33,236 [INFO] django.server: "GET /generators/30/edit HTTP/1.1" 200 228113
2026-03-10 14:11:33,282 [INFO] document.views: ONLYOFFICE config generator=30 user=74 mode=edit key=gen-30-1773133893-s2436
2026-03-10 14:11:33,283 [INFO] django.server: "GET /onlyoffice/generator/config/30 HTTP/1.1" 200 1593
2026-03-10 14:11:33,531 [INFO] document.views: ONLYOFFICE callback generator=30 status=1
2026-03-10 14:11:33,532 [INFO] django.server: "POST /onlyoffice/generator/callback/30 HTTP/1.1" 200 12
2026-03-10 14:11:33,539 [INFO] document.views: Generator file served generator=30
2026-03-10 14:11:33,541 [INFO] django.server: "GET /generator-files/30?access_token=eyJnZW5lcmF0b3JfaWQiOjMwLCJ1c2VyX2lkIjo3NH0%3A1vzt7l%3AGoP0uxLywA9Tti2kZQb-cIAkbkZD3jSiEl3AN8Bc3hw HTTP/1.1" 200 2436
2026-03-10 14:11:47,134 [INFO] document.views: ONLYOFFICE callback generator=30 status=6
2026-03-10 14:11:47,163 [INFO] document.views: ONLYOFFICE callback saved generator=30 file=synthetic_documents/generator-30-20260310091133.docx
2026-03-10 14:11:47,164 [INFO] django.server: "POST /onlyoffice/generator/callback/30 HTTP/1.1" 200 12
2026-03-10 14:12:23,803 [INFO] document.views: Template updated id=30 owner=74 file_type=docx has_file=True content_len=0
2026-03-10 14:12:23,804 [INFO] django.server: "POST /generators/30/edit HTTP/1.1" 302 0
2026-03-10 14:12:23,820 [INFO] django.server: "GET /generators/30/edit HTTP/1.1" 200 228091
2026-03-10 14:12:23,871 [INFO] document.views: ONLYOFFICE config generator=30 user=74 mode=edit key=gen-30-1773133893-s26919
2026-03-10 14:12:23,872 [INFO] django.server: "GET /onlyoffice/generator/config/30 HTTP/1.1" 200 1596
2026-03-10 14:12:24,151 [INFO] document.views: ONLYOFFICE callback generator=30 status=1
2026-03-10 14:12:24,152 [INFO] django.server: "POST /onlyoffice/generator/callback/30 HTTP/1.1" 200 12
2026-03-10 14:12:24,162 [INFO] document.views: Generator file served generator=30
2026-03-10 14:12:24,163 [INFO] django.server: "GET /generator-files/30?access_token=eyJnZW5lcmF0b3JfaWQiOjMwLCJ1c2VyX2lkIjo3NH0%3A1vzt8Z%3Apmz-OdEQ8dTGwOFaxHkQlsO_SIox76goDqam6pZ8gd8 HTTP/1.1" 200 26919
2026-03-10 14:12:26,541 [INFO] django.server: "GET / HTTP/1.1" 200 21132
2026-03-10 14:12:26,559 [INFO] document.views: ONLYOFFICE callback generator=30 status=4
2026-03-10 14:12:26,559 [INFO] django.server: "POST /onlyoffice/generator/callback/30 HTTP/1.1" 200 12
2026-03-10 14:12:29,257 [INFO] document.views: ONLYOFFICE callback generator=30 status=2
2026-03-10 14:12:29,295 [INFO] document.views: ONLYOFFICE callback saved generator=30 file=synthetic_documents/generator-30-20260310091133.docx
2026-03-10 14:12:29,296 [INFO] django.server: "POST /onlyoffice/generator/callback/30 HTTP/1.1" 200 12
2026-03-10 14:12:29,924 [INFO] django.server: "GET /search/suggestions/?q=%D0%9D%D1%83%D1%80 HTTP/1.1" 200 623
2026-03-10 14:12:31,463 [INFO] django.server: "GET /?search=%D0%90%D0%BB%D0%B1%D0%B0%D0%BD%D0%B1%D0%B0%D0%B9+%D0%9D%D1%83%D1%80%D1%82%D0%B0%D0%B9 HTTP/1.1" 200 49473
2026-03-10 14:13:10,036 [INFO] django.server: "GET / HTTP/1.1" 200 21132
2026-03-10 14:13:11,199 [INFO] django.server: "GET /employees/ HTTP/1.1" 200 59174
2026-03-10 14:15:15,869 [INFO] django.server: "GET / HTTP/1.1" 200 21132
2026-03-10 14:15:24,332 [INFO] django.server: "GET /documents HTTP/1.1" 200 34452
2026-03-10 14:15:26,069 [INFO] django.server: "GET /employees/ HTTP/1.1" 200 59174
2026-03-10 14:15:28,547 [INFO] django.server: "GET /?staff_user=39&status=published HTTP/1.1" 200 49993
2026-03-10 14:15:37,481 [INFO] main.views: Generation request accepted user=74 template_id=30 filters_tags=0
2026-03-10 14:15:37,483 [INFO] main.views: Generation start template_id=30 user=74 template_file_type=docx publications_count=11 requested_title=
2026-03-10 14:15:37,483 [INFO] utils.document_generator: Template render start template_id=30 base_len=0
2026-03-10 14:15:37,483 [INFO] utils.document_generator: Template render after synonyms template_id=30 len=0
2026-03-10 14:15:37,484 [WARNING] utils.document_generator: Template render result is empty template_id=30
2026-03-10 14:15:37,484 [INFO] main.views: Text render result template_id=30 text_len=0 non_empty=False
2026-03-10 14:15:37,484 [INFO] main.views: DOCX render branch template_id=30 source_file=synthetic_documents/generator-30-20260310091133.docx
2026-03-10 14:15:37,485 [INFO] utils.document_generator: DOCX render start template_id=30 source=D:\PROJECTs\su_science\project\media\synthetic_documents\generator-30-20260310091133.docx output=C:\Users\admin\AppData\Local\Temp\tmpejwz3cdw.docx
2026-03-10 14:15:37,582 [INFO] utils.document_generator: DOCX render finished template_id=30 output=C:\Users\admin\AppData\Local\Temp\tmpejwz3cdw.docx
2026-03-10 14:15:37,600 [INFO] main.views: Generation finished document_id=43 generated_by=30 file_type=docx file_name=documents/report-20260310091537.docx
2026-03-10 14:15:37,600 [INFO] django.server: "POST / HTTP/1.1" 302 0
2026-03-10 14:15:37,608 [INFO] document.views: Document file served document=43
2026-03-10 14:15:37,608 [INFO] django.server: "GET /files/43?download=1 HTTP/1.1" 200 24459
2026-03-10 14:15:44,533 [INFO] django.server: "GET /documents HTTP/1.1" 200 36577
2026-03-10 14:15:59,335 [INFO] document.views: Template deleted id=30 user=74
2026-03-10 14:15:59,336 [INFO] django.server: "DELETE /generators/30 HTTP/1.1" 200 21
2026-03-10 14:16:01,853 [INFO] django.server: "GET /documents HTTP/1.1" 200 31588
2026-03-10 14:16:02,456 [INFO] django.server: "GET /documents HTTP/1.1" 200 31588
2026-03-10 14:16:02,643 [INFO] django.server: "GET /documents HTTP/1.1" 200 31588
2026-03-10 14:17:45,897 [INFO] django.server: "GET /account/ HTTP/1.1" 200 65349
2026-03-10 14:17:54,803 [INFO] django.server: "GET / HTTP/1.1" 200 21132
2026-03-10 14:18:22,003 [INFO] django.server: "GET / HTTP/1.1" 200 21132
2026-03-10 14:18:22,044 [INFO] django.server: "GET /static/main/images/icon.png HTTP/1.1" 200 49378
2026-03-10 14:18:22,044 [INFO] django.server: "GET /static/main/css/style.css HTTP/1.1" 200 10520
2026-03-10 14:18:22,226 [INFO] django.server: "GET /static/main/scripts/app_feedback.js HTTP/1.1" 200 1259
2026-03-10 14:18:22,227 [INFO] django.server: "GET /static/main/scripts/main_filter.js HTTP/1.1" 200 9162
2026-03-10 14:18:23,583 [INFO] django.server: "GET /static/main/images/favicon.ico HTTP/1.1" 200 15406
2026-03-10 14:18:32,163 [INFO] django.server: "GET /search/suggestions/?q=%D0%B0%D0%BB%D0%B1%D0%B0%D0%BD HTTP/1.1" 200 19
2026-03-10 14:18:32,768 [INFO] django.server: "GET /?search=%D0%B0%D0%BB%D0%B1%D0%B0%D0%BD HTTP/1.1" 200 25933
2026-03-10 14:18:41,806 [INFO] django.server: "GET /search/suggestions/?q=%D0%B0%D0%BB%D0%B1%D0%B0%D0%BD HTTP/1.1" 200 19
2026-03-10 14:18:47,096 [INFO] django.server: "GET /search/suggestions/?q=%D0%90%D0%BB%D0%B1%D0%B0 HTTP/1.1" 200 265
2026-03-10 14:18:47,377 [INFO] django.server: "GET /search/suggestions/?q=%D0%90%D0%BB%D0%B1%D0%B0%D0%BD HTTP/1.1" 200 265
2026-03-10 14:18:48,244 [INFO] django.server: "GET /search/suggestions/?q=%D0%90%D0%BB%D0%B1%D0%B0%D0%BD%D0%B1%D0%B0%D0%B9 HTTP/1.1" 200 265
2026-03-10 14:18:48,324 [INFO] django.server: "GET /?search=%D0%90%D0%BB%D0%B1%D0%B0%D0%BD%D0%B1%D0%B0%D0%B9 HTTP/1.1" 200 49324
2026-03-10 14:18:54,987 [INFO] django.server: "GET /documents HTTP/1.1" 200 7696
2026-03-10 14:18:55,037 [INFO] django.server: "GET /static/document/css/style.css HTTP/1.1" 200 3529
2026-03-10 14:18:55,656 [INFO] django.server: "GET /account/ HTTP/1.1" 200 65349
2026-03-10 14:18:56,916 [INFO] django.server: "GET /account/ HTTP/1.1" 200 10833
2026-03-10 14:19:13,241 [INFO] django.utils.autoreload: D:\PROJECTs\su_science\project\main\models.py changed, reloading.
2026-03-10 14:19:13,864 [INFO] django.utils.autoreload: Watching for file changes with StatReloader
2026-03-10 14:19:14,661 [INFO] django.server: "POST /account/ HTTP/1.1" 302 0
2026-03-10 14:19:14,724 [INFO] django.server: "GET /account/ HTTP/1.1" 200 65349
2026-03-10 14:19:17,162 [INFO] django.utils.autoreload: D:\PROJECTs\su_science\project\main\views.py changed, reloading.
2026-03-10 14:19:17,608 [INFO] django.utils.autoreload: Watching for file changes with StatReloader
2026-03-10 14:19:29,160 [INFO] django.server: "GET /employees/ HTTP/1.1" 200 59174
2026-03-10 14:19:29,236 [INFO] django.server: "GET /static/main/images/woman-user-color-icon.svg HTTP/1.1" 200 1764
2026-03-10 14:19:29,236 [INFO] django.server: "GET /static/main/images/man-user-color-icon.svg HTTP/1.1" 200 2332
2026-03-10 14:19:30,302 [INFO] django.server: "GET / HTTP/1.1" 200 21132
2026-03-10 14:19:35,578 [INFO] django.server: "GET /search/suggestions/?q=%D0%90%D0%BB%D0%B1%D0%B0%D0%BD HTTP/1.1" 200 265
2026-03-10 14:19:36,256 [INFO] django.server: "GET /search/suggestions/?q=%D0%90%D0%BB%D0%B1%D0%B0%D0%BD%D0%B1%D0%B0 HTTP/1.1" 200 265
2026-03-10 14:19:36,573 [INFO] django.server: "GET /search/suggestions/?q=%D0%90%D0%BB%D0%B1%D0%B0%D0%BD%D0%B1%D0%B0%D0%B9 HTTP/1.1" 200 265
2026-03-10 14:19:37,006 [INFO] django.server: "GET /?search=%D0%90%D0%BB%D0%B1%D0%B0%D0%BD%D0%B1%D0%B0%D0%B9 HTTP/1.1" 200 49324
2026-03-10 14:20:14,890 [INFO] django.server: "GET /documents HTTP/1.1" 200 31588
2026-03-10 14:20:15,378 [INFO] django.server: "GET / HTTP/1.1" 200 21132
2026-03-10 14:20:16,130 [INFO] django.server: "GET /documents HTTP/1.1" 200 31588
2026-03-10 14:20:17,753 [INFO] django.server: "GET /generators/13/edit HTTP/1.1" 200 228124
2026-03-10 14:20:17,817 [INFO] document.views: ONLYOFFICE config generator=13 user=74 mode=edit key=gen-13-1772885817-s28439
2026-03-10 14:20:17,817 [INFO] django.server: "GET /onlyoffice/generator/config/13 HTTP/1.1" 200 1589
2026-03-10 14:20:18,143 [INFO] document.views: ONLYOFFICE callback generator=13 status=1
2026-03-10 14:20:18,144 [INFO] django.server: "POST /onlyoffice/generator/callback/13 HTTP/1.1" 200 12
2026-03-10 14:20:27,278 [INFO] document.views: Synonyms exported user=74 count=57
2026-03-10 14:20:27,278 [INFO] django.server: "GET /synonyms/export HTTP/1.1" 200 6803
2026-03-10 14:20:29,093 [INFO] document.views: Synonyms exported user=74 count=57
2026-03-10 14:20:29,094 [INFO] django.server: "GET /synonyms/export HTTP/1.1" 200 6803
2026-03-10 14:20:36,373 [INFO] django.server: "GET / HTTP/1.1" 200 21132
2026-03-10 14:20:36,400 [INFO] document.views: ONLYOFFICE callback generator=13 status=4
2026-03-10 14:20:36,401 [INFO] django.server: "POST /onlyoffice/generator/callback/13 HTTP/1.1" 200 12
2026-03-10 14:21:21,943 [INFO] django.utils.autoreload: D:\PROJECTs\su_science\project\main\views.py changed, reloading.
2026-03-10 14:21:22,414 [INFO] django.utils.autoreload: Watching for file changes with StatReloader
2026-03-10 14:21:32,317 [INFO] django.server: "GET / HTTP/1.1" 200 21132
2026-03-10 14:21:32,439 [INFO] django.server: "GET /static/main/images/icon.png HTTP/1.1" 200 49378
2026-03-10 14:21:32,439 [INFO] django.server: "GET /static/main/scripts/app_feedback.js HTTP/1.1" 200 1259
2026-03-10 14:21:32,441 [INFO] django.server: "GET /static/main/scripts/main_filter.js HTTP/1.1" 200 9162
2026-03-10 14:21:32,442 [INFO] django.server: "GET /static/main/css/style.css HTTP/1.1" 200 10520
2026-03-10 14:21:32,578 [INFO] django.server: "GET / HTTP/1.1" 200 21132
2026-03-10 14:21:32,601 [INFO] django.server: "GET /static/main/scripts/app_feedback.js HTTP/1.1" 200 1259
2026-03-10 14:21:32,601 [INFO] django.server: "GET /static/main/css/style.css HTTP/1.1" 200 10520
2026-03-10 14:21:32,602 [INFO] django.server: "GET /static/main/images/icon.png HTTP/1.1" 200 49378
2026-03-10 14:21:32,603 [INFO] django.server: "GET /static/main/scripts/main_filter.js HTTP/1.1" 200 9162
2026-03-10 14:21:33,644 [INFO] django.server: "GET /static/main/images/favicon.ico HTTP/1.1" 200 15406
2026-03-10 14:21:36,290 [INFO] django.server: "GET /search/suggestions/?q=%D0%BD%D1%83%D1%80 HTTP/1.1" 200 19
2026-03-10 14:21:38,215 [INFO] django.server: "GET /search/suggestions/?q=%D0%9D%D1%83%D1%80 HTTP/1.1" 200 623
2026-03-10 14:23:45,118 [INFO] django.server: "GET / HTTP/1.1" 200 21132
2026-03-10 14:23:45,159 [INFO] django.server: "GET /static/main/css/style.css HTTP/1.1" 200 10520
2026-03-10 14:23:45,160 [INFO] django.server: "GET /static/main/images/icon.png HTTP/1.1" 200 49378
2026-03-10 14:23:45,171 [INFO] django.server: "GET /static/main/scripts/app_feedback.js HTTP/1.1" 200 1259
2026-03-10 14:23:45,174 [INFO] django.server: "GET /static/main/scripts/main_filter.js HTTP/1.1" 200 9162
2026-03-10 14:23:45,575 [INFO] django.server: "GET /static/main/images/favicon.ico HTTP/1.1" 200 15406
2026-03-10 14:23:46,238 [INFO] django.server: "GET /?show=all HTTP/1.1" 200 69710
2026-03-10 14:23:47,874 [INFO] django.server: "GET /?search=%D0%90%D0%BB%D0%B1%D0%B0%D0%BD%D0%B1%D0%B0%D0%B9 HTTP/1.1" 200 49324
2026-03-10 14:23:50,264 [INFO] django.server: "GET /search/suggestions/?q=%D0%BD%D1%83%D1%80 HTTP/1.1" 200 19
2026-03-10 14:23:51,145 [INFO] django.server: "GET /search/suggestions/?q=%D0%BD%D1%83%D1%80%D1%82 HTTP/1.1" 200 19
2026-03-10 14:23:51,484 [INFO] django.server: "GET /search/suggestions/?q=%D0%BD%D1%83%D1%80%D1%82%D0%B0%D0%B9 HTTP/1.1" 200 19
2026-03-10 14:23:51,526 [INFO] django.server: "GET /?search=%D0%BD%D1%83%D1%80%D1%82%D0%B0%D0%B9&show=all HTTP/1.1" 200 49363
2026-03-10 14:23:53,123 [INFO] django.server: "GET /search/suggestions/?q=%D0%BD%D1%83%D1%80%D1%82%D0%B0%D0%B9 HTTP/1.1" 200 19
2026-03-10 14:23:53,660 [INFO] django.server: "GET /search/suggestions/?q=%D0%BD%D1%83%D1%80%D1%82%D0%B0%D0%B9 HTTP/1.1" 200 19
2026-03-10 14:23:54,507 [INFO] django.server: "GET /search/suggestions/?q=%D0%BD%D1%83%D1%80%D1%82%D0%B0%D0%B9 HTTP/1.1" 200 19
2026-03-10 14:23:57,393 [INFO] django.server: "GET /search/suggestions/?q=%D0%B0%D0%BB%D0%B4 HTTP/1.1" 200 271
2026-03-10 14:23:59,822 [INFO] django.server: "GET /search/suggestions/?q=%D0%B0%D0%BB%D0%B1%D0%B0%D0%BD HTTP/1.1" 200 19
2026-03-10 14:24:00,199 [INFO] django.server: "GET /search/suggestions/?q=%D0%B0%D0%BB%D0%B1%D0%B0%D0%BD%D0%B1%D0%B0%D0%B9 HTTP/1.1" 200 19
2026-03-10 14:24:00,207 [INFO] django.server: "GET /?search=%D0%B0%D0%BB%D0%B1%D0%B0%D0%BD%D0%B1%D0%B0%D0%B9&show=all HTTP/1.1" 200 49375
2026-03-10 14:24:02,869 [INFO] django.server: "GET /search/suggestions/?q=%D0%B0%D0%BB%D0%B1%D0%B0%D0%BD%D0%B1%D0%B0%D0%B9 HTTP/1.1" 200 19
2026-03-10 14:24:05,968 [INFO] django.server: "GET /?search=&show=all HTTP/1.1" 200 69722
2026-03-10 14:24:10,310 [INFO] django.server: "GET /?status=published&y_min=2021 HTTP/1.1" 200 69803
2026-03-10 14:24:11,003 [INFO] django.server: "GET /?show=all HTTP/1.1" 200 69710
2026-03-10 14:24:11,446 [INFO] django.server: "GET /?status=published HTTP/1.1" 200 69737
2026-03-10 14:24:13,755 [INFO] django.server: "GET /?search=%D0%90%D0%BB%D0%B1%D0%B0%D0%BD%D0%B1%D0%B0%D0%B9 HTTP/1.1" 200 49324
2026-03-10 14:24:16,757 [INFO] django.server: "GET /documents HTTP/1.1" 200 31588
2026-03-10 14:24:20,520 [INFO] django.server: "GET /documents HTTP/1.1" 200 31588
2026-03-10 14:24:34,168 [INFO] django.server: "GET / HTTP/1.1" 200 21132
2026-03-10 14:24:43,159 [INFO] django.server: "GET /?show=all HTTP/1.1" 200 69710
2026-03-10 14:24:56,058 [INFO] django.server: "GET /documents HTTP/1.1" 200 31588
2026-03-10 14:24:59,202 [INFO] django.server: "GET / HTTP/1.1" 200 21132
2026-03-10 14:25:02,181 [INFO] django.server: "GET /?search= HTTP/1.1" 200 21132
2026-03-10 14:25:02,401 [INFO] django.server: "GET /documents/42/edit HTTP/1.1" 200 21604
2026-03-10 14:25:02,447 [INFO] document.views: ONLYOFFICE config document=42 user=74 mode=edit key=doc-42-v1
2026-03-10 14:25:02,448 [INFO] django.server: "GET /onlyoffice/config/42 HTTP/1.1" 200 1535
2026-03-10 14:25:02,789 [INFO] document.views: ONLYOFFICE callback document=42 status=1
2026-03-10 14:25:02,791 [INFO] django.server: "POST /onlyoffice/callback/42 HTTP/1.1" 200 12
2026-03-10 14:25:02,799 [INFO] document.views: Document file served document=42
2026-03-10 14:25:02,800 [INFO] django.server: "GET /files/42?access_token=eyJkb2N1bWVudF9pZCI6NDIsInVzZXJfaWQiOjc0LCJ2ZXJzaW9uIjoxfQ%3A1vztKo%3ACEvE4JNb3707YGYXJarvDVAegBnwIA9o4elLvFPsqS4 HTTP/1.1" 200 25743
2026-03-10 14:25:06,906 [INFO] django.server: "GET /?status=published HTTP/1.1" 200 69737
2026-03-10 14:25:08,790 [INFO] django.server: "GET / HTTP/1.1" 200 21132
2026-03-10 14:25:08,807 [INFO] document.views: ONLYOFFICE callback document=42 status=4
2026-03-10 14:25:08,807 [INFO] django.server: "POST /onlyoffice/callback/42 HTTP/1.1" 200 12
2026-03-10 14:25:10,196 [INFO] django.server: "GET /documents HTTP/1.1" 200 31588
2026-03-10 14:25:10,772 [INFO] django.server: "GET /account/ HTTP/1.1" 200 65349
2026-03-10 14:25:11,441 [INFO] django.server: "GET /account/ HTTP/1.1" 200 65349
2026-03-10 14:25:13,128 [INFO] django.server: "POST /account/logout/ HTTP/1.1" 302 0
2026-03-10 14:25:13,137 [INFO] django.server: "GET /account/ HTTP/1.1" 200 10833
2026-03-10 14:25:15,387 [INFO] django.server: "POST /account/ HTTP/1.1" 302 0
2026-03-10 14:25:15,398 [INFO] django.server: "GET /account/ HTTP/1.1" 200 65349
2026-03-10 14:25:16,394 [INFO] django.server: "GET /account/ HTTP/1.1" 200 65349
2026-03-10 14:25:20,352 [INFO] django.server: "GET /account/ HTTP/1.1" 200 65349
2026-03-10 14:26:20,421 [INFO] django.server: "GET /?quartile=Q1 HTTP/1.1" 200 25961
2026-03-10 14:26:22,856 [INFO] django.server: "GET /?status=published&y_min=2021 HTTP/1.1" 200 69803
2026-03-10 14:26:26,545 [INFO] django.server: "GET /?oa=1 HTTP/1.1" 200 65924
2026-03-10 14:26:31,853 [INFO] django.server: "GET /?oa=1 HTTP/1.1" 200 65924
2026-03-10 14:31:19,038 [INFO] django.server: "GET /account/ HTTP/1.1" 200 65349
2026-03-10 14:31:20,764 [INFO] django.server: "GET /documents HTTP/1.1" 200 31588
2026-03-10 14:31:21,513 [INFO] django.server: "GET / HTTP/1.1" 200 21132
2026-03-10 14:31:22,106 [INFO] django.server: "GET /documents HTTP/1.1" 200 31588
2026-03-10 14:31:23,489 [INFO] django.server: "GET / HTTP/1.1" 200 21132
2026-03-10 14:31:23,866 [INFO] django.server: "GET /employees/ HTTP/1.1" 200 59174
2026-03-10 14:32:09,628 [INFO] django.server: "GET /?search=&oa=1 HTTP/1.1" 200 65924
2026-03-10 14:32:11,470 [INFO] django.server: "GET /?search=&oa=1 HTTP/1.1" 200 65924
2026-03-10 14:32:12,481 [INFO] django.server: "GET /?search=&oa=1 HTTP/1.1" 200 65924
2026-03-10 14:32:29,859 [INFO] django.server: "GET /?search=&oa=1 HTTP/1.1" 200 65924
2026-03-10 14:32:39,314 [INFO] django.server: "GET / HTTP/1.1" 200 21132
2026-03-10 14:32:46,852 [INFO] django.server: "GET /employees/load/?page=2 HTTP/1.1" 200 58596
2026-03-10 14:32:48,701 [INFO] django.server: "GET /employees/load/?page=3 HTTP/1.1" 200 59440
2026-03-10 14:32:50,464 [INFO] django.server: "GET /employees/load/?page=4 HTTP/1.1" 200 42140
2026-03-10 14:32:50,990 [INFO] django.server: "GET /?search= HTTP/1.1" 200 21132
2026-03-10 14:32:52,740 [INFO] django.server: "GET /?search= HTTP/1.1" 200 21132
2026-03-10 14:32:55,481 [INFO] django.server: "GET /?search= HTTP/1.1" 200 21132
2026-03-10 14:37:31,578 [INFO] django.server: "GET /account/ HTTP/1.1" 200 65349
2026-03-10 14:37:32,228 [INFO] django.server: "GET /account/ HTTP/1.1" 200 65349
2026-03-10 14:40:29,816 [INFO] django.server: "GET /?search= HTTP/1.1" 200 21132
2026-03-10 14:41:01,753 [INFO] django.server: "GET /?search= HTTP/1.1" 200 21132
2026-03-10 14:41:03,011 [INFO] django.server: "GET /?search= HTTP/1.1" 200 21132
2026-03-10 14:41:03,867 [INFO] django.server: "GET /?search= HTTP/1.1" 200 21132
2026-03-10 14:41:04,572 [INFO] django.server: "GET /?search= HTTP/1.1" 200 21132
2026-03-10 14:41:05,043 [INFO] django.server: "GET /?search= HTTP/1.1" 200 21132
2026-03-10 14:42:55,435 [INFO] django.server: "GET / HTTP/1.1" 200 21132
2026-03-10 14:42:57,172 [INFO] django.server: "GET / HTTP/1.1" 200 21132
2026-03-10 14:42:58,615 [INFO] django.server: "GET / HTTP/1.1" 200 21132
2026-03-10 14:49:51,527 [INFO] django.server: "GET / HTTP/1.1" 200 21132
2026-03-10 14:49:51,563 [INFO] django.server: "GET /static/main/css/style.css HTTP/1.1" 304 0
2026-03-10 14:49:52,770 [INFO] django.server: "GET / HTTP/1.1" 200 21132
2026-03-10 14:51:02,761 [INFO] django.server: "GET /?search= HTTP/1.1" 200 21132
2026-03-10 14:51:45,714 [INFO] django.server: "GET / HTTP/1.1" 200 21132
2026-03-10 14:51:52,699 [INFO] django.server: "GET /employees/ HTTP/1.1" 200 59174
2026-03-10 14:51:55,513 [INFO] django.server: "GET /employees/load/?page=2 HTTP/1.1" 200 58596
2026-03-10 14:51:57,308 [INFO] django.server: "GET /employees/load/?page=3 HTTP/1.1" 200 59440
2026-03-10 14:51:58,493 [INFO] django.server: "GET /employees/load/?page=4 HTTP/1.1" 200 42140
2026-03-10 14:52:13,578 [INFO] django.server: "GET /employees/ HTTP/1.1" 200 59174
2026-03-10 14:52:14,703 [INFO] django.server: "GET / HTTP/1.1" 200 21132
2026-03-10 14:52:16,030 [INFO] django.server: "GET / HTTP/1.1" 200 21132
2026-03-10 14:52:16,703 [INFO] django.server: "GET /employees/ HTTP/1.1" 200 59174
2026-03-10 14:52:38,094 [INFO] django.server: "GET /employees/ HTTP/1.1" 200 59174
2026-03-10 14:52:44,770 [INFO] django.server: "GET /employees/ HTTP/1.1" 200 59174
2026-03-10 14:53:51,948 [INFO] django.server: "GET / HTTP/1.1" 200 21132
2026-03-10 14:53:55,783 [INFO] django.server: "GET /search/suggestions/?q=%D0%90%D0%BB%D0%B1%D0%B0%D0%BD HTTP/1.1" 200 265
2026-03-10 14:53:56,273 [INFO] django.server: "GET /search/suggestions/?q=%D0%90%D0%BB%D0%B1%D0%B0%D0%BD%D0%B1%D0%B0 HTTP/1.1" 200 265
2026-03-10 14:53:56,631 [INFO] django.server: "GET /search/suggestions/?q=%D0%90%D0%BB%D0%B1%D0%B0%D0%BD%D0%B1%D0%B0%D0%B9 HTTP/1.1" 200 265
2026-03-10 14:53:56,719 [INFO] django.server: "GET /?search=%D0%90%D0%BB%D0%B1%D0%B0%D0%BD%D0%B1%D0%B0%D0%B9 HTTP/1.1" 200 49324
2026-03-10 14:54:14,766 [INFO] django.server: "GET /employees/ HTTP/1.1" 200 59174
2026-03-10 14:54:17,024 [INFO] django.server: "GET /employees/load/?page=2 HTTP/1.1" 200 58596
2026-03-10 14:54:18,585 [INFO] django.server: "GET /employees/load/?page=3 HTTP/1.1" 200 59440
2026-03-10 14:54:19,737 [INFO] django.server: "GET /employees/load/?page=4 HTTP/1.1" 200 42140
2026-03-10 14:55:28,832 [INFO] django.server: "GET / HTTP/1.1" 200 21132
2026-03-10 14:55:34,765 [INFO] django.server: "GET /search/suggestions/?q=%D0%90%D0%BB%D0%B1%D0%B0%D0%BD HTTP/1.1" 200 265
2026-03-10 14:55:35,260 [INFO] django.server: "GET /search/suggestions/?q=%D0%90%D0%BB%D0%B1%D0%B0%D0%BD%D0%B1%D0%B0 HTTP/1.1" 200 265
2026-03-10 14:55:35,665 [INFO] django.server: "GET /search/suggestions/?q=%D0%90%D0%BB%D0%B1%D0%B0%D0%BD%D0%B1%D0%B0%D0%B9 HTTP/1.1" 200 265
2026-03-10 14:55:36,021 [INFO] django.server: "GET /?search=%D0%90%D0%BB%D0%B1%D0%B0%D0%BD%D0%B1%D0%B0%D0%B9 HTTP/1.1" 200 49324
2026-03-10 14:55:39,556 [INFO] django.server: "GET /publications/76/ HTTP/1.1" 200 11252
2026-03-10 14:56:08,266 [INFO] django.server: "GET / HTTP/1.1" 200 21132
2026-03-10 14:56:37,177 [INFO] django.server: "GET /employees/ HTTP/1.1" 200 59174
2026-03-10 14:56:38,416 [INFO] django.server: "GET /?staff_user=1&status=published HTTP/1.1" 200 48224
2026-03-10 15:02:39,230 [INFO] django.server: "GET /?search=&staff_user=1&status=published HTTP/1.1" 200 48224
2026-03-10 15:02:42,057 [INFO] django.server: "GET / HTTP/1.1" 200 21132
2026-03-10 15:02:43,213 [INFO] django.server: "GET / HTTP/1.1" 200 21132
2026-03-10 15:02:44,797 [INFO] django.server: "GET /?search= HTTP/1.1" 200 21132
2026-03-10 15:05:08,209 [INFO] django.server: "GET /search/suggestions/?q=IoT HTTP/1.1" 200 992
2026-03-10 15:05:09,534 [INFO] django.server: "GET /?search=IoT HTTP/1.1" 200 32215
2026-03-10 15:05:24,424 [INFO] django.server: "GET /search/suggestions/?q=IoT HTTP/1.1" 200 992
2026-03-10 15:05:26,747 [INFO] django.server: "GET / HTTP/1.1" 200 21132
2026-03-10 15:06:39,346 [INFO] django.server: "GET /employees/ HTTP/1.1" 200 59174
2026-03-10 15:06:42,477 [INFO] django.server: "GET / HTTP/1.1" 200 21132
2026-03-10 15:06:43,743 [INFO] django.server: "GET /documents HTTP/1.1" 200 31588
2026-03-10 15:06:48,775 [INFO] django.server: "GET /account/ HTTP/1.1" 200 65349
2026-03-10 15:06:51,838 [INFO] django.server: "GET / HTTP/1.1" 200 21132
2026-03-10 15:06:52,521 [INFO] django.server: "GET /employees/ HTTP/1.1" 200 59174
2026-03-10 15:06:54,116 [INFO] django.server: "GET /employees/load/?page=2 HTTP/1.1" 200 58596
2026-03-10 15:10:30,820 [INFO] django.server: "GET / HTTP/1.1" 200 21132
2026-03-10 15:16:49,701 [INFO] django.server: "GET / HTTP/1.1" 200 21132
2026-03-10 15:16:52,631 [INFO] django.server: "GET /?search= HTTP/1.1" 200 21132
2026-03-10 15:16:56,053 [INFO] django.server: "GET / HTTP/1.1" 200 21132
2026-03-10 15:17:01,259 [INFO] django.server: "GET / HTTP/1.1" 200 21132
2026-03-10 15:23:28,539 [INFO] django.server: "GET /account/ HTTP/1.1" 200 65349
2026-03-10 15:23:28,784 [INFO] django.server: "GET /static/main/css/style.css HTTP/1.1" 200 10520
2026-03-10 15:23:28,785 [INFO] django.server: "GET /static/main/images/icon.png HTTP/1.1" 200 49378
2026-03-10 15:23:28,788 [INFO] django.server: "GET /static/main/scripts/app_feedback.js HTTP/1.1" 200 1259
2026-03-10 15:23:29,029 [INFO] django.server: "GET /static/main/images/favicon.ico HTTP/1.1" 200 15406
2026-03-10 15:23:29,918 [WARNING] django.request: Not Found: /.well-known/appspecific/com.chrome.devtools.json
2026-03-10 15:23:29,918 [WARNING] django.server: "GET /.well-known/appspecific/com.chrome.devtools.json HTTP/1.1" 404 13055
2026-03-10 15:23:33,975 [INFO] django.server: "GET /account/ HTTP/1.1" 200 65349
2026-03-10 15:23:34,006 [WARNING] django.request: Not Found: /.well-known/appspecific/com.chrome.devtools.json
2026-03-10 15:23:34,006 [WARNING] django.server: "GET /.well-known/appspecific/com.chrome.devtools.json HTTP/1.1" 404 13055
2026-03-10 15:23:34,022 [INFO] django.server: "GET /static/main/css/style.css HTTP/1.1" 200 10520
2026-03-10 15:23:34,023 [INFO] django.server: "GET /static/main/images/icon.png HTTP/1.1" 200 49378
2026-03-10 15:23:34,024 [INFO] django.server: "GET /static/main/scripts/app_feedback.js HTTP/1.1" 200 1259
2026-03-10 15:23:34,454 [INFO] django.server: "GET /static/main/images/favicon.ico HTTP/1.1" 200 15406
2026-03-10 15:23:35,442 [INFO] django.server: "GET /documents HTTP/1.1" 200 31588
2026-03-10 15:23:35,468 [WARNING] django.request: Not Found: /.well-known/appspecific/com.chrome.devtools.json
2026-03-10 15:23:35,469 [WARNING] django.server: "GET /.well-known/appspecific/com.chrome.devtools.json HTTP/1.1" 404 13055
2026-03-10 15:23:38,665 [INFO] django.server: "GET / HTTP/1.1" 200 21132
2026-03-10 15:23:38,687 [WARNING] django.request: Not Found: /.well-known/appspecific/com.chrome.devtools.json
2026-03-10 15:23:38,688 [WARNING] django.server: "GET /.well-known/appspecific/com.chrome.devtools.json HTTP/1.1" 404 13055
2026-03-10 15:24:58,746 [INFO] django.server: "GET /account/ HTTP/1.1" 200 65349
2026-03-10 15:24:58,771 [WARNING] django.request: Not Found: /.well-known/appspecific/com.chrome.devtools.json
2026-03-10 15:24:58,772 [WARNING] django.server: "GET /.well-known/appspecific/com.chrome.devtools.json HTTP/1.1" 404 13055
2026-03-10 15:26:32,010 [INFO] django.utils.autoreload: D:\PROJECTs\su_science\project\main\models.py changed, reloading.
2026-03-10 15:26:32,519 [INFO] django.utils.autoreload: Watching for file changes with StatReloader
2026-03-10 15:26:42,015 [INFO] django.server: "GET /documents HTTP/1.1" 200 31588
2026-03-10 15:26:42,051 [WARNING] django.request: Not Found: /.well-known/appspecific/com.chrome.devtools.json
2026-03-10 15:26:42,051 [WARNING] django.server: "GET /.well-known/appspecific/com.chrome.devtools.json HTTP/1.1" 404 13055
2026-03-10 15:26:43,030 [INFO] django.server: "GET /account/ HTTP/1.1" 200 65349
2026-03-10 15:26:43,051 [WARNING] django.request: Not Found: /.well-known/appspecific/com.chrome.devtools.json
2026-03-10 15:26:43,051 [WARNING] django.server: "GET /.well-known/appspecific/com.chrome.devtools.json HTTP/1.1" 404 13055
2026-03-10 15:28:32,534 [INFO] django.server: "GET / HTTP/1.1" 200 21132
2026-03-10 15:28:32,571 [INFO] django.server: "GET /static/main/css/style.css HTTP/1.1" 304 0
2026-03-10 15:28:33,233 [INFO] django.server: "GET / HTTP/1.1" 200 21132
2026-03-10 15:29:04,926 [INFO] django.server: "GET /employees/ HTTP/1.1" 200 59174
2026-03-10 15:29:07,639 [INFO] django.server: "GET / HTTP/1.1" 200 21132
2026-03-10 15:31:11,815 [INFO] django.server: "GET /search/suggestions/?q=%D0%B0%D0%BB%D0%B1%D0%B0%D0%BD HTTP/1.1" 200 19
2026-03-10 15:31:12,597 [INFO] django.server: "GET /search/suggestions/?q=%D0%B0%D0%BB%D0%B1%D0%B0%D0%BD%D0%B1%D0%B0%D0%B9 HTTP/1.1" 200 19
2026-03-10 15:31:12,674 [INFO] django.server: "GET /?search=%D0%B0%D0%BB%D0%B1%D0%B0%D0%BD%D0%B1%D0%B0%D0%B9 HTTP/1.1" 200 49324
2026-03-10 15:31:28,961 [INFO] django.server: "GET /search/suggestions/?q=%D0%B0%D0%BB%D0%B1%D0%B0%D0%BD%D0%B1%D0%B0%D0%B9 HTTP/1.1" 200 19
2026-03-10 15:32:07,336 [INFO] django.server: "GET /publications/76/ HTTP/1.1" 200 11252
2026-03-10 15:32:30,454 [INFO] django.server: "GET / HTTP/1.1" 200 21132
2026-03-10 15:32:33,993 [INFO] django.server: "GET /account/ HTTP/1.1" 200 65349
2026-03-10 15:32:40,601 [INFO] django.server: "GET /documents HTTP/1.1" 200 31588
2026-03-10 15:32:50,114 [INFO] document.views: Template created id=31 owner=74 file_type=docx has_file=True content_len=0
2026-03-10 15:32:50,115 [INFO] django.server: "POST /generators/create HTTP/1.1" 302 0
2026-03-10 15:32:50,189 [INFO] django.server: "GET /generators/31/edit HTTP/1.1" 200 228113
2026-03-10 15:32:50,323 [INFO] document.views: ONLYOFFICE config generator=31 user=74 mode=edit key=gen-31-1773138770-s2436
2026-03-10 15:32:50,324 [INFO] django.server: "GET /onlyoffice/generator/config/31 HTTP/1.1" 200 1593
2026-03-10 15:32:51,277 [INFO] document.views: ONLYOFFICE callback generator=31 status=1
2026-03-10 15:32:51,278 [INFO] django.server: "POST /onlyoffice/generator/callback/31 HTTP/1.1" 200 12
2026-03-10 15:32:51,315 [INFO] document.views: Generator file served generator=31
2026-03-10 15:32:51,316 [INFO] django.server: "GET /generator-files/31?access_token=eyJnZW5lcmF0b3JfaWQiOjMxLCJ1c2VyX2lkIjo3NH0%3A1vzuOQ%3ACtyRt-uR1g61-o76NClQtnipjFU-64JStNBnf2tw5k0 HTTP/1.1" 200 2436
2026-03-10 15:32:55,716 [INFO] django.server: "GET /documents HTTP/1.1" 200 34463
2026-03-10 15:32:55,738 [INFO] document.views: ONLYOFFICE callback generator=31 status=4
2026-03-10 15:32:55,739 [INFO] django.server: "POST /onlyoffice/generator/callback/31 HTTP/1.1" 200 12
2026-03-10 15:33:03,348 [INFO] document.views: Template deleted id=31 user=74
2026-03-10 15:33:03,349 [INFO] django.server: "DELETE /generators/31 HTTP/1.1" 200 21
2026-03-10 15:33:17,881 [INFO] django.server: "GET / HTTP/1.1" 200 21132
2026-03-10 15:33:18,449 [INFO] django.server: "GET /employees/ HTTP/1.1" 200 59174
2026-03-10 15:33:20,783 [INFO] django.server: "GET /employees/load/?page=2 HTTP/1.1" 200 58596
2026-03-10 15:34:06,583 [INFO] django.server: "GET /employees/ HTTP/1.1" 200 59174
2026-03-10 15:34:07,078 [INFO] django.server: "GET / HTTP/1.1" 200 21132
2026-03-10 15:35:21,701 [INFO] django.server: "GET /account/ HTTP/1.1" 200 65349
2026-03-10 15:35:21,953 [WARNING] django.request: Not Found: /.well-known/appspecific/com.chrome.devtools.json
2026-03-10 15:35:21,954 [WARNING] django.server: "GET /.well-known/appspecific/com.chrome.devtools.json HTTP/1.1" 404 13055
2026-03-10 15:35:21,966 [INFO] django.server: "GET /static/main/css/style.css HTTP/1.1" 200 10520
2026-03-10 15:35:21,966 [INFO] django.server: "GET /static/main/images/icon.png HTTP/1.1" 200 49378
2026-03-10 15:35:21,979 [INFO] django.server: "GET /static/main/scripts/app_feedback.js HTTP/1.1" 200 1259
2026-03-10 15:35:22,174 [INFO] django.server: "GET /static/main/images/favicon.ico HTTP/1.1" 200 15406
2026-03-10 15:35:23,338 [INFO] django.server: "GET / HTTP/1.1" 200 21132
2026-03-10 15:35:23,366 [WARNING] django.request: Not Found: /.well-known/appspecific/com.chrome.devtools.json
2026-03-10 15:35:23,366 [WARNING] django.server: "GET /.well-known/appspecific/com.chrome.devtools.json HTTP/1.1" 404 13055
2026-03-10 15:35:23,761 [INFO] django.server: "GET / HTTP/1.1" 200 21132
2026-03-10 15:35:23,783 [WARNING] django.request: Not Found: /.well-known/appspecific/com.chrome.devtools.json
2026-03-10 15:35:23,784 [WARNING] django.server: "GET /.well-known/appspecific/com.chrome.devtools.json HTTP/1.1" 404 13055
2026-03-10 15:35:23,968 [INFO] django.server: "GET / HTTP/1.1" 200 21132
2026-03-10 15:35:23,991 [WARNING] django.request: Not Found: /.well-known/appspecific/com.chrome.devtools.json
2026-03-10 15:35:23,992 [WARNING] django.server: "GET /.well-known/appspecific/com.chrome.devtools.json HTTP/1.1" 404 13055
2026-03-10 15:35:24,888 [INFO] django.server: "GET /employees/ HTTP/1.1" 200 59174
2026-03-10 15:35:24,918 [WARNING] django.request: Not Found: /.well-known/appspecific/com.chrome.devtools.json
2026-03-10 15:35:24,918 [WARNING] django.server: "GET /.well-known/appspecific/com.chrome.devtools.json HTTP/1.1" 404 13055
2026-03-10 15:35:25,263 [INFO] django.server: "GET / HTTP/1.1" 200 21132
2026-03-10 15:35:25,294 [WARNING] django.request: Not Found: /.well-known/appspecific/com.chrome.devtools.json
2026-03-10 15:35:25,294 [WARNING] django.server: "GET /.well-known/appspecific/com.chrome.devtools.json HTTP/1.1" 404 13055
2026-03-10 15:35:25,754 [INFO] django.server: "GET /employees/ HTTP/1.1" 200 59174
2026-03-10 15:35:25,785 [WARNING] django.request: Not Found: /.well-known/appspecific/com.chrome.devtools.json
2026-03-10 15:35:25,785 [WARNING] django.server: "GET /.well-known/appspecific/com.chrome.devtools.json HTTP/1.1" 404 13055
2026-03-10 15:35:26,108 [INFO] django.server: "GET /documents HTTP/1.1" 200 31588
2026-03-10 15:35:26,137 [WARNING] django.request: Not Found: /.well-known/appspecific/com.chrome.devtools.json
2026-03-10 15:35:26,138 [WARNING] django.server: "GET /.well-known/appspecific/com.chrome.devtools.json HTTP/1.1" 404 13055
2026-03-10 15:35:26,457 [INFO] django.server: "GET /documents HTTP/1.1" 200 31588
2026-03-10 15:35:26,494 [WARNING] django.request: Not Found: /.well-known/appspecific/com.chrome.devtools.json
2026-03-10 15:35:26,494 [WARNING] django.server: "GET /.well-known/appspecific/com.chrome.devtools.json HTTP/1.1" 404 13055
2026-03-10 15:35:26,831 [INFO] django.server: "GET /account/ HTTP/1.1" 200 65349
2026-03-10 15:35:26,860 [WARNING] django.request: Not Found: /.well-known/appspecific/com.chrome.devtools.json
2026-03-10 15:35:26,860 [WARNING] django.server: "GET /.well-known/appspecific/com.chrome.devtools.json HTTP/1.1" 404 13055
2026-03-10 15:35:27,631 [INFO] django.server: "GET / HTTP/1.1" 200 21132
2026-03-10 15:35:28,626 [INFO] django.server: "GET / HTTP/1.1" 200 21132
2026-03-10 15:35:28,656 [WARNING] django.request: Not Found: /.well-known/appspecific/com.chrome.devtools.json
2026-03-10 15:35:28,656 [WARNING] django.server: "GET /.well-known/appspecific/com.chrome.devtools.json HTTP/1.1" 404 13055
2026-03-10 15:36:03,615 [INFO] django.server: "GET / HTTP/1.1" 200 21132
2026-03-10 15:36:03,663 [WARNING] django.request: Not Found: /.well-known/appspecific/com.chrome.devtools.json
2026-03-10 15:36:03,664 [WARNING] django.server: "GET /.well-known/appspecific/com.chrome.devtools.json HTTP/1.1" 404 13055
2026-03-10 15:36:04,950 [INFO] django.server: "GET /employees/ HTTP/1.1" 200 59174
2026-03-10 15:36:04,985 [WARNING] django.request: Not Found: /.well-known/appspecific/com.chrome.devtools.json
2026-03-10 15:36:04,985 [WARNING] django.server: "GET /.well-known/appspecific/com.chrome.devtools.json HTTP/1.1" 404 13055
2026-03-10 15:36:06,554 [INFO] django.server: "GET /documents HTTP/1.1" 200 31588
2026-03-10 15:36:06,582 [WARNING] django.request: Not Found: /.well-known/appspecific/com.chrome.devtools.json
2026-03-10 15:36:06,582 [WARNING] django.server: "GET /.well-known/appspecific/com.chrome.devtools.json HTTP/1.1" 404 13055
2026-03-10 15:36:07,190 [INFO] django.server: "GET /account/ HTTP/1.1" 200 65349
2026-03-10 15:36:07,218 [WARNING] django.request: Not Found: /.well-known/appspecific/com.chrome.devtools.json
2026-03-10 15:36:07,219 [WARNING] django.server: "GET /.well-known/appspecific/com.chrome.devtools.json HTTP/1.1" 404 13055
2026-03-10 15:36:11,199 [INFO] django.server: "GET /documents HTTP/1.1" 200 31588
2026-03-10 15:36:11,228 [WARNING] django.request: Not Found: /.well-known/appspecific/com.chrome.devtools.json
2026-03-10 15:36:11,229 [WARNING] django.server: "GET /.well-known/appspecific/com.chrome.devtools.json HTTP/1.1" 404 13055
2026-03-10 15:36:20,729 [INFO] django.server: "GET /documents HTTP/1.1" 200 31588
2026-03-10 15:36:20,772 [WARNING] django.request: Not Found: /.well-known/appspecific/com.chrome.devtools.json
2026-03-10 15:36:20,772 [WARNING] django.server: "GET /.well-known/appspecific/com.chrome.devtools.json HTTP/1.1" 404 13055
2026-03-10 15:36:21,454 [INFO] django.server: "GET /employees/ HTTP/1.1" 200 59174
2026-03-10 15:36:21,484 [WARNING] django.request: Not Found: /.well-known/appspecific/com.chrome.devtools.json
2026-03-10 15:36:21,484 [WARNING] django.server: "GET /.well-known/appspecific/com.chrome.devtools.json HTTP/1.1" 404 13055
2026-03-10 15:38:33,813 [INFO] django.server: "GET /employees/load/?page=2 HTTP/1.1" 200 58596
2026-03-10 15:38:34,656 [INFO] django.server: "GET /employees/load/?page=3 HTTP/1.1" 200 59440
2026-03-10 15:38:35,276 [INFO] django.server: "GET /employees/load/?page=4 HTTP/1.1" 200 42140
2026-03-10 15:41:16,386 [INFO] django.server: "GET /search/suggestions/?q=%D0%90%D0%BB%D0%B1%D0%B0%D0%BD HTTP/1.1" 200 265
2026-03-10 15:41:16,926 [INFO] django.server: "GET /search/suggestions/?q=%D0%90%D0%BB%D0%B1%D0%B0%D0%BD%D0%B1%D0%B0 HTTP/1.1" 200 265
2026-03-10 15:41:17,343 [INFO] django.server: "GET /search/suggestions/?q=%D0%90%D0%BB%D0%B1%D0%B0%D0%BD%D0%B1%D0%B0%D0%B9 HTTP/1.1" 200 265
2026-03-10 15:41:18,154 [INFO] django.server: "GET /?search=%D0%90%D0%BB%D0%B1%D0%B0%D0%BD%D0%B1%D0%B0%D0%B9 HTTP/1.1" 200 49324
2026-03-10 15:41:20,515 [INFO] django.server: "GET /account/ HTTP/1.1" 200 65349
2026-03-10 15:41:21,190 [WARNING] django.request: Not Found: /.well-known/appspecific/com.chrome.devtools.json
2026-03-10 15:41:21,191 [WARNING] django.server: "GET /.well-known/appspecific/com.chrome.devtools.json HTTP/1.1" 404 13055
2026-03-10 15:41:55,758 [INFO] django.server: "GET /employees/ HTTP/1.1" 200 59174
2026-03-10 15:42:01,564 [INFO] django.server: "GET /?staff_user=1&status=published HTTP/1.1" 200 48224
2026-03-10 15:42:39,166 [INFO] django.server: "GET / HTTP/1.1" 200 21132
2026-03-10 15:42:39,190 [WARNING] django.request: Not Found: /.well-known/appspecific/com.chrome.devtools.json
2026-03-10 15:42:39,192 [WARNING] django.server: "GET /.well-known/appspecific/com.chrome.devtools.json HTTP/1.1" 404 13055
2026-03-10 15:42:44,189 [INFO] django.server: "GET / HTTP/1.1" 200 21132
2026-03-10 15:42:44,221 [WARNING] django.request: Not Found: /.well-known/appspecific/com.chrome.devtools.json
2026-03-10 15:42:44,222 [WARNING] django.server: "GET /.well-known/appspecific/com.chrome.devtools.json HTTP/1.1" 404 13055
2026-03-10 15:42:44,228 [INFO] django.server: "GET /static/main/css/style.css HTTP/1.1" 200 10520
2026-03-10 15:42:44,234 [INFO] django.server: "GET /static/main/images/icon.png HTTP/1.1" 200 49378
2026-03-10 15:42:44,237 [INFO] django.server: "GET /static/main/scripts/app_feedback.js HTTP/1.1" 200 1259
2026-03-10 15:42:44,239 [INFO] django.server: "GET /static/main/scripts/main_filter.js HTTP/1.1" 200 9162
2026-03-10 15:42:44,706 [INFO] django.server: "GET /static/main/images/favicon.ico HTTP/1.1" 200 15406
2026-03-10 15:42:45,426 [INFO] django.server: "GET /documents HTTP/1.1" 200 31588
2026-03-10 15:42:45,450 [WARNING] django.request: Not Found: /.well-known/appspecific/com.chrome.devtools.json
2026-03-10 15:42:45,451 [WARNING] django.server: "GET /.well-known/appspecific/com.chrome.devtools.json HTTP/1.1" 404 13055
2026-03-10 15:42:45,853 [INFO] django.server: "GET /account/ HTTP/1.1" 200 65349
2026-03-10 15:42:45,882 [WARNING] django.request: Not Found: /.well-known/appspecific/com.chrome.devtools.json
2026-03-10 15:42:45,883 [WARNING] django.server: "GET /.well-known/appspecific/com.chrome.devtools.json HTTP/1.1" 404 13055
2026-03-10 15:42:46,318 [INFO] django.server: "GET /documents HTTP/1.1" 200 31588
2026-03-10 15:42:46,347 [WARNING] django.request: Not Found: /.well-known/appspecific/com.chrome.devtools.json
2026-03-10 15:42:46,347 [WARNING] django.server: "GET /.well-known/appspecific/com.chrome.devtools.json HTTP/1.1" 404 13055
2026-03-10 15:42:46,657 [INFO] django.server: "GET /account/ HTTP/1.1" 200 65349
2026-03-10 15:42:46,694 [WARNING] django.request: Not Found: /.well-known/appspecific/com.chrome.devtools.json
2026-03-10 15:42:46,694 [WARNING] django.server: "GET /.well-known/appspecific/com.chrome.devtools.json HTTP/1.1" 404 13055
2026-03-10 15:44:35,111 [INFO] django.utils.autoreload: D:\PROJECTs\su_science\project\account\views.py changed, reloading.
2026-03-10 15:44:35,581 [INFO] django.utils.autoreload: Watching for file changes with StatReloader
2026-03-10 15:44:39,899 [INFO] django.utils.autoreload: D:\PROJECTs\su_science\project\account\urls.py changed, reloading.
2026-03-10 15:44:40,349 [INFO] django.utils.autoreload: Watching for file changes with StatReloader
2026-03-10 15:45:24,037 [INFO] django.server: "GET /documents HTTP/1.1" 200 31588
2026-03-10 15:45:24,061 [WARNING] django.request: Not Found: /.well-known/appspecific/com.chrome.devtools.json
2026-03-10 15:45:24,062 [WARNING] django.server: "GET /.well-known/appspecific/com.chrome.devtools.json HTTP/1.1" 404 13343
2026-03-10 15:45:24,663 [INFO] django.server: "GET /documents HTTP/1.1" 200 31588
2026-03-10 15:45:24,684 [WARNING] django.request: Not Found: /.well-known/appspecific/com.chrome.devtools.json
2026-03-10 15:45:24,684 [WARNING] django.server: "GET /.well-known/appspecific/com.chrome.devtools.json HTTP/1.1" 404 13343
2026-03-10 15:45:24,790 [INFO] django.server: "GET /static/main/css/style.css HTTP/1.1" 200 10520
2026-03-10 15:45:24,791 [INFO] django.server: "GET /static/main/scripts/app_feedback.js HTTP/1.1" 200 1259
2026-03-10 15:45:24,803 [INFO] django.server: "GET /static/document/css/style.css HTTP/1.1" 200 3529
2026-03-10 15:45:24,804 [INFO] django.server: "GET /static/main/images/icon.png HTTP/1.1" 200 49378
2026-03-10 15:45:24,915 [INFO] django.server: "GET /static/main/images/favicon.ico HTTP/1.1" 200 15406
2026-03-10 15:45:25,615 [INFO] django.server: "GET / HTTP/1.1" 200 21132
2026-03-10 15:45:25,637 [WARNING] django.request: Not Found: /.well-known/appspecific/com.chrome.devtools.json
2026-03-10 15:45:25,637 [WARNING] django.server: "GET /.well-known/appspecific/com.chrome.devtools.json HTTP/1.1" 404 13343
2026-03-10 15:45:26,022 [INFO] django.server: "GET /employees/ HTTP/1.1" 200 59174
2026-03-10 15:45:26,046 [WARNING] django.request: Not Found: /.well-known/appspecific/com.chrome.devtools.json
2026-03-10 15:45:26,047 [WARNING] django.server: "GET /.well-known/appspecific/com.chrome.devtools.json HTTP/1.1" 404 13343
2026-03-10 15:45:29,021 [INFO] django.server: "GET /?staff_user=1&status=published HTTP/1.1" 200 48224
2026-03-10 15:45:29,061 [WARNING] django.request: Not Found: /.well-known/appspecific/com.chrome.devtools.json
2026-03-10 15:45:29,062 [WARNING] django.server: "GET /.well-known/appspecific/com.chrome.devtools.json HTTP/1.1" 404 13343
2026-03-10 15:45:30,152 [INFO] django.server: "GET /account/ HTTP/1.1" 200 65349
2026-03-10 15:45:30,183 [WARNING] django.request: Not Found: /.well-known/appspecific/com.chrome.devtools.json
2026-03-10 15:45:30,183 [WARNING] django.server: "GET /.well-known/appspecific/com.chrome.devtools.json HTTP/1.1" 404 13343
2026-03-10 15:46:06,635 [INFO] django.server: "GET /documents HTTP/1.1" 200 31588
2026-03-10 15:46:06,677 [WARNING] django.request: Not Found: /.well-known/appspecific/com.chrome.devtools.json
2026-03-10 15:46:06,677 [WARNING] django.server: "GET /.well-known/appspecific/com.chrome.devtools.json HTTP/1.1" 404 13343
2026-03-10 15:46:06,781 [INFO] django.server: "GET /documents HTTP/1.1" 200 31588
2026-03-10 15:46:06,820 [WARNING] django.request: Not Found: /.well-known/appspecific/com.chrome.devtools.json
2026-03-10 15:46:06,821 [WARNING] django.server: "GET /.well-known/appspecific/com.chrome.devtools.json HTTP/1.1" 404 13343
2026-03-10 15:46:07,388 [INFO] django.server: "GET / HTTP/1.1" 200 21132
2026-03-10 15:46:07,417 [WARNING] django.request: Not Found: /.well-known/appspecific/com.chrome.devtools.json
2026-03-10 15:46:07,418 [WARNING] django.server: "GET /.well-known/appspecific/com.chrome.devtools.json HTTP/1.1" 404 13343
2026-03-10 15:46:07,854 [INFO] django.server: "GET /account/ HTTP/1.1" 200 65349
2026-03-10 15:46:07,884 [WARNING] django.request: Not Found: /.well-known/appspecific/com.chrome.devtools.json
2026-03-10 15:46:07,884 [WARNING] django.server: "GET /.well-known/appspecific/com.chrome.devtools.json HTTP/1.1" 404 13343
2026-03-10 15:46:10,360 [ERROR] django.request: Internal Server Error: /employees/
Traceback (most recent call last):
  File "D:\PROJECTs\su_science\venv\Lib\site-packages\django\core\handlers\exception.py", line 55, in inner
    response = get_response(request)
               ^^^^^^^^^^^^^^^^^^^^^
  File "D:\PROJECTs\su_science\venv\Lib\site-packages\django\core\handlers\base.py", line 198, in _get_response
    response = wrapped_callback(request, *callback_args, **callback_kwargs)
               ^^^^^^^^^^^^^^^^^^^^^^^^^^^^^^^^^^^^^^^^^^^^^^^^^^^^^^^^^^^^
  File "D:\PROJECTs\su_science\project\account\views.py", line 52, in employees_list
    return render(
           ^^^^^^^
  File "D:\PROJECTs\su_science\venv\Lib\site-packages\django\shortcuts.py", line 25, in render
    content = loader.render_to_string(template_name, context, request, using=using)
              ^^^^^^^^^^^^^^^^^^^^^^^^^^^^^^^^^^^^^^^^^^^^^^^^^^^^^^^^^^^^^^^^^^^^^
  File "D:\PROJECTs\su_science\venv\Lib\site-packages\django\template\loader.py", line 61, in render_to_string
    template = get_template(template_name, using=using)
               ^^^^^^^^^^^^^^^^^^^^^^^^^^^^^^^^^^^^^^^^
  File "D:\PROJECTs\su_science\venv\Lib\site-packages\django\template\loader.py", line 19, in get_template
    raise TemplateDoesNotExist(template_name, chain=chain)
django.template.exceptions.TemplateDoesNotExist: account/staff_list.html
2026-03-10 15:46:10,361 [ERROR] django.server: "GET /employees/ HTTP/1.1" 500 90659
2026-03-10 15:46:10,402 [WARNING] django.request: Not Found: /.well-known/appspecific/com.chrome.devtools.json
2026-03-10 15:46:10,403 [WARNING] django.server: "GET /.well-known/appspecific/com.chrome.devtools.json HTTP/1.1" 404 13343
2026-03-10 15:46:10,486 [WARNING] django.request: Not Found: /favicon.ico
2026-03-10 15:46:10,487 [WARNING] django.server: "GET /favicon.ico HTTP/1.1" 404 13232
2026-03-10 15:46:25,700 [ERROR] django.request: Internal Server Error: /employees/
Traceback (most recent call last):
  File "D:\PROJECTs\su_science\venv\Lib\site-packages\django\core\handlers\exception.py", line 55, in inner
    response = get_response(request)
               ^^^^^^^^^^^^^^^^^^^^^
  File "D:\PROJECTs\su_science\venv\Lib\site-packages\django\core\handlers\base.py", line 198, in _get_response
    response = wrapped_callback(request, *callback_args, **callback_kwargs)
               ^^^^^^^^^^^^^^^^^^^^^^^^^^^^^^^^^^^^^^^^^^^^^^^^^^^^^^^^^^^^
  File "D:\PROJECTs\su_science\project\account\views.py", line 52, in employees_list
    return render(
           ^^^^^^^
  File "D:\PROJECTs\su_science\venv\Lib\site-packages\django\shortcuts.py", line 25, in render
    content = loader.render_to_string(template_name, context, request, using=using)
              ^^^^^^^^^^^^^^^^^^^^^^^^^^^^^^^^^^^^^^^^^^^^^^^^^^^^^^^^^^^^^^^^^^^^^
  File "D:\PROJECTs\su_science\venv\Lib\site-packages\django\template\loader.py", line 61, in render_to_string
    template = get_template(template_name, using=using)
               ^^^^^^^^^^^^^^^^^^^^^^^^^^^^^^^^^^^^^^^^
  File "D:\PROJECTs\su_science\venv\Lib\site-packages\django\template\loader.py", line 19, in get_template
    raise TemplateDoesNotExist(template_name, chain=chain)
django.template.exceptions.TemplateDoesNotExist: account/staff_list.html
2026-03-10 15:46:25,701 [ERROR] django.server: "GET /employees/ HTTP/1.1" 500 90924
2026-03-10 15:46:25,735 [WARNING] django.request: Not Found: /.well-known/appspecific/com.chrome.devtools.json
2026-03-10 15:46:25,736 [WARNING] django.server: "GET /.well-known/appspecific/com.chrome.devtools.json HTTP/1.1" 404 13343
2026-03-10 15:46:25,797 [WARNING] django.request: Not Found: /favicon.ico
2026-03-10 15:46:25,797 [WARNING] django.server: "GET /favicon.ico HTTP/1.1" 404 13232
2026-03-10 15:46:27,155 [ERROR] django.request: Internal Server Error: /employees/
Traceback (most recent call last):
  File "D:\PROJECTs\su_science\venv\Lib\site-packages\django\core\handlers\exception.py", line 55, in inner
    response = get_response(request)
               ^^^^^^^^^^^^^^^^^^^^^
  File "D:\PROJECTs\su_science\venv\Lib\site-packages\django\core\handlers\base.py", line 198, in _get_response
    response = wrapped_callback(request, *callback_args, **callback_kwargs)
               ^^^^^^^^^^^^^^^^^^^^^^^^^^^^^^^^^^^^^^^^^^^^^^^^^^^^^^^^^^^^
  File "D:\PROJECTs\su_science\project\account\views.py", line 52, in employees_list
    return render(
           ^^^^^^^
  File "D:\PROJECTs\su_science\venv\Lib\site-packages\django\shortcuts.py", line 25, in render
    content = loader.render_to_string(template_name, context, request, using=using)
              ^^^^^^^^^^^^^^^^^^^^^^^^^^^^^^^^^^^^^^^^^^^^^^^^^^^^^^^^^^^^^^^^^^^^^
  File "D:\PROJECTs\su_science\venv\Lib\site-packages\django\template\loader.py", line 61, in render_to_string
    template = get_template(template_name, using=using)
               ^^^^^^^^^^^^^^^^^^^^^^^^^^^^^^^^^^^^^^^^
  File "D:\PROJECTs\su_science\venv\Lib\site-packages\django\template\loader.py", line 19, in get_template
    raise TemplateDoesNotExist(template_name, chain=chain)
django.template.exceptions.TemplateDoesNotExist: account/staff_list.html
2026-03-10 15:46:27,158 [ERROR] django.server: "GET /employees/ HTTP/1.1" 500 90924
2026-03-10 15:46:27,190 [WARNING] django.request: Not Found: /.well-known/appspecific/com.chrome.devtools.json
2026-03-10 15:46:27,191 [WARNING] django.server: "GET /.well-known/appspecific/com.chrome.devtools.json HTTP/1.1" 404 13343
2026-03-10 15:46:27,255 [WARNING] django.request: Not Found: /favicon.ico
2026-03-10 15:46:27,256 [WARNING] django.server: "GET /favicon.ico HTTP/1.1" 404 13232
2026-03-10 15:46:27,616 [INFO] django.server: "GET /employees/ HTTP/1.1" 200 51655
2026-03-10 15:46:27,645 [WARNING] django.request: Not Found: /.well-known/appspecific/com.chrome.devtools.json
2026-03-10 15:46:27,645 [WARNING] django.server: "GET /.well-known/appspecific/com.chrome.devtools.json HTTP/1.1" 404 13343
2026-03-10 15:46:27,659 [INFO] django.server: "GET /static/main/images/woman-user-color-icon.svg HTTP/1.1" 200 1764
2026-03-10 15:46:27,659 [INFO] django.server: "GET /static/main/css/style.css HTTP/1.1" 200 10520
2026-03-10 15:46:27,659 [INFO] django.server: "GET /static/main/images/icon.png HTTP/1.1" 200 49378
2026-03-10 15:46:27,677 [INFO] django.server: "GET /static/main/images/man-user-color-icon.svg HTTP/1.1" 200 2332
2026-03-10 15:46:27,679 [INFO] django.server: "GET /static/main/scripts/app_feedback.js HTTP/1.1" 200 1259
2026-03-10 15:46:27,802 [INFO] django.server: "GET /employees/ HTTP/1.1" 200 51655
2026-03-10 15:46:27,837 [WARNING] django.request: Not Found: /.well-known/appspecific/com.chrome.devtools.json
2026-03-10 15:46:27,839 [WARNING] django.server: "GET /.well-known/appspecific/com.chrome.devtools.json HTTP/1.1" 404 13343
2026-03-10 15:46:27,839 [INFO] django.server: "GET /static/main/css/style.css HTTP/1.1" 200 10520
2026-03-10 15:46:27,844 [INFO] django.server: "GET /static/main/images/woman-user-color-icon.svg HTTP/1.1" 200 1764
2026-03-10 15:46:27,845 [INFO] django.server: "GET /static/main/images/icon.png HTTP/1.1" 200 49378
2026-03-10 15:46:27,860 [INFO] django.server: "GET /static/main/images/man-user-color-icon.svg HTTP/1.1" 200 2332
2026-03-10 15:46:27,860 [INFO] django.server: "GET /static/main/scripts/app_feedback.js HTTP/1.1" 200 1259
2026-03-10 15:46:29,963 [INFO] django.server: "GET /employees/57/ HTTP/1.1" 200 8428
2026-03-10 15:46:29,991 [WARNING] django.request: Not Found: /.well-known/appspecific/com.chrome.devtools.json
2026-03-10 15:46:29,991 [WARNING] django.server: "GET /.well-known/appspecific/com.chrome.devtools.json HTTP/1.1" 404 13343
2026-03-10 15:46:31,897 [INFO] django.server: "GET /employees/57/ HTTP/1.1" 200 8428
2026-03-10 15:46:31,928 [WARNING] django.request: Not Found: /.well-known/appspecific/com.chrome.devtools.json
2026-03-10 15:46:31,928 [WARNING] django.server: "GET /.well-known/appspecific/com.chrome.devtools.json HTTP/1.1" 404 13343
2026-03-10 15:46:31,943 [INFO] django.server: "GET /static/main/images/man-user-color-icon.svg HTTP/1.1" 200 2332
2026-03-10 15:46:31,943 [INFO] django.server: "GET /static/main/css/style.css HTTP/1.1" 200 10520
2026-03-10 15:46:31,944 [INFO] django.server: "GET /static/main/images/icon.png HTTP/1.1" 200 49378
2026-03-10 15:46:31,960 [INFO] django.server: "GET /static/main/scripts/app_feedback.js HTTP/1.1" 200 1259
2026-03-10 15:46:32,170 [INFO] django.server: "GET /static/main/images/favicon.ico HTTP/1.1" 200 15406
2026-03-10 15:46:32,454 [INFO] django.server: "GET /employees/57/ HTTP/1.1" 200 8428
2026-03-10 15:46:32,484 [WARNING] django.request: Not Found: /.well-known/appspecific/com.chrome.devtools.json
2026-03-10 15:46:32,484 [WARNING] django.server: "GET /.well-known/appspecific/com.chrome.devtools.json HTTP/1.1" 404 13343
2026-03-10 15:46:32,492 [INFO] django.server: "GET /static/main/images/man-user-color-icon.svg HTTP/1.1" 200 2332
2026-03-10 15:46:32,492 [INFO] django.server: "GET /static/main/css/style.css HTTP/1.1" 200 10520
2026-03-10 15:46:32,492 [INFO] django.server: "GET /static/main/images/icon.png HTTP/1.1" 200 49378
2026-03-10 15:46:32,512 [INFO] django.server: "GET /static/main/scripts/app_feedback.js HTTP/1.1" 200 1259
2026-03-10 15:46:32,649 [INFO] django.server: "GET /employees/57/ HTTP/1.1" 200 8428
2026-03-10 15:46:32,679 [WARNING] django.request: Not Found: /.well-known/appspecific/com.chrome.devtools.json
2026-03-10 15:46:32,680 [WARNING] django.server: "GET /.well-known/appspecific/com.chrome.devtools.json HTTP/1.1" 404 13343
2026-03-10 15:46:32,688 [INFO] django.server: "GET /static/main/images/man-user-color-icon.svg HTTP/1.1" 200 2332
2026-03-10 15:46:32,688 [INFO] django.server: "GET /static/main/css/style.css HTTP/1.1" 200 10520
2026-03-10 15:46:32,689 [INFO] django.server: "GET /static/main/images/icon.png HTTP/1.1" 200 49378
2026-03-10 15:46:32,705 [INFO] django.server: "GET /static/main/scripts/app_feedback.js HTTP/1.1" 200 1259
2026-03-10 15:46:32,997 [INFO] django.server: "GET /static/main/images/favicon.ico HTTP/1.1" 200 15406
2026-03-10 15:46:40,695 [INFO] django.server: "GET /employees/57/ HTTP/1.1" 200 8428
2026-03-10 15:46:40,722 [WARNING] django.request: Not Found: /.well-known/appspecific/com.chrome.devtools.json
2026-03-10 15:46:40,723 [WARNING] django.server: "GET /.well-known/appspecific/com.chrome.devtools.json HTTP/1.1" 404 13343
2026-03-10 15:46:40,734 [INFO] django.server: "GET /static/main/images/man-user-color-icon.svg HTTP/1.1" 200 2332
2026-03-10 15:46:40,734 [INFO] django.server: "GET /static/main/css/style.css HTTP/1.1" 200 10520
2026-03-10 15:46:40,735 [INFO] django.server: "GET /static/main/images/icon.png HTTP/1.1" 200 49378
2026-03-10 15:46:40,749 [INFO] django.server: "GET /static/main/scripts/app_feedback.js HTTP/1.1" 200 1259
2026-03-10 15:46:40,926 [INFO] django.server: "GET /static/main/images/favicon.ico HTTP/1.1" 200 15406
2026-03-10 15:46:41,306 [INFO] django.server: "GET /employees/57/ HTTP/1.1" 200 8428
2026-03-10 15:46:41,337 [WARNING] django.request: Not Found: /.well-known/appspecific/com.chrome.devtools.json
2026-03-10 15:46:41,338 [WARNING] django.server: "GET /.well-known/appspecific/com.chrome.devtools.json HTTP/1.1" 404 13343
2026-03-10 15:46:41,348 [INFO] django.server: "GET /static/main/css/style.css HTTP/1.1" 200 10520
2026-03-10 15:46:41,348 [INFO] django.server: "GET /static/main/images/man-user-color-icon.svg HTTP/1.1" 200 2332
2026-03-10 15:46:41,349 [INFO] django.server: "GET /static/main/images/icon.png HTTP/1.1" 200 49378
2026-03-10 15:46:41,361 [INFO] django.server: "GET /static/main/scripts/app_feedback.js HTTP/1.1" 200 1259
2026-03-10 15:46:41,462 [INFO] django.server: "GET /employees/57/ HTTP/1.1" 200 8428
2026-03-10 15:46:41,495 [WARNING] django.request: Not Found: /.well-known/appspecific/com.chrome.devtools.json
2026-03-10 15:46:41,495 [WARNING] django.server: "GET /.well-known/appspecific/com.chrome.devtools.json HTTP/1.1" 404 13343
2026-03-10 15:46:41,497 [INFO] django.server: "GET /static/main/css/style.css HTTP/1.1" 200 10520
2026-03-10 15:46:41,500 [INFO] django.server: "GET /static/main/images/man-user-color-icon.svg HTTP/1.1" 200 2332
2026-03-10 15:46:41,500 [INFO] django.server: "GET /static/main/images/icon.png HTTP/1.1" 200 49378
2026-03-10 15:46:41,515 [INFO] django.server: "GET /static/main/scripts/app_feedback.js HTTP/1.1" 200 1259
2026-03-10 15:46:41,636 [INFO] django.server: "GET /employees/57/ HTTP/1.1" 200 8428
2026-03-10 15:46:41,669 [WARNING] django.request: Not Found: /.well-known/appspecific/com.chrome.devtools.json
2026-03-10 15:46:41,670 [WARNING] django.server: "GET /.well-known/appspecific/com.chrome.devtools.json HTTP/1.1" 404 13343
2026-03-10 15:46:41,677 [INFO] django.server: "GET /static/main/css/style.css HTTP/1.1" 200 10520
2026-03-10 15:46:41,681 [INFO] django.server: "GET /static/main/images/man-user-color-icon.svg HTTP/1.1" 200 2332
2026-03-10 15:46:41,682 [INFO] django.server: "GET /static/main/images/icon.png HTTP/1.1" 200 49378
2026-03-10 15:46:41,689 [INFO] django.server: "GET /static/main/scripts/app_feedback.js HTTP/1.1" 200 1259
2026-03-10 15:46:42,158 [INFO] django.server: "GET /static/main/images/favicon.ico HTTP/1.1" 200 15406
2026-03-10 15:47:37,722 [INFO] django.server: "GET /employees/57/ HTTP/1.1" 200 8428
2026-03-10 15:47:37,751 [WARNING] django.request: Not Found: /.well-known/appspecific/com.chrome.devtools.json
2026-03-10 15:47:37,751 [WARNING] django.server: "GET /.well-known/appspecific/com.chrome.devtools.json HTTP/1.1" 404 13343
2026-03-10 15:47:37,762 [INFO] django.server: "GET /static/main/css/style.css HTTP/1.1" 200 16231
2026-03-10 15:47:37,770 [INFO] django.server: "GET /static/main/images/man-user-color-icon.svg HTTP/1.1" 200 2332
2026-03-10 15:47:37,770 [INFO] django.server: "GET /static/main/images/icon.png HTTP/1.1" 200 49378
2026-03-10 15:47:37,779 [INFO] django.server: "GET /static/main/scripts/app_feedback.js HTTP/1.1" 200 1259
2026-03-10 15:47:38,729 [INFO] django.server: "GET /static/main/images/favicon.ico HTTP/1.1" 200 15406
2026-03-10 15:47:41,431 [INFO] django.server: "GET /?staff_user=57&status=published HTTP/1.1" 200 26535
2026-03-10 15:47:41,457 [WARNING] django.request: Not Found: /.well-known/appspecific/com.chrome.devtools.json
2026-03-10 15:47:41,458 [WARNING] django.server: "GET /.well-known/appspecific/com.chrome.devtools.json HTTP/1.1" 404 13343
2026-03-10 15:47:41,463 [INFO] django.server: "GET /static/main/css/style.css HTTP/1.1" 304 0
2026-03-10 15:47:44,168 [INFO] django.server: "GET /documents HTTP/1.1" 200 31588
2026-03-10 15:47:44,201 [WARNING] django.request: Not Found: /.well-known/appspecific/com.chrome.devtools.json
2026-03-10 15:47:44,202 [WARNING] django.server: "GET /.well-known/appspecific/com.chrome.devtools.json HTTP/1.1" 404 13343
2026-03-10 15:47:44,204 [INFO] django.server: "GET /static/main/css/style.css HTTP/1.1" 304 0
2026-03-10 15:47:45,220 [INFO] django.server: "GET /employees/ HTTP/1.1" 200 51655
2026-03-10 15:47:45,256 [WARNING] django.request: Not Found: /.well-known/appspecific/com.chrome.devtools.json
2026-03-10 15:47:45,257 [WARNING] django.server: "GET /.well-known/appspecific/com.chrome.devtools.json HTTP/1.1" 404 13343
2026-03-10 15:47:46,494 [INFO] django.server: "GET /employees/38/ HTTP/1.1" 200 8412
2026-03-10 15:47:46,522 [WARNING] django.request: Not Found: /.well-known/appspecific/com.chrome.devtools.json
2026-03-10 15:47:46,522 [WARNING] django.server: "GET /.well-known/appspecific/com.chrome.devtools.json HTTP/1.1" 404 13343
2026-03-10 15:47:53,529 [INFO] django.server: "GET / HTTP/1.1" 200 21132
2026-03-10 15:47:53,567 [WARNING] django.request: Not Found: /.well-known/appspecific/com.chrome.devtools.json
2026-03-10 15:47:53,567 [WARNING] django.server: "GET /.well-known/appspecific/com.chrome.devtools.json HTTP/1.1" 404 13343
2026-03-10 15:47:53,577 [INFO] django.server: "GET /static/main/css/style.css HTTP/1.1" 304 0
2026-03-10 15:47:54,247 [INFO] django.server: "GET /employees/ HTTP/1.1" 200 51655
2026-03-10 15:47:54,276 [WARNING] django.request: Not Found: /.well-known/appspecific/com.chrome.devtools.json
2026-03-10 15:47:54,276 [WARNING] django.server: "GET /.well-known/appspecific/com.chrome.devtools.json HTTP/1.1" 404 13343
2026-03-10 15:47:56,641 [INFO] django.server: "GET /employees/load/?page=2 HTTP/1.1" 200 50960
2026-03-10 15:48:05,016 [INFO] django.server: "GET /employees/1/ HTTP/1.1" 200 20840
2026-03-10 15:48:05,048 [WARNING] django.request: Not Found: /.well-known/appspecific/com.chrome.devtools.json
2026-03-10 15:48:05,050 [INFO] django.server: "GET /static/main/css/style.css HTTP/1.1" 304 0
2026-03-10 15:48:05,050 [WARNING] django.server: "GET /.well-known/appspecific/com.chrome.devtools.json HTTP/1.1" 404 13343
2026-03-10 15:48:14,105 [INFO] django.server: "GET /account/ HTTP/1.1" 200 65349
2026-03-10 15:48:14,375 [INFO] django.server: "GET /account/ HTTP/1.1" 200 65349
2026-03-10 15:48:15,051 [WARNING] django.request: Not Found: /.well-known/appspecific/com.chrome.devtools.json
2026-03-10 15:48:15,052 [WARNING] django.server: "GET /.well-known/appspecific/com.chrome.devtools.json HTTP/1.1" 404 13343
2026-03-10 15:48:15,055 [INFO] django.server: "GET /static/main/css/style.css HTTP/1.1" 304 0
2026-03-10 15:48:16,828 [INFO] django.server: "GET /account/ HTTP/1.1" 200 65349
2026-03-10 15:48:16,858 [WARNING] django.request: Not Found: /.well-known/appspecific/com.chrome.devtools.json
2026-03-10 15:48:16,858 [WARNING] django.server: "GET /.well-known/appspecific/com.chrome.devtools.json HTTP/1.1" 404 13343
2026-03-10 15:48:16,869 [INFO] django.server: "GET /static/main/css/style.css HTTP/1.1" 200 16231
2026-03-10 15:48:16,869 [INFO] django.server: "GET /static/main/images/icon.png HTTP/1.1" 200 49378
2026-03-10 15:48:16,879 [INFO] django.server: "GET /static/main/scripts/app_feedback.js HTTP/1.1" 200 1259
2026-03-10 15:48:17,201 [INFO] django.server: "GET /static/main/images/favicon.ico HTTP/1.1" 200 15406
2026-03-10 15:48:17,400 [INFO] django.server: "GET / HTTP/1.1" 200 21132
2026-03-10 15:48:35,665 [INFO] django.server: "GET / HTTP/1.1" 200 21132
2026-03-10 15:48:35,693 [WARNING] django.request: Not Found: /.well-known/appspecific/com.chrome.devtools.json
2026-03-10 15:48:35,693 [WARNING] django.server: "GET /.well-known/appspecific/com.chrome.devtools.json HTTP/1.1" 404 13343
2026-03-10 15:48:35,701 [INFO] django.server: "GET /static/main/css/style.css HTTP/1.1" 304 0
2026-03-10 15:48:37,335 [INFO] django.server: "GET /employees/ HTTP/1.1" 200 51655
2026-03-10 15:48:37,363 [WARNING] django.request: Not Found: /.well-known/appspecific/com.chrome.devtools.json
2026-03-10 15:48:37,364 [WARNING] django.server: "GET /.well-known/appspecific/com.chrome.devtools.json HTTP/1.1" 404 13343
2026-03-10 15:48:38,642 [INFO] django.server: "GET /employees/1/ HTTP/1.1" 200 20840
2026-03-10 15:48:38,670 [WARNING] django.request: Not Found: /.well-known/appspecific/com.chrome.devtools.json
2026-03-10 15:48:38,675 [WARNING] django.server: "GET /.well-known/appspecific/com.chrome.devtools.json HTTP/1.1" 404 13343
2026-03-10 15:49:02,680 [INFO] django.server: "GET /account/ HTTP/1.1" 200 65349
2026-03-10 15:49:02,722 [WARNING] django.request: Not Found: /.well-known/appspecific/com.chrome.devtools.json
2026-03-10 15:49:02,723 [WARNING] django.server: "GET /.well-known/appspecific/com.chrome.devtools.json HTTP/1.1" 404 13343
2026-03-10 15:49:02,725 [INFO] django.server: "GET /static/main/css/style.css HTTP/1.1" 304 0
2026-03-10 15:52:01,897 [INFO] django.server: "GET /account/ HTTP/1.1" 200 65349
2026-03-10 15:52:01,924 [WARNING] django.request: Not Found: /.well-known/appspecific/com.chrome.devtools.json
2026-03-10 15:52:01,925 [WARNING] django.server: "GET /.well-known/appspecific/com.chrome.devtools.json HTTP/1.1" 404 13343
2026-03-10 15:52:01,938 [INFO] django.server: "GET /static/main/css/style.css HTTP/1.1" 200 16231
2026-03-10 15:52:01,939 [INFO] django.server: "GET /static/main/images/icon.png HTTP/1.1" 200 49378
2026-03-10 15:52:01,949 [INFO] django.server: "GET /static/main/scripts/app_feedback.js HTTP/1.1" 200 1259
2026-03-10 15:52:02,405 [INFO] django.server: "GET /static/main/images/favicon.ico HTTP/1.1" 200 15406
2026-03-10 15:52:02,830 [INFO] django.server: "GET /employees/ HTTP/1.1" 200 51655
2026-03-10 15:52:02,858 [WARNING] django.request: Not Found: /.well-known/appspecific/com.chrome.devtools.json
2026-03-10 15:52:02,858 [WARNING] django.server: "GET /.well-known/appspecific/com.chrome.devtools.json HTTP/1.1" 404 13343
2026-03-10 15:52:03,910 [INFO] django.server: "GET /employees/load/?page=2 HTTP/1.1" 200 50960
2026-03-10 15:52:04,751 [INFO] django.server: "GET /employees/load/?page=3 HTTP/1.1" 200 50988
2026-03-10 15:52:05,456 [INFO] django.server: "GET /employees/load/?page=4 HTTP/1.1" 200 33418
2026-03-10 15:52:08,579 [INFO] django.server: "GET /employees/ HTTP/1.1" 200 51655
2026-03-10 15:52:08,613 [WARNING] django.request: Not Found: /.well-known/appspecific/com.chrome.devtools.json
2026-03-10 15:52:08,614 [WARNING] django.server: "GET /.well-known/appspecific/com.chrome.devtools.json HTTP/1.1" 404 13343
2026-03-10 15:52:08,625 [INFO] django.server: "GET /static/main/images/woman-user-color-icon.svg HTTP/1.1" 200 1764
2026-03-10 15:52:08,625 [INFO] django.server: "GET /static/main/css/style.css HTTP/1.1" 200 16231
2026-03-10 15:52:08,626 [INFO] django.server: "GET /static/main/images/icon.png HTTP/1.1" 200 49378
2026-03-10 15:52:08,639 [INFO] django.server: "GET /static/main/images/man-user-color-icon.svg HTTP/1.1" 200 2332
2026-03-10 15:52:08,639 [INFO] django.server: "GET /static/main/scripts/app_feedback.js HTTP/1.1" 200 1259
2026-03-10 15:52:08,848 [INFO] django.server: "GET /static/main/images/favicon.ico HTTP/1.1" 200 15406
2026-03-10 15:52:09,392 [INFO] django.server: "GET /account/ HTTP/1.1" 200 65349
2026-03-10 15:52:09,420 [WARNING] django.request: Not Found: /.well-known/appspecific/com.chrome.devtools.json
2026-03-10 15:52:09,420 [WARNING] django.server: "GET /.well-known/appspecific/com.chrome.devtools.json HTTP/1.1" 404 13343
2026-03-10 15:52:09,776 [INFO] django.server: "GET /account/ HTTP/1.1" 200 65349
2026-03-10 15:52:09,815 [WARNING] django.request: Not Found: /.well-known/appspecific/com.chrome.devtools.json
2026-03-10 15:52:09,816 [WARNING] django.server: "GET /.well-known/appspecific/com.chrome.devtools.json HTTP/1.1" 404 13343
2026-03-10 15:52:10,095 [INFO] django.server: "GET /account/ HTTP/1.1" 200 65349
2026-03-10 15:52:10,129 [WARNING] django.request: Not Found: /.well-known/appspecific/com.chrome.devtools.json
2026-03-10 15:52:10,129 [WARNING] django.server: "GET /.well-known/appspecific/com.chrome.devtools.json HTTP/1.1" 404 13343
2026-03-10 15:52:10,279 [INFO] django.server: "GET /account/ HTTP/1.1" 200 65349
2026-03-10 15:52:10,325 [WARNING] django.request: Not Found: /.well-known/appspecific/com.chrome.devtools.json
2026-03-10 15:52:10,326 [WARNING] django.server: "GET /.well-known/appspecific/com.chrome.devtools.json HTTP/1.1" 404 13343
2026-03-10 15:52:10,534 [INFO] django.server: "GET /documents HTTP/1.1" 200 31588
2026-03-10 15:52:10,570 [WARNING] django.request: Not Found: /.well-known/appspecific/com.chrome.devtools.json
2026-03-10 15:52:10,571 [WARNING] django.server: "GET /.well-known/appspecific/com.chrome.devtools.json HTTP/1.1" 404 13343
2026-03-10 15:52:10,955 [INFO] django.server: "GET / HTTP/1.1" 200 21132
2026-03-10 15:52:10,999 [WARNING] django.request: Not Found: /.well-known/appspecific/com.chrome.devtools.json
2026-03-10 15:52:10,999 [WARNING] django.server: "GET /.well-known/appspecific/com.chrome.devtools.json HTTP/1.1" 404 13343
2026-03-10 15:52:11,274 [INFO] django.server: "GET / HTTP/1.1" 200 21132
2026-03-10 15:52:11,311 [WARNING] django.request: Not Found: /.well-known/appspecific/com.chrome.devtools.json
2026-03-10 15:52:11,311 [WARNING] django.server: "GET /.well-known/appspecific/com.chrome.devtools.json HTTP/1.1" 404 13343
2026-03-10 15:52:11,697 [INFO] django.server: "GET / HTTP/1.1" 200 21132
2026-03-10 15:52:11,734 [WARNING] django.request: Not Found: /.well-known/appspecific/com.chrome.devtools.json
2026-03-10 15:52:11,735 [WARNING] django.server: "GET /.well-known/appspecific/com.chrome.devtools.json HTTP/1.1" 404 13343
2026-03-10 15:52:12,681 [INFO] django.server: "GET / HTTP/1.1" 200 21132
2026-03-10 15:52:12,716 [WARNING] django.request: Not Found: /.well-known/appspecific/com.chrome.devtools.json
2026-03-10 15:52:12,716 [WARNING] django.server: "GET /.well-known/appspecific/com.chrome.devtools.json HTTP/1.1" 404 13343
2026-03-10 15:52:13,303 [INFO] django.server: "GET / HTTP/1.1" 200 21132
2026-03-10 15:52:13,337 [WARNING] django.request: Not Found: /.well-known/appspecific/com.chrome.devtools.json
2026-03-10 15:52:13,337 [WARNING] django.server: "GET /.well-known/appspecific/com.chrome.devtools.json HTTP/1.1" 404 13343
2026-03-10 15:52:13,918 [INFO] django.server: "GET /employees/ HTTP/1.1" 200 51655
2026-03-10 15:52:13,955 [WARNING] django.request: Not Found: /.well-known/appspecific/com.chrome.devtools.json
2026-03-10 15:52:13,956 [WARNING] django.server: "GET /.well-known/appspecific/com.chrome.devtools.json HTTP/1.1" 404 13343
2026-03-10 15:52:15,690 [INFO] django.server: "GET / HTTP/1.1" 200 21132
2026-03-10 15:52:15,727 [WARNING] django.request: Not Found: /.well-known/appspecific/com.chrome.devtools.json
2026-03-10 15:52:15,728 [WARNING] django.server: "GET /.well-known/appspecific/com.chrome.devtools.json HTTP/1.1" 404 13343
2026-03-10 15:52:17,217 [INFO] django.server: "GET / HTTP/1.1" 200 21132
2026-03-10 15:52:17,252 [WARNING] django.request: Not Found: /.well-known/appspecific/com.chrome.devtools.json
2026-03-10 15:52:17,252 [WARNING] django.server: "GET /.well-known/appspecific/com.chrome.devtools.json HTTP/1.1" 404 13343
2026-03-10 15:52:17,373 [INFO] django.server: "GET / HTTP/1.1" 200 21132
2026-03-10 15:52:17,407 [WARNING] django.request: Not Found: /.well-known/appspecific/com.chrome.devtools.json
2026-03-10 15:52:17,407 [WARNING] django.server: "GET /.well-known/appspecific/com.chrome.devtools.json HTTP/1.1" 404 13343
2026-03-10 15:53:22,235 [INFO] django.utils.autoreload: D:\PROJECTs\su_science\project\account\forms.py changed, reloading.
2026-03-10 15:53:22,718 [INFO] django.utils.autoreload: Watching for file changes with StatReloader
2026-03-10 15:53:38,179 [INFO] django.utils.autoreload: D:\PROJECTs\su_science\project\account\views.py changed, reloading.
2026-03-10 15:53:38,625 [INFO] django.utils.autoreload: Watching for file changes with StatReloader
2026-03-10 17:14:22,420 [INFO] django.server: "GET / HTTP/1.1" 200 21132
2026-03-10 17:14:22,457 [WARNING] django.request: Not Found: /.well-known/appspecific/com.chrome.devtools.json
2026-03-10 17:14:22,458 [WARNING] django.server: "GET /.well-known/appspecific/com.chrome.devtools.json HTTP/1.1" 404 13343
2026-03-10 17:14:22,506 [INFO] django.server: "GET /static/main/css/style.css HTTP/1.1" 200 16417
2026-03-10 17:14:26,514 [INFO] django.server: "GET / HTTP/1.1" 200 21132
2026-03-10 17:14:26,540 [WARNING] django.request: Not Found: /.well-known/appspecific/com.chrome.devtools.json
2026-03-10 17:14:26,541 [WARNING] django.server: "GET /.well-known/appspecific/com.chrome.devtools.json HTTP/1.1" 404 13343
2026-03-10 17:14:26,722 [INFO] django.server: "GET / HTTP/1.1" 200 21132
2026-03-10 17:14:26,741 [WARNING] django.request: Not Found: /.well-known/appspecific/com.chrome.devtools.json
2026-03-10 17:14:26,741 [WARNING] django.server: "GET /.well-known/appspecific/com.chrome.devtools.json HTTP/1.1" 404 13343
2026-03-10 17:14:27,030 [INFO] django.server: "GET / HTTP/1.1" 200 21132
2026-03-10 17:14:27,065 [WARNING] django.request: Not Found: /.well-known/appspecific/com.chrome.devtools.json
2026-03-10 17:14:27,065 [WARNING] django.server: "GET /.well-known/appspecific/com.chrome.devtools.json HTTP/1.1" 404 13343
2026-03-10 17:14:28,457 [INFO] django.server: "GET / HTTP/1.1" 200 21132
2026-03-10 17:14:28,480 [WARNING] django.request: Not Found: /.well-known/appspecific/com.chrome.devtools.json
2026-03-10 17:14:28,480 [WARNING] django.server: "GET /.well-known/appspecific/com.chrome.devtools.json HTTP/1.1" 404 13343
2026-03-10 17:14:28,499 [INFO] django.server: "GET /static/main/css/style.css HTTP/1.1" 200 16417
2026-03-10 17:14:28,499 [INFO] django.server: "GET /static/main/images/icon.png HTTP/1.1" 200 49378
2026-03-10 17:14:28,505 [INFO] django.server: "GET /static/main/scripts/app_feedback.js HTTP/1.1" 200 1259
2026-03-10 17:14:28,505 [INFO] django.server: "GET /static/main/scripts/main_filter.js HTTP/1.1" 200 9162
2026-03-10 17:14:29,655 [INFO] django.server: "GET /static/main/images/favicon.ico HTTP/1.1" 200 15406
2026-03-10 17:18:19,109 [INFO] django.server: "GET /employees/ HTTP/1.1" 200 51655
2026-03-10 17:18:19,142 [WARNING] django.request: Not Found: /.well-known/appspecific/com.chrome.devtools.json
2026-03-10 17:18:19,143 [WARNING] django.server: "GET /.well-known/appspecific/com.chrome.devtools.json HTTP/1.1" 404 13343
2026-03-10 17:18:19,924 [INFO] django.server: "GET / HTTP/1.1" 200 21132
2026-03-10 17:18:19,944 [WARNING] django.request: Not Found: /.well-known/appspecific/com.chrome.devtools.json
2026-03-10 17:18:19,945 [WARNING] django.server: "GET /.well-known/appspecific/com.chrome.devtools.json HTTP/1.1" 404 13343
2026-03-10 17:18:20,338 [INFO] django.server: "GET /documents HTTP/1.1" 200 31588
2026-03-10 17:18:20,362 [WARNING] django.request: Not Found: /.well-known/appspecific/com.chrome.devtools.json
2026-03-10 17:18:20,363 [WARNING] django.server: "GET /.well-known/appspecific/com.chrome.devtools.json HTTP/1.1" 404 13343
2026-03-10 17:18:20,653 [INFO] django.server: "GET /employees/ HTTP/1.1" 200 51655
2026-03-10 17:18:20,674 [WARNING] django.request: Not Found: /.well-known/appspecific/com.chrome.devtools.json
2026-03-10 17:18:20,674 [WARNING] django.server: "GET /.well-known/appspecific/com.chrome.devtools.json HTTP/1.1" 404 13343
2026-03-10 17:18:21,901 [INFO] django.server: "GET /employees/1/ HTTP/1.1" 200 20868
2026-03-10 17:18:21,933 [WARNING] django.request: Not Found: /.well-known/appspecific/com.chrome.devtools.json
2026-03-10 17:18:21,933 [WARNING] django.server: "GET /.well-known/appspecific/com.chrome.devtools.json HTTP/1.1" 404 13343
2026-03-10 17:18:22,955 [INFO] django.server: "GET /account/ HTTP/1.1" 302 0
2026-03-10 17:18:22,975 [INFO] django.server: "GET /employees/74/ HTTP/1.1" 200 18489
2026-03-10 17:18:23,460 [INFO] django.server: "GET /account/ HTTP/1.1" 302 0
2026-03-10 17:18:23,475 [INFO] django.server: "GET /employees/74/ HTTP/1.1" 200 18489
2026-03-10 17:18:23,820 [WARNING] django.request: Not Found: /.well-known/appspecific/com.chrome.devtools.json
2026-03-10 17:18:23,821 [WARNING] django.server: "GET /.well-known/appspecific/com.chrome.devtools.json HTTP/1.1" 404 13343
2026-03-10 17:18:24,097 [INFO] django.server: "GET /account/ HTTP/1.1" 302 0
2026-03-10 17:18:24,112 [INFO] django.server: "GET /employees/74/ HTTP/1.1" 200 18489
2026-03-10 17:18:24,146 [WARNING] django.request: Not Found: /.well-known/appspecific/com.chrome.devtools.json
2026-03-10 17:18:24,147 [WARNING] django.server: "GET /.well-known/appspecific/com.chrome.devtools.json HTTP/1.1" 404 13343
2026-03-10 17:18:34,516 [INFO] django.server: "POST /employees/74/ HTTP/1.1" 302 0
2026-03-10 17:18:34,535 [INFO] django.server: "GET /employees/74/?updated=1 HTTP/1.1" 200 18957
2026-03-10 17:18:34,566 [WARNING] django.request: Not Found: /.well-known/appspecific/com.chrome.devtools.json
2026-03-10 17:18:34,566 [WARNING] django.server: "GET /.well-known/appspecific/com.chrome.devtools.json HTTP/1.1" 404 13343
2026-03-10 17:18:45,288 [INFO] document.views: Document file served document=43
2026-03-10 17:18:45,289 [INFO] django.server: "GET /files/43?download=1 HTTP/1.1" 200 24459
2026-03-10 17:18:59,002 [INFO] django.server: "GET /employees/74/?updated=1 HTTP/1.1" 200 18957
2026-03-10 17:18:59,031 [WARNING] django.request: Not Found: /.well-known/appspecific/com.chrome.devtools.json
2026-03-10 17:18:59,032 [WARNING] django.server: "GET /.well-known/appspecific/com.chrome.devtools.json HTTP/1.1" 404 13343
2026-03-10 17:18:59,042 [INFO] django.server: "GET /static/main/css/style.css HTTP/1.1" 200 16417
2026-03-10 17:18:59,043 [INFO] django.server: "GET /static/main/images/icon.png HTTP/1.1" 200 49378
2026-03-10 17:18:59,044 [INFO] django.server: "GET /static/main/images/man-user-color-icon.svg HTTP/1.1" 200 2332
2026-03-10 17:18:59,058 [INFO] django.server: "GET /static/main/scripts/app_feedback.js HTTP/1.1" 200 1259
2026-03-10 17:18:59,495 [INFO] django.server: "GET /static/main/images/favicon.ico HTTP/1.1" 200 15406
2026-03-10 17:20:52,090 [INFO] django.server: "GET /employees/74/?updated=1 HTTP/1.1" 200 18957
2026-03-10 17:20:52,122 [WARNING] django.request: Not Found: /.well-known/appspecific/com.chrome.devtools.json
2026-03-10 17:20:52,122 [WARNING] django.server: "GET /.well-known/appspecific/com.chrome.devtools.json HTTP/1.1" 404 13343
2026-03-10 17:20:52,133 [INFO] django.server: "GET /static/main/css/style.css HTTP/1.1" 200 16417
2026-03-10 17:20:52,134 [INFO] django.server: "GET /static/main/images/icon.png HTTP/1.1" 200 49378
2026-03-10 17:20:52,135 [INFO] django.server: "GET /static/main/images/man-user-color-icon.svg HTTP/1.1" 200 2332
2026-03-10 17:20:52,146 [INFO] django.server: "GET /static/main/scripts/app_feedback.js HTTP/1.1" 200 1259
2026-03-10 17:20:53,268 [INFO] django.server: "GET /static/main/images/favicon.ico HTTP/1.1" 200 15406
2026-03-10 17:20:54,734 [INFO] django.server: "GET /employees/74/?updated=1 HTTP/1.1" 200 18957
2026-03-10 17:20:54,767 [WARNING] django.request: Not Found: /.well-known/appspecific/com.chrome.devtools.json
2026-03-10 17:20:54,767 [WARNING] django.server: "GET /.well-known/appspecific/com.chrome.devtools.json HTTP/1.1" 404 13343
2026-03-10 17:21:48,941 [INFO] django.server: "POST /employees/74/?updated=1 HTTP/1.1" 302 0
2026-03-10 17:21:48,960 [INFO] django.server: "GET /employees/74/?updated=1 HTTP/1.1" 200 19176
2026-03-10 17:21:48,992 [WARNING] django.request: Not Found: /.well-known/appspecific/com.chrome.devtools.json
2026-03-10 17:21:48,993 [WARNING] django.server: "GET /.well-known/appspecific/com.chrome.devtools.json HTTP/1.1" 404 13343
2026-03-10 17:21:48,998 [INFO] django.server: "GET /media/user_photos/WhatsApp_Image_2025-11-10_at_12.37.23.jpeg HTTP/1.1" 200 146758
2026-03-10 17:21:59,079 [INFO] django.server: "GET /employees/74/?updated=1 HTTP/1.1" 200 19176
2026-03-10 17:21:59,101 [WARNING] django.request: Not Found: /.well-known/appspecific/com.chrome.devtools.json
2026-03-10 17:21:59,101 [WARNING] django.server: "GET /.well-known/appspecific/com.chrome.devtools.json HTTP/1.1" 404 13343
2026-03-10 17:21:59,110 [INFO] django.server: "GET /static/main/css/style.css HTTP/1.1" 200 16417
2026-03-10 17:21:59,117 [INFO] django.server: "GET /static/main/images/icon.png HTTP/1.1" 200 49378
2026-03-10 17:21:59,118 [INFO] django.server: "GET /media/user_photos/WhatsApp_Image_2025-11-10_at_12.37.23.jpeg HTTP/1.1" 200 146758
2026-03-10 17:21:59,128 [INFO] django.server: "GET /static/main/scripts/app_feedback.js HTTP/1.1" 200 1259
2026-03-10 17:22:00,369 [INFO] django.server: "GET /static/main/images/favicon.ico HTTP/1.1" 200 15406
2026-03-10 17:22:01,493 [INFO] django.server: "GET / HTTP/1.1" 200 21132
2026-03-10 17:22:01,512 [WARNING] django.request: Not Found: /.well-known/appspecific/com.chrome.devtools.json
2026-03-10 17:22:01,513 [WARNING] django.server: "GET /.well-known/appspecific/com.chrome.devtools.json HTTP/1.1" 404 13343
2026-03-10 17:22:02,130 [INFO] django.server: "GET /employees/ HTTP/1.1" 200 51655
2026-03-10 17:22:02,157 [WARNING] django.request: Not Found: /.well-known/appspecific/com.chrome.devtools.json
2026-03-10 17:22:02,157 [WARNING] django.server: "GET /.well-known/appspecific/com.chrome.devtools.json HTTP/1.1" 404 13343
2026-03-10 17:22:03,037 [INFO] django.server: "GET / HTTP/1.1" 200 21132
2026-03-10 17:22:03,073 [WARNING] django.request: Not Found: /.well-known/appspecific/com.chrome.devtools.json
2026-03-10 17:22:03,073 [WARNING] django.server: "GET /.well-known/appspecific/com.chrome.devtools.json HTTP/1.1" 404 13343
2026-03-10 17:23:01,140 [INFO] django.utils.autoreload: D:\PROJECTs\su_science\project\main\views.py changed, reloading.
2026-03-10 17:23:01,656 [INFO] django.utils.autoreload: Watching for file changes with StatReloader
2026-03-10 17:23:07,896 [INFO] django.utils.autoreload: D:\PROJECTs\su_science\project\main\urls.py changed, reloading.
2026-03-10 17:23:08,334 [INFO] django.utils.autoreload: Watching for file changes with StatReloader
2026-03-10 17:23:11,634 [INFO] django.utils.autoreload: D:\PROJECTs\su_science\project\main\urls.py changed, reloading.
2026-03-10 17:23:12,107 [INFO] django.utils.autoreload: Watching for file changes with StatReloader
2026-03-10 17:23:15,391 [INFO] django.utils.autoreload: D:\PROJECTs\su_science\project\main\urls.py changed, reloading.
2026-03-10 17:23:15,864 [INFO] django.utils.autoreload: Watching for file changes with StatReloader
2026-03-10 17:23:29,496 [INFO] django.server: "GET /search/ HTTP/1.1" 200 21195
2026-03-10 17:23:29,514 [WARNING] django.request: Not Found: /.well-known/appspecific/com.chrome.devtools.json
2026-03-10 17:23:29,514 [WARNING] django.server: "GET /.well-known/appspecific/com.chrome.devtools.json HTTP/1.1" 404 13350
2026-03-10 17:23:30,705 [INFO] django.server: "GET /search/ HTTP/1.1" 200 21195
2026-03-10 17:23:30,728 [WARNING] django.request: Not Found: /.well-known/appspecific/com.chrome.devtools.json
2026-03-10 17:23:30,729 [WARNING] django.server: "GET /.well-known/appspecific/com.chrome.devtools.json HTTP/1.1" 404 13350
2026-03-10 17:23:30,792 [INFO] django.server: "GET /static/main/css/style.css HTTP/1.1" 200 16417
2026-03-10 17:23:30,793 [INFO] django.server: "GET /static/main/images/icon.png HTTP/1.1" 200 49378
2026-03-10 17:23:30,802 [INFO] django.server: "GET /static/main/scripts/app_feedback.js HTTP/1.1" 200 1259
2026-03-10 17:23:30,803 [INFO] django.server: "GET /static/main/scripts/main_filter.js HTTP/1.1" 200 9162
2026-03-10 17:23:34,273 [INFO] django.server: "GET /static/main/images/favicon.ico HTTP/1.1" 200 15406
2026-03-10 17:23:36,746 [INFO] django.server: "GET /search/suggestions/?q=%D0%A2%D0%B5%D1%81%D1%82 HTTP/1.1" 200 19
2026-03-10 17:23:37,329 [INFO] django.server: "GET /search/suggestions/?q=%D0%A2%D0%B5%D1%81%D1%82 HTTP/1.1" 200 19
2026-03-10 17:23:40,743 [INFO] django.server: "GET /search/suggestions/?q=%D0%95%D1%80%D0%BB%D0%B0%D0%BD HTTP/1.1" 200 19
2026-03-10 17:23:42,397 [INFO] django.server: "GET /search/suggestions/?q=YER HTTP/1.1" 200 524
2026-03-10 17:23:46,402 [INFO] django.server: "GET /search/?search=Ainur+Yerkos HTTP/1.1" 200 28130
2026-03-10 17:23:46,419 [WARNING] django.request: Not Found: /.well-known/appspecific/com.chrome.devtools.json
2026-03-10 17:23:46,420 [WARNING] django.server: "GET /.well-known/appspecific/com.chrome.devtools.json HTTP/1.1" 404 13350
2026-03-10 17:23:53,336 [INFO] django.server: "GET /search/suggestions/?q=Ainur+Yerkos HTTP/1.1" 200 119
2026-03-10 17:23:56,843 [INFO] django.server: "GET /search/?search= HTTP/1.1" 200 21195
2026-03-10 17:23:56,870 [WARNING] django.request: Not Found: /.well-known/appspecific/com.chrome.devtools.json
2026-03-10 17:23:56,870 [WARNING] django.server: "GET /.well-known/appspecific/com.chrome.devtools.json HTTP/1.1" 404 13350
2026-03-10 17:23:59,494 [INFO] django.server: "GET /search/suggestions/?q=%5D%5D%5D%5D%5D HTTP/1.1" 200 19
2026-03-10 17:23:59,987 [INFO] django.server: "GET /search/?show=all HTTP/1.1" 200 69780
2026-03-10 17:24:00,014 [WARNING] django.request: Not Found: /.well-known/appspecific/com.chrome.devtools.json
2026-03-10 17:24:00,015 [WARNING] django.server: "GET /.well-known/appspecific/com.chrome.devtools.json HTTP/1.1" 404 13350
2026-03-10 17:24:01,880 [INFO] django.server: "GET /search/?search=&show=all HTTP/1.1" 200 69792
2026-03-10 17:24:01,907 [WARNING] django.request: Not Found: /.well-known/appspecific/com.chrome.devtools.json
2026-03-10 17:24:01,907 [WARNING] django.server: "GET /.well-known/appspecific/com.chrome.devtools.json HTTP/1.1" 404 13350
2026-03-10 17:24:08,957 [INFO] django.utils.autoreload: D:\PROJECTs\su_science\project\main\models.py changed, reloading.
2026-03-10 17:24:09,416 [INFO] django.utils.autoreload: Watching for file changes with StatReloader
2026-03-10 17:26:17,937 [INFO] django.server: "GET /search/?search=&show=all HTTP/1.1" 200 69792
2026-03-10 17:26:17,973 [WARNING] django.request: Not Found: /.well-known/appspecific/com.chrome.devtools.json
2026-03-10 17:26:17,973 [WARNING] django.server: "GET /.well-known/appspecific/com.chrome.devtools.json HTTP/1.1" 404 13350
2026-03-10 17:26:18,045 [INFO] django.server: "GET /static/main/images/icon.png HTTP/1.1" 200 49378
2026-03-10 17:26:18,046 [INFO] django.server: "GET /static/main/css/style.css HTTP/1.1" 200 16417
2026-03-10 17:26:18,052 [INFO] django.server: "GET /static/main/scripts/app_feedback.js HTTP/1.1" 200 1259
2026-03-10 17:26:18,054 [INFO] django.server: "GET /static/main/scripts/main_filter.js HTTP/1.1" 200 9162
2026-03-10 17:26:18,741 [INFO] django.server: "GET /static/main/images/favicon.ico HTTP/1.1" 200 15406
2026-03-10 17:26:19,641 [INFO] django.server: "GET /account/ HTTP/1.1" 302 0
2026-03-10 17:26:19,667 [INFO] django.server: "GET /employees/74/ HTTP/1.1" 200 19040
2026-03-10 17:26:19,885 [WARNING] django.request: Not Found: /.well-known/appspecific/com.chrome.devtools.json
2026-03-10 17:26:19,887 [INFO] django.server: "GET /media/user_photos/WhatsApp_Image_2025-11-10_at_12.37.23.jpeg HTTP/1.1" 304 0
2026-03-10 17:26:19,888 [WARNING] django.server: "GET /.well-known/appspecific/com.chrome.devtools.json HTTP/1.1" 404 13350
2026-03-10 17:26:20,486 [INFO] django.server: "GET /employees/ HTTP/1.1" 200 51809
2026-03-10 17:26:20,508 [WARNING] django.request: Not Found: /.well-known/appspecific/com.chrome.devtools.json
2026-03-10 17:26:20,508 [WARNING] django.server: "GET /.well-known/appspecific/com.chrome.devtools.json HTTP/1.1" 404 13350
2026-03-10 17:26:21,199 [INFO] django.server: "GET /search/ HTTP/1.1" 200 21195
2026-03-10 17:26:21,220 [WARNING] django.request: Not Found: /.well-known/appspecific/com.chrome.devtools.json
2026-03-10 17:26:21,221 [WARNING] django.server: "GET /.well-known/appspecific/com.chrome.devtools.json HTTP/1.1" 404 13350
2026-03-10 17:26:22,047 [INFO] django.server: "GET /account/ HTTP/1.1" 302 0
2026-03-10 17:26:22,061 [INFO] django.server: "GET /employees/74/ HTTP/1.1" 200 19040
2026-03-10 17:26:22,082 [WARNING] django.request: Not Found: /.well-known/appspecific/com.chrome.devtools.json
2026-03-10 17:26:22,083 [WARNING] django.server: "GET /.well-known/appspecific/com.chrome.devtools.json HTTP/1.1" 404 13350
2026-03-10 17:26:25,762 [INFO] django.server: "GET /search/ HTTP/1.1" 200 21195
2026-03-10 17:26:25,784 [WARNING] django.request: Not Found: /.well-known/appspecific/com.chrome.devtools.json
2026-03-10 17:26:25,784 [WARNING] django.server: "GET /.well-known/appspecific/com.chrome.devtools.json HTTP/1.1" 404 13350
2026-03-10 17:26:26,926 [INFO] django.server: "GET /search/ HTTP/1.1" 200 21195
2026-03-10 17:26:26,955 [WARNING] django.request: Not Found: /.well-known/appspecific/com.chrome.devtools.json
2026-03-10 17:26:26,955 [WARNING] django.server: "GET /.well-known/appspecific/com.chrome.devtools.json HTTP/1.1" 404 13350
2026-03-10 17:26:27,434 [INFO] django.server: "GET /search/ HTTP/1.1" 200 21195
2026-03-10 17:26:27,465 [WARNING] django.request: Not Found: /.well-known/appspecific/com.chrome.devtools.json
2026-03-10 17:26:27,465 [WARNING] django.server: "GET /.well-known/appspecific/com.chrome.devtools.json HTTP/1.1" 404 13350
2026-03-10 17:26:27,642 [INFO] django.server: "GET /search/ HTTP/1.1" 200 21195
2026-03-10 17:26:27,668 [WARNING] django.request: Not Found: /.well-known/appspecific/com.chrome.devtools.json
2026-03-10 17:26:27,669 [WARNING] django.server: "GET /.well-known/appspecific/com.chrome.devtools.json HTTP/1.1" 404 13350
2026-03-10 17:26:28,189 [INFO] django.server: "GET /employees/ HTTP/1.1" 200 51809
2026-03-10 17:26:28,223 [WARNING] django.request: Not Found: /.well-known/appspecific/com.chrome.devtools.json
2026-03-10 17:26:28,224 [WARNING] django.server: "GET /.well-known/appspecific/com.chrome.devtools.json HTTP/1.1" 404 13350
2026-03-10 17:26:29,890 [INFO] django.server: "GET /search/ HTTP/1.1" 200 21195
2026-03-10 17:26:29,917 [WARNING] django.request: Not Found: /.well-known/appspecific/com.chrome.devtools.json
2026-03-10 17:26:29,918 [WARNING] django.server: "GET /.well-known/appspecific/com.chrome.devtools.json HTTP/1.1" 404 13350
2026-03-10 17:29:18,462 [INFO] django.utils.autoreload: D:\PROJECTs\su_science\project\main\views.py changed, reloading.
2026-03-10 17:29:18,948 [INFO] django.utils.autoreload: Watching for file changes with StatReloader
2026-03-10 17:29:24,111 [INFO] django.utils.autoreload: D:\PROJECTs\su_science\project\main\urls.py changed, reloading.
2026-03-10 17:29:24,549 [INFO] django.utils.autoreload: Watching for file changes with StatReloader
2026-03-10 17:29:35,159 [INFO] django.server: "GET /employees/ HTTP/1.1" 200 51809
2026-03-10 17:29:35,180 [WARNING] django.request: Not Found: /.well-known/appspecific/com.chrome.devtools.json
2026-03-10 17:29:35,180 [WARNING] django.server: "GET /.well-known/appspecific/com.chrome.devtools.json HTTP/1.1" 404 13350
2026-03-10 17:29:36,567 [INFO] django.server: "GET /employees/load/?page=2 HTTP/1.1" 200 51100
2026-03-10 17:29:37,510 [INFO] django.server: "GET /employees/load/?page=3 HTTP/1.1" 200 51128
2026-03-10 17:29:39,921 [INFO] django.server: "GET /account/ HTTP/1.1" 302 0
2026-03-10 17:29:39,940 [INFO] django.server: "GET /employees/74/ HTTP/1.1" 200 19040
2026-03-10 17:29:39,970 [WARNING] django.request: Not Found: /.well-known/appspecific/com.chrome.devtools.json
2026-03-10 17:29:39,970 [WARNING] django.server: "GET /.well-known/appspecific/com.chrome.devtools.json HTTP/1.1" 404 13350
2026-03-10 17:29:39,972 [INFO] django.server: "GET /media/user_photos/WhatsApp_Image_2025-11-10_at_12.37.23.jpeg HTTP/1.1" 304 0
2026-03-10 17:29:40,439 [INFO] django.server: "GET /account/ HTTP/1.1" 302 0
2026-03-10 17:29:40,452 [INFO] django.server: "GET /employees/74/ HTTP/1.1" 200 19040
2026-03-10 17:29:40,477 [WARNING] django.request: Not Found: /.well-known/appspecific/com.chrome.devtools.json
2026-03-10 17:29:40,477 [WARNING] django.server: "GET /.well-known/appspecific/com.chrome.devtools.json HTTP/1.1" 404 13350
2026-03-10 17:29:40,645 [INFO] django.server: "GET /account/ HTTP/1.1" 302 0
2026-03-10 17:29:40,662 [INFO] django.server: "GET /employees/74/ HTTP/1.1" 200 19040
2026-03-10 17:29:40,692 [WARNING] django.request: Not Found: /.well-known/appspecific/com.chrome.devtools.json
2026-03-10 17:29:40,692 [WARNING] django.server: "GET /.well-known/appspecific/com.chrome.devtools.json HTTP/1.1" 404 13350
2026-03-10 17:29:41,491 [INFO] django.server: "GET /employees/74/ HTTP/1.1" 200 19040
2026-03-10 17:29:41,519 [WARNING] django.request: Not Found: /.well-known/appspecific/com.chrome.devtools.json
2026-03-10 17:29:41,520 [WARNING] django.server: "GET /.well-known/appspecific/com.chrome.devtools.json HTTP/1.1" 404 13350
2026-03-10 17:29:41,591 [INFO] django.server: "GET /static/main/css/style.css HTTP/1.1" 200 16417
2026-03-10 17:29:41,591 [INFO] django.server: "GET /static/main/images/icon.png HTTP/1.1" 200 49378
2026-03-10 17:29:41,592 [INFO] django.server: "GET /media/user_photos/WhatsApp_Image_2025-11-10_at_12.37.23.jpeg HTTP/1.1" 200 146758
2026-03-10 17:29:41,597 [INFO] django.server: "GET /static/main/scripts/app_feedback.js HTTP/1.1" 200 1259
2026-03-10 17:29:42,188 [INFO] django.server: "GET /static/main/images/favicon.ico HTTP/1.1" 200 15406
2026-03-10 17:31:24,879 [INFO] django.server: "POST /employees/74/ HTTP/1.1" 302 0
2026-03-10 17:31:24,895 [INFO] django.server: "GET /employees/74/?updated=1 HTTP/1.1" 200 19236
2026-03-10 17:31:24,928 [WARNING] django.request: Not Found: /.well-known/appspecific/com.chrome.devtools.json
2026-03-10 17:31:24,928 [WARNING] django.server: "GET /.well-known/appspecific/com.chrome.devtools.json HTTP/1.1" 404 13350
2026-03-10 17:31:24,934 [INFO] django.server: "GET /media/user_photos/WhatsApp_Image_2025-11-10_at_12.37.23.jpeg HTTP/1.1" 304 0
2026-03-10 17:31:26,695 [INFO] django.server: "GET /search/ HTTP/1.1" 200 21195
2026-03-10 17:31:26,718 [WARNING] django.request: Not Found: /.well-known/appspecific/com.chrome.devtools.json
2026-03-10 17:31:26,719 [WARNING] django.server: "GET /.well-known/appspecific/com.chrome.devtools.json HTTP/1.1" 404 13350
2026-03-10 17:31:26,833 [INFO] django.server: "GET /search/ HTTP/1.1" 200 21195
2026-03-10 17:31:26,858 [WARNING] django.request: Not Found: /.well-known/appspecific/com.chrome.devtools.json
2026-03-10 17:31:26,859 [WARNING] django.server: "GET /.well-known/appspecific/com.chrome.devtools.json HTTP/1.1" 404 13350
2026-03-10 17:31:28,013 [INFO] django.server: "GET /search/?oa=1 HTTP/1.1" 200 65994
2026-03-10 17:31:28,037 [WARNING] django.request: Not Found: /.well-known/appspecific/com.chrome.devtools.json
2026-03-10 17:31:28,037 [WARNING] django.server: "GET /.well-known/appspecific/com.chrome.devtools.json HTTP/1.1" 404 13350
2026-03-10 17:31:31,736 [INFO] main.utils: Generation request accepted user=74 template_id=13 filters_tags=0
2026-03-10 17:31:31,736 [INFO] main.utils: Generation start template_id=13 user=74 template_file_type=docx publications_count=19 requested_title=
2026-03-10 17:31:31,737 [INFO] utils.document_generator: Template render start template_id=13 base_len=0
2026-03-10 17:31:31,737 [INFO] utils.document_generator: Template render after synonyms template_id=13 len=0
2026-03-10 17:31:31,737 [WARNING] utils.document_generator: Template render result is empty template_id=13
2026-03-10 17:31:31,737 [INFO] main.utils: Text render result template_id=13 text_len=0 non_empty=False
2026-03-10 17:31:31,737 [INFO] main.utils: DOCX render branch template_id=13 source_file=synthetic_documents/template-from-document-5.docx
2026-03-10 17:31:31,798 [INFO] utils.document_generator: DOCX render start template_id=13 source=D:\PROJECTs\su_science\project\media\synthetic_documents\template-from-document-5.docx output=C:\Users\admin\AppData\Local\Temp\tmplk5m7drk.docx
2026-03-10 17:31:31,942 [INFO] utils.document_generator: DOCX render finished template_id=13 output=C:\Users\admin\AppData\Local\Temp\tmplk5m7drk.docx
2026-03-10 17:31:31,952 [INFO] main.utils: Generation finished document_id=44 generated_by=13 file_type=docx file_name=documents/report-20260310123131.docx
2026-03-10 17:31:31,953 [INFO] django.server: "POST /search/ HTTP/1.1" 302 0
2026-03-10 17:31:31,960 [INFO] document.views: Document file served document=44
2026-03-10 17:31:31,961 [INFO] django.server: "GET /files/44?download=1 HTTP/1.1" 200 29658
2026-03-10 17:32:33,982 [INFO] django.utils.autoreload: D:\PROJECTs\su_science\project\main\views.py changed, reloading.
2026-03-10 17:32:34,469 [INFO] django.utils.autoreload: Watching for file changes with StatReloader
2026-03-10 17:33:46,271 [INFO] django.server: "GET /search/?show=all HTTP/1.1" 200 69780
2026-03-10 17:33:46,308 [WARNING] django.request: Not Found: /.well-known/appspecific/com.chrome.devtools.json
2026-03-10 17:33:46,309 [WARNING] django.server: "GET /.well-known/appspecific/com.chrome.devtools.json HTTP/1.1" 404 13350
2026-03-10 17:33:46,652 [INFO] django.server: "GET /search/?status=published HTTP/1.1" 200 69807
2026-03-10 17:33:46,670 [WARNING] django.request: Not Found: /.well-known/appspecific/com.chrome.devtools.json
2026-03-10 17:33:46,671 [WARNING] django.server: "GET /.well-known/appspecific/com.chrome.devtools.json HTTP/1.1" 404 13350
2026-03-10 17:33:47,403 [INFO] django.server: "GET /search/?oa=1 HTTP/1.1" 200 65994
2026-03-10 17:33:47,432 [WARNING] django.request: Not Found: /.well-known/appspecific/com.chrome.devtools.json
2026-03-10 17:33:47,433 [WARNING] django.server: "GET /.well-known/appspecific/com.chrome.devtools.json HTTP/1.1" 404 13350
2026-03-10 17:33:48,523 [INFO] django.server: "GET /search/?status=published&y_min=2021 HTTP/1.1" 200 69873
2026-03-10 17:33:48,549 [WARNING] django.request: Not Found: /.well-known/appspecific/com.chrome.devtools.json
2026-03-10 17:33:48,549 [WARNING] django.server: "GET /.well-known/appspecific/com.chrome.devtools.json HTTP/1.1" 404 13350
2026-03-10 17:33:48,980 [INFO] django.server: "GET /search/?quartile=Q1 HTTP/1.1" 200 26031
2026-03-10 17:33:49,007 [WARNING] django.request: Not Found: /.well-known/appspecific/com.chrome.devtools.json
2026-03-10 17:33:49,008 [WARNING] django.server: "GET /.well-known/appspecific/com.chrome.devtools.json HTTP/1.1" 404 13350
2026-03-10 17:33:50,249 [INFO] django.server: "GET /search/?status=published&y_min=2021 HTTP/1.1" 200 69873
2026-03-10 17:33:50,276 [WARNING] django.request: Not Found: /.well-known/appspecific/com.chrome.devtools.json
2026-03-10 17:33:50,277 [WARNING] django.server: "GET /.well-known/appspecific/com.chrome.devtools.json HTTP/1.1" 404 13350
2026-03-10 17:33:53,039 [INFO] django.server: "GET /account/ HTTP/1.1" 302 0
2026-03-10 17:33:53,064 [INFO] django.server: "GET /employees/74/ HTTP/1.1" 200 19072
2026-03-10 17:33:54,259 [INFO] django.server: "GET /employees/ HTTP/1.1" 200 51809
2026-03-10 17:33:54,287 [WARNING] django.request: Not Found: /.well-known/appspecific/com.chrome.devtools.json
2026-03-10 17:33:54,288 [WARNING] django.server: "GET /.well-known/appspecific/com.chrome.devtools.json HTTP/1.1" 404 13350
2026-03-10 17:34:01,952 [INFO] django.server: "GET /employees/load/?page=2 HTTP/1.1" 200 51100
2026-03-10 17:34:08,948 [INFO] django.server: "GET /employees/ HTTP/1.1" 200 51809
2026-03-10 17:34:08,981 [WARNING] django.request: Not Found: /.well-known/appspecific/com.chrome.devtools.json
2026-03-10 17:34:08,982 [WARNING] django.server: "GET /.well-known/appspecific/com.chrome.devtools.json HTTP/1.1" 404 13350
2026-03-10 17:34:10,263 [INFO] django.server: "GET /search/ HTTP/1.1" 200 21195
2026-03-10 17:34:10,292 [WARNING] django.request: Not Found: /.well-known/appspecific/com.chrome.devtools.json
2026-03-10 17:34:10,292 [WARNING] django.server: "GET /.well-known/appspecific/com.chrome.devtools.json HTTP/1.1" 404 13350
2026-03-10 17:34:24,471 [INFO] django.server: "GET /search/ HTTP/1.1" 200 21195
2026-03-10 17:34:24,502 [WARNING] django.request: Not Found: /.well-known/appspecific/com.chrome.devtools.json
2026-03-10 17:34:24,502 [WARNING] django.server: "GET /.well-known/appspecific/com.chrome.devtools.json HTTP/1.1" 404 13350
2026-03-10 17:36:29,996 [INFO] django.server: "GET /account/ HTTP/1.1" 302 0
2026-03-10 17:36:30,013 [INFO] django.server: "GET /employees/74/ HTTP/1.1" 200 19072
2026-03-10 17:36:30,044 [WARNING] django.request: Not Found: /.well-known/appspecific/com.chrome.devtools.json
2026-03-10 17:36:30,045 [WARNING] django.server: "GET /.well-known/appspecific/com.chrome.devtools.json HTTP/1.1" 404 13350
2026-03-10 17:36:30,054 [INFO] django.server: "GET /media/user_photos/WhatsApp_Image_2025-11-10_at_12.37.23.jpeg HTTP/1.1" 304 0
2026-03-10 17:36:46,476 [INFO] django.server: "GET /employees/74/ HTTP/1.1" 200 19072
2026-03-10 17:36:46,502 [WARNING] django.request: Not Found: /.well-known/appspecific/com.chrome.devtools.json
2026-03-10 17:36:46,503 [WARNING] django.server: "GET /.well-known/appspecific/com.chrome.devtools.json HTTP/1.1" 404 13350
2026-03-10 17:36:46,561 [INFO] django.server: "GET /static/main/css/style.css HTTP/1.1" 200 16417
2026-03-10 17:36:46,561 [INFO] django.server: "GET /static/main/images/icon.png HTTP/1.1" 200 49378
2026-03-10 17:36:46,563 [INFO] django.server: "GET /media/user_photos/WhatsApp_Image_2025-11-10_at_12.37.23.jpeg HTTP/1.1" 200 146758
2026-03-10 17:36:46,567 [INFO] django.server: "GET /static/main/scripts/app_feedback.js HTTP/1.1" 200 1259
2026-03-10 17:36:48,384 [INFO] django.server: "GET /static/main/images/favicon.ico HTTP/1.1" 200 15406
2026-03-10 17:36:50,917 [INFO] django.server: "GET /employees/74/ HTTP/1.1" 200 19072
2026-03-10 17:36:50,947 [WARNING] django.request: Not Found: /.well-known/appspecific/com.chrome.devtools.json
2026-03-10 17:36:50,948 [WARNING] django.server: "GET /.well-known/appspecific/com.chrome.devtools.json HTTP/1.1" 404 13350
2026-03-10 17:36:53,398 [INFO] django.server: "GET /employees/74/ HTTP/1.1" 200 19072
2026-03-10 17:36:53,429 [WARNING] django.request: Not Found: /.well-known/appspecific/com.chrome.devtools.json
2026-03-10 17:36:53,429 [WARNING] django.server: "GET /.well-known/appspecific/com.chrome.devtools.json HTTP/1.1" 404 13350
2026-03-10 17:36:53,902 [INFO] django.server: "GET /employees/74/ HTTP/1.1" 200 19072
2026-03-10 17:36:53,931 [WARNING] django.request: Not Found: /.well-known/appspecific/com.chrome.devtools.json
2026-03-10 17:36:53,931 [WARNING] django.server: "GET /.well-known/appspecific/com.chrome.devtools.json HTTP/1.1" 404 13350
2026-03-10 17:36:53,943 [INFO] django.server: "GET /static/main/css/style.css HTTP/1.1" 200 16417
2026-03-10 17:36:53,944 [INFO] django.server: "GET /static/main/images/icon.png HTTP/1.1" 200 49378
2026-03-10 17:36:53,944 [INFO] django.server: "GET /media/user_photos/WhatsApp_Image_2025-11-10_at_12.37.23.jpeg HTTP/1.1" 200 146758
2026-03-10 17:36:53,952 [INFO] django.server: "GET /static/main/scripts/app_feedback.js HTTP/1.1" 200 1259
2026-03-10 17:36:54,468 [INFO] django.server: "GET /static/main/images/favicon.ico HTTP/1.1" 200 15406
2026-03-10 17:43:06,836 [INFO] django.utils.autoreload: D:\PROJECTs\su_science\project\main\utils.py changed, reloading.
2026-03-10 17:43:07,307 [INFO] django.utils.autoreload: Watching for file changes with StatReloader
2026-03-10 17:43:11,615 [INFO] django.utils.autoreload: D:\PROJECTs\su_science\project\main\views.py changed, reloading.
2026-03-10 17:43:12,063 [INFO] django.utils.autoreload: Watching for file changes with StatReloader
2026-03-10 17:43:18,406 [INFO] django.utils.autoreload: D:\PROJECTs\su_science\project\main\urls.py changed, reloading.
2026-03-10 17:43:18,903 [INFO] django.utils.autoreload: Watching for file changes with StatReloader
2026-03-10 17:45:06,613 [ERROR] django.request: Internal Server Error: /
Traceback (most recent call last):
  File "D:\PROJECTs\su_science\venv\Lib\site-packages\django\core\handlers\exception.py", line 55, in inner
    response = get_response(request)
               ^^^^^^^^^^^^^^^^^^^^^
  File "D:\PROJECTs\su_science\venv\Lib\site-packages\django\core\handlers\base.py", line 198, in _get_response
    response = wrapped_callback(request, *callback_args, **callback_kwargs)
               ^^^^^^^^^^^^^^^^^^^^^^^^^^^^^^^^^^^^^^^^^^^^^^^^^^^^^^^^^^^^
  File "D:\PROJECTs\su_science\venv\Lib\site-packages\django\views\generic\base.py", line 106, in view
    return self.dispatch(request, *args, **kwargs)
           ^^^^^^^^^^^^^^^^^^^^^^^^^^^^^^^^^^^^^^^
  File "D:\PROJECTs\su_science\venv\Lib\site-packages\django\views\generic\base.py", line 145, in dispatch
    return handler(request, *args, **kwargs)
           ^^^^^^^^^^^^^^^^^^^^^^^^^^^^^^^^^
  File "D:\PROJECTs\su_science\project\main\views.py", line 18, in get
    return render(request, self.template_name, context)
           ^^^^^^^^^^^^^^^^^^^^^^^^^^^^^^^^^^^^^^^^^^^^
  File "D:\PROJECTs\su_science\venv\Lib\site-packages\django\shortcuts.py", line 25, in render
    content = loader.render_to_string(template_name, context, request, using=using)
              ^^^^^^^^^^^^^^^^^^^^^^^^^^^^^^^^^^^^^^^^^^^^^^^^^^^^^^^^^^^^^^^^^^^^^
  File "D:\PROJECTs\su_science\venv\Lib\site-packages\django\template\loader.py", line 61, in render_to_string
    template = get_template(template_name, using=using)
               ^^^^^^^^^^^^^^^^^^^^^^^^^^^^^^^^^^^^^^^^
  File "D:\PROJECTs\su_science\venv\Lib\site-packages\django\template\loader.py", line 19, in get_template
    raise TemplateDoesNotExist(template_name, chain=chain)
django.template.exceptions.TemplateDoesNotExist: main/main.html
2026-03-10 17:45:06,614 [ERROR] django.server: "GET / HTTP/1.1" 500 106037
2026-03-10 17:45:06,641 [WARNING] django.request: Not Found: /.well-known/appspecific/com.chrome.devtools.json
2026-03-10 17:45:06,643 [WARNING] django.server: "GET /.well-known/appspecific/com.chrome.devtools.json HTTP/1.1" 404 13603
2026-03-10 17:45:06,713 [WARNING] django.request: Not Found: /favicon.ico
2026-03-10 17:45:06,713 [WARNING] django.server: "GET /favicon.ico HTTP/1.1" 404 13492
2026-03-10 17:46:07,617 [ERROR] django.request: Internal Server Error: /
Traceback (most recent call last):
  File "D:\PROJECTs\su_science\venv\Lib\site-packages\django\core\handlers\exception.py", line 55, in inner
    response = get_response(request)
               ^^^^^^^^^^^^^^^^^^^^^
  File "D:\PROJECTs\su_science\venv\Lib\site-packages\django\core\handlers\base.py", line 198, in _get_response
    response = wrapped_callback(request, *callback_args, **callback_kwargs)
               ^^^^^^^^^^^^^^^^^^^^^^^^^^^^^^^^^^^^^^^^^^^^^^^^^^^^^^^^^^^^
  File "D:\PROJECTs\su_science\venv\Lib\site-packages\django\views\generic\base.py", line 106, in view
    return self.dispatch(request, *args, **kwargs)
           ^^^^^^^^^^^^^^^^^^^^^^^^^^^^^^^^^^^^^^^
  File "D:\PROJECTs\su_science\venv\Lib\site-packages\django\views\generic\base.py", line 145, in dispatch
    return handler(request, *args, **kwargs)
           ^^^^^^^^^^^^^^^^^^^^^^^^^^^^^^^^^
  File "D:\PROJECTs\su_science\project\main\views.py", line 18, in get
    return render(request, self.template_name, context)
           ^^^^^^^^^^^^^^^^^^^^^^^^^^^^^^^^^^^^^^^^^^^^
  File "D:\PROJECTs\su_science\venv\Lib\site-packages\django\shortcuts.py", line 25, in render
    content = loader.render_to_string(template_name, context, request, using=using)
              ^^^^^^^^^^^^^^^^^^^^^^^^^^^^^^^^^^^^^^^^^^^^^^^^^^^^^^^^^^^^^^^^^^^^^
  File "D:\PROJECTs\su_science\venv\Lib\site-packages\django\template\loader.py", line 61, in render_to_string
    template = get_template(template_name, using=using)
               ^^^^^^^^^^^^^^^^^^^^^^^^^^^^^^^^^^^^^^^^
  File "D:\PROJECTs\su_science\venv\Lib\site-packages\django\template\loader.py", line 19, in get_template
    raise TemplateDoesNotExist(template_name, chain=chain)
django.template.exceptions.TemplateDoesNotExist: main/main.html
2026-03-10 17:46:07,619 [ERROR] django.server: "GET / HTTP/1.1" 500 106302
2026-03-10 17:46:07,644 [WARNING] django.request: Not Found: /.well-known/appspecific/com.chrome.devtools.json
2026-03-10 17:46:07,645 [WARNING] django.server: "GET /.well-known/appspecific/com.chrome.devtools.json HTTP/1.1" 404 13603
2026-03-10 17:46:07,710 [WARNING] django.request: Not Found: /favicon.ico
2026-03-10 17:46:07,710 [WARNING] django.server: "GET /favicon.ico HTTP/1.1" 404 13492
2026-03-10 17:46:43,574 [ERROR] django.request: Internal Server Error: /
Traceback (most recent call last):
  File "D:\PROJECTs\su_science\venv\Lib\site-packages\django\template\base.py", line 577, in parse
    compile_func = self.tags[command]
                   ~~~~~~~~~^^^^^^^^^
KeyError: 'endblock'

During handling of the above exception, another exception occurred:

Traceback (most recent call last):
  File "D:\PROJECTs\su_science\venv\Lib\site-packages\django\core\handlers\exception.py", line 55, in inner
    response = get_response(request)
               ^^^^^^^^^^^^^^^^^^^^^
  File "D:\PROJECTs\su_science\venv\Lib\site-packages\django\core\handlers\base.py", line 198, in _get_response
    response = wrapped_callback(request, *callback_args, **callback_kwargs)
               ^^^^^^^^^^^^^^^^^^^^^^^^^^^^^^^^^^^^^^^^^^^^^^^^^^^^^^^^^^^^
  File "D:\PROJECTs\su_science\venv\Lib\site-packages\django\views\generic\base.py", line 106, in view
    return self.dispatch(request, *args, **kwargs)
           ^^^^^^^^^^^^^^^^^^^^^^^^^^^^^^^^^^^^^^^
  File "D:\PROJECTs\su_science\venv\Lib\site-packages\django\views\generic\base.py", line 145, in dispatch
    return handler(request, *args, **kwargs)
           ^^^^^^^^^^^^^^^^^^^^^^^^^^^^^^^^^
  File "D:\PROJECTs\su_science\project\main\views.py", line 18, in get
    return render(request, self.template_name, context)
           ^^^^^^^^^^^^^^^^^^^^^^^^^^^^^^^^^^^^^^^^^^^^
  File "D:\PROJECTs\su_science\venv\Lib\site-packages\django\shortcuts.py", line 25, in render
    content = loader.render_to_string(template_name, context, request, using=using)
              ^^^^^^^^^^^^^^^^^^^^^^^^^^^^^^^^^^^^^^^^^^^^^^^^^^^^^^^^^^^^^^^^^^^^^
  File "D:\PROJECTs\su_science\venv\Lib\site-packages\django\template\loader.py", line 61, in render_to_string
    template = get_template(template_name, using=using)
               ^^^^^^^^^^^^^^^^^^^^^^^^^^^^^^^^^^^^^^^^
  File "D:\PROJECTs\su_science\venv\Lib\site-packages\django\template\loader.py", line 15, in get_template
    return engine.get_template(template_name)
           ^^^^^^^^^^^^^^^^^^^^^^^^^^^^^^^^^^
  File "D:\PROJECTs\su_science\venv\Lib\site-packages\django\template\backends\django.py", line 79, in get_template
    return Template(self.engine.get_template(template_name), self)
                    ^^^^^^^^^^^^^^^^^^^^^^^^^^^^^^^^^^^^^^^
  File "D:\PROJECTs\su_science\venv\Lib\site-packages\django\template\engine.py", line 186, in get_template
    template, origin = self.find_template(template_name)
                       ^^^^^^^^^^^^^^^^^^^^^^^^^^^^^^^^^
  File "D:\PROJECTs\su_science\venv\Lib\site-packages\django\template\engine.py", line 159, in find_template
    template = loader.get_template(name, skip=skip)
               ^^^^^^^^^^^^^^^^^^^^^^^^^^^^^^^^^^^^
  File "D:\PROJECTs\su_science\venv\Lib\site-packages\django\template\loaders\cached.py", line 57, in get_template
    template = super().get_template(template_name, skip)
               ^^^^^^^^^^^^^^^^^^^^^^^^^^^^^^^^^^^^^^^^^
  File "D:\PROJECTs\su_science\venv\Lib\site-packages\django\template\loaders\base.py", line 28, in get_template
    return Template(
           ^^^^^^^^^
  File "D:\PROJECTs\su_science\venv\Lib\site-packages\django\template\base.py", line 157, in __init__
    self.nodelist = self.compile_nodelist()
                    ^^^^^^^^^^^^^^^^^^^^^^^
  File "D:\PROJECTs\su_science\venv\Lib\site-packages\django\template\base.py", line 199, in compile_nodelist
    nodelist = parser.parse()
               ^^^^^^^^^^^^^^
  File "D:\PROJECTs\su_science\venv\Lib\site-packages\django\template\base.py", line 585, in parse
    raise self.error(token, e)
  File "D:\PROJECTs\su_science\venv\Lib\site-packages\django\template\base.py", line 583, in parse
    compiled_result = compile_func(self, token)
                      ^^^^^^^^^^^^^^^^^^^^^^^^^
  File "D:\PROJECTs\su_science\venv\Lib\site-packages\django\template\loader_tags.py", line 307, in do_extends
    nodelist = parser.parse()
               ^^^^^^^^^^^^^^
  File "D:\PROJECTs\su_science\venv\Lib\site-packages\django\template\base.py", line 585, in parse
    raise self.error(token, e)
  File "D:\PROJECTs\su_science\venv\Lib\site-packages\django\template\base.py", line 583, in parse
    compiled_result = compile_func(self, token)
                      ^^^^^^^^^^^^^^^^^^^^^^^^^
  File "D:\PROJECTs\su_science\venv\Lib\site-packages\django\template\loader_tags.py", line 235, in do_block
    nodelist = parser.parse(("endblock",))
               ^^^^^^^^^^^^^^^^^^^^^^^^^^^
  File "D:\PROJECTs\su_science\venv\Lib\site-packages\django\template\base.py", line 585, in parse
    raise self.error(token, e)
  File "D:\PROJECTs\su_science\venv\Lib\site-packages\django\template\base.py", line 583, in parse
    compiled_result = compile_func(self, token)
                      ^^^^^^^^^^^^^^^^^^^^^^^^^
  File "D:\PROJECTs\su_science\venv\Lib\site-packages\django\template\defaulttags.py", line 994, in do_if
    nodelist = parser.parse(("elif", "else", "endif"))
               ^^^^^^^^^^^^^^^^^^^^^^^^^^^^^^^^^^^^^^^
  File "D:\PROJECTs\su_science\venv\Lib\site-packages\django\template\base.py", line 579, in parse
    self.invalid_block_tag(token, command, parse_until)
  File "D:\PROJECTs\su_science\venv\Lib\site-packages\django\template\base.py", line 634, in invalid_block_tag
    raise self.error(
django.template.exceptions.TemplateSyntaxError: Template: D:\PROJECTs\su_science\project\main\templates\main\main.html, Invalid block tag on line 378: 'endblock', expected 'elif', 'else' or 'endif'. Did you forget to register or load this tag?
2026-03-10 17:46:43,577 [ERROR] django.server: "GET / HTTP/1.1" 500 236525
2026-03-10 17:46:43,606 [WARNING] django.request: Not Found: /.well-known/appspecific/com.chrome.devtools.json
2026-03-10 17:46:43,606 [WARNING] django.server: "GET /.well-known/appspecific/com.chrome.devtools.json HTTP/1.1" 404 13603
2026-03-10 17:46:43,682 [WARNING] django.request: Not Found: /favicon.ico
2026-03-10 17:46:43,682 [WARNING] django.server: "GET /favicon.ico HTTP/1.1" 404 13492
2026-03-10 17:46:52,836 [ERROR] django.request: Internal Server Error: /
Traceback (most recent call last):
  File "D:\PROJECTs\su_science\venv\Lib\site-packages\django\template\base.py", line 577, in parse
    compile_func = self.tags[command]
                   ~~~~~~~~~^^^^^^^^^
KeyError: 'endblock'

During handling of the above exception, another exception occurred:

Traceback (most recent call last):
  File "D:\PROJECTs\su_science\venv\Lib\site-packages\django\core\handlers\exception.py", line 55, in inner
    response = get_response(request)
               ^^^^^^^^^^^^^^^^^^^^^
  File "D:\PROJECTs\su_science\venv\Lib\site-packages\django\core\handlers\base.py", line 198, in _get_response
    response = wrapped_callback(request, *callback_args, **callback_kwargs)
               ^^^^^^^^^^^^^^^^^^^^^^^^^^^^^^^^^^^^^^^^^^^^^^^^^^^^^^^^^^^^
  File "D:\PROJECTs\su_science\venv\Lib\site-packages\django\views\generic\base.py", line 106, in view
    return self.dispatch(request, *args, **kwargs)
           ^^^^^^^^^^^^^^^^^^^^^^^^^^^^^^^^^^^^^^^
  File "D:\PROJECTs\su_science\venv\Lib\site-packages\django\views\generic\base.py", line 145, in dispatch
    return handler(request, *args, **kwargs)
           ^^^^^^^^^^^^^^^^^^^^^^^^^^^^^^^^^
  File "D:\PROJECTs\su_science\project\main\views.py", line 18, in get
    return render(request, self.template_name, context)
           ^^^^^^^^^^^^^^^^^^^^^^^^^^^^^^^^^^^^^^^^^^^^
  File "D:\PROJECTs\su_science\venv\Lib\site-packages\django\shortcuts.py", line 25, in render
    content = loader.render_to_string(template_name, context, request, using=using)
              ^^^^^^^^^^^^^^^^^^^^^^^^^^^^^^^^^^^^^^^^^^^^^^^^^^^^^^^^^^^^^^^^^^^^^
  File "D:\PROJECTs\su_science\venv\Lib\site-packages\django\template\loader.py", line 61, in render_to_string
    template = get_template(template_name, using=using)
               ^^^^^^^^^^^^^^^^^^^^^^^^^^^^^^^^^^^^^^^^
  File "D:\PROJECTs\su_science\venv\Lib\site-packages\django\template\loader.py", line 15, in get_template
    return engine.get_template(template_name)
           ^^^^^^^^^^^^^^^^^^^^^^^^^^^^^^^^^^
  File "D:\PROJECTs\su_science\venv\Lib\site-packages\django\template\backends\django.py", line 79, in get_template
    return Template(self.engine.get_template(template_name), self)
                    ^^^^^^^^^^^^^^^^^^^^^^^^^^^^^^^^^^^^^^^
  File "D:\PROJECTs\su_science\venv\Lib\site-packages\django\template\engine.py", line 186, in get_template
    template, origin = self.find_template(template_name)
                       ^^^^^^^^^^^^^^^^^^^^^^^^^^^^^^^^^
  File "D:\PROJECTs\su_science\venv\Lib\site-packages\django\template\engine.py", line 159, in find_template
    template = loader.get_template(name, skip=skip)
               ^^^^^^^^^^^^^^^^^^^^^^^^^^^^^^^^^^^^
  File "D:\PROJECTs\su_science\venv\Lib\site-packages\django\template\loaders\cached.py", line 57, in get_template
    template = super().get_template(template_name, skip)
               ^^^^^^^^^^^^^^^^^^^^^^^^^^^^^^^^^^^^^^^^^
  File "D:\PROJECTs\su_science\venv\Lib\site-packages\django\template\loaders\base.py", line 28, in get_template
    return Template(
           ^^^^^^^^^
  File "D:\PROJECTs\su_science\venv\Lib\site-packages\django\template\base.py", line 157, in __init__
    self.nodelist = self.compile_nodelist()
                    ^^^^^^^^^^^^^^^^^^^^^^^
  File "D:\PROJECTs\su_science\venv\Lib\site-packages\django\template\base.py", line 199, in compile_nodelist
    nodelist = parser.parse()
               ^^^^^^^^^^^^^^
  File "D:\PROJECTs\su_science\venv\Lib\site-packages\django\template\base.py", line 585, in parse
    raise self.error(token, e)
  File "D:\PROJECTs\su_science\venv\Lib\site-packages\django\template\base.py", line 583, in parse
    compiled_result = compile_func(self, token)
                      ^^^^^^^^^^^^^^^^^^^^^^^^^
  File "D:\PROJECTs\su_science\venv\Lib\site-packages\django\template\loader_tags.py", line 307, in do_extends
    nodelist = parser.parse()
               ^^^^^^^^^^^^^^
  File "D:\PROJECTs\su_science\venv\Lib\site-packages\django\template\base.py", line 585, in parse
    raise self.error(token, e)
  File "D:\PROJECTs\su_science\venv\Lib\site-packages\django\template\base.py", line 583, in parse
    compiled_result = compile_func(self, token)
                      ^^^^^^^^^^^^^^^^^^^^^^^^^
  File "D:\PROJECTs\su_science\venv\Lib\site-packages\django\template\loader_tags.py", line 235, in do_block
    nodelist = parser.parse(("endblock",))
               ^^^^^^^^^^^^^^^^^^^^^^^^^^^
  File "D:\PROJECTs\su_science\venv\Lib\site-packages\django\template\base.py", line 585, in parse
    raise self.error(token, e)
  File "D:\PROJECTs\su_science\venv\Lib\site-packages\django\template\base.py", line 583, in parse
    compiled_result = compile_func(self, token)
                      ^^^^^^^^^^^^^^^^^^^^^^^^^
  File "D:\PROJECTs\su_science\venv\Lib\site-packages\django\template\defaulttags.py", line 994, in do_if
    nodelist = parser.parse(("elif", "else", "endif"))
               ^^^^^^^^^^^^^^^^^^^^^^^^^^^^^^^^^^^^^^^
  File "D:\PROJECTs\su_science\venv\Lib\site-packages\django\template\base.py", line 579, in parse
    self.invalid_block_tag(token, command, parse_until)
  File "D:\PROJECTs\su_science\venv\Lib\site-packages\django\template\base.py", line 634, in invalid_block_tag
    raise self.error(
django.template.exceptions.TemplateSyntaxError: Template: D:\PROJECTs\su_science\project\main\templates\main\main.html, Invalid block tag on line 378: 'endblock', expected 'elif', 'else' or 'endif'. Did you forget to register or load this tag?
2026-03-10 17:46:52,837 [ERROR] django.server: "GET / HTTP/1.1" 500 236525
2026-03-10 17:46:52,861 [WARNING] django.request: Not Found: /.well-known/appspecific/com.chrome.devtools.json
2026-03-10 17:46:52,861 [WARNING] django.server: "GET /.well-known/appspecific/com.chrome.devtools.json HTTP/1.1" 404 13603
2026-03-10 17:46:52,940 [WARNING] django.request: Not Found: /favicon.ico
2026-03-10 17:46:52,941 [WARNING] django.server: "GET /favicon.ico HTTP/1.1" 404 13492
2026-03-10 17:46:53,597 [ERROR] django.request: Internal Server Error: /
Traceback (most recent call last):
  File "D:\PROJECTs\su_science\venv\Lib\site-packages\django\template\base.py", line 577, in parse
    compile_func = self.tags[command]
                   ~~~~~~~~~^^^^^^^^^
KeyError: 'endblock'

During handling of the above exception, another exception occurred:

Traceback (most recent call last):
  File "D:\PROJECTs\su_science\venv\Lib\site-packages\django\core\handlers\exception.py", line 55, in inner
    response = get_response(request)
               ^^^^^^^^^^^^^^^^^^^^^
  File "D:\PROJECTs\su_science\venv\Lib\site-packages\django\core\handlers\base.py", line 198, in _get_response
    response = wrapped_callback(request, *callback_args, **callback_kwargs)
               ^^^^^^^^^^^^^^^^^^^^^^^^^^^^^^^^^^^^^^^^^^^^^^^^^^^^^^^^^^^^
  File "D:\PROJECTs\su_science\venv\Lib\site-packages\django\views\generic\base.py", line 106, in view
    return self.dispatch(request, *args, **kwargs)
           ^^^^^^^^^^^^^^^^^^^^^^^^^^^^^^^^^^^^^^^
  File "D:\PROJECTs\su_science\venv\Lib\site-packages\django\views\generic\base.py", line 145, in dispatch
    return handler(request, *args, **kwargs)
           ^^^^^^^^^^^^^^^^^^^^^^^^^^^^^^^^^
  File "D:\PROJECTs\su_science\project\main\views.py", line 18, in get
    return render(request, self.template_name, context)
           ^^^^^^^^^^^^^^^^^^^^^^^^^^^^^^^^^^^^^^^^^^^^
  File "D:\PROJECTs\su_science\venv\Lib\site-packages\django\shortcuts.py", line 25, in render
    content = loader.render_to_string(template_name, context, request, using=using)
              ^^^^^^^^^^^^^^^^^^^^^^^^^^^^^^^^^^^^^^^^^^^^^^^^^^^^^^^^^^^^^^^^^^^^^
  File "D:\PROJECTs\su_science\venv\Lib\site-packages\django\template\loader.py", line 61, in render_to_string
    template = get_template(template_name, using=using)
               ^^^^^^^^^^^^^^^^^^^^^^^^^^^^^^^^^^^^^^^^
  File "D:\PROJECTs\su_science\venv\Lib\site-packages\django\template\loader.py", line 15, in get_template
    return engine.get_template(template_name)
           ^^^^^^^^^^^^^^^^^^^^^^^^^^^^^^^^^^
  File "D:\PROJECTs\su_science\venv\Lib\site-packages\django\template\backends\django.py", line 79, in get_template
    return Template(self.engine.get_template(template_name), self)
                    ^^^^^^^^^^^^^^^^^^^^^^^^^^^^^^^^^^^^^^^
  File "D:\PROJECTs\su_science\venv\Lib\site-packages\django\template\engine.py", line 186, in get_template
    template, origin = self.find_template(template_name)
                       ^^^^^^^^^^^^^^^^^^^^^^^^^^^^^^^^^
  File "D:\PROJECTs\su_science\venv\Lib\site-packages\django\template\engine.py", line 159, in find_template
    template = loader.get_template(name, skip=skip)
               ^^^^^^^^^^^^^^^^^^^^^^^^^^^^^^^^^^^^
  File "D:\PROJECTs\su_science\venv\Lib\site-packages\django\template\loaders\cached.py", line 57, in get_template
    template = super().get_template(template_name, skip)
               ^^^^^^^^^^^^^^^^^^^^^^^^^^^^^^^^^^^^^^^^^
  File "D:\PROJECTs\su_science\venv\Lib\site-packages\django\template\loaders\base.py", line 28, in get_template
    return Template(
           ^^^^^^^^^
  File "D:\PROJECTs\su_science\venv\Lib\site-packages\django\template\base.py", line 157, in __init__
    self.nodelist = self.compile_nodelist()
                    ^^^^^^^^^^^^^^^^^^^^^^^
  File "D:\PROJECTs\su_science\venv\Lib\site-packages\django\template\base.py", line 199, in compile_nodelist
    nodelist = parser.parse()
               ^^^^^^^^^^^^^^
  File "D:\PROJECTs\su_science\venv\Lib\site-packages\django\template\base.py", line 585, in parse
    raise self.error(token, e)
  File "D:\PROJECTs\su_science\venv\Lib\site-packages\django\template\base.py", line 583, in parse
    compiled_result = compile_func(self, token)
                      ^^^^^^^^^^^^^^^^^^^^^^^^^
  File "D:\PROJECTs\su_science\venv\Lib\site-packages\django\template\loader_tags.py", line 307, in do_extends
    nodelist = parser.parse()
               ^^^^^^^^^^^^^^
  File "D:\PROJECTs\su_science\venv\Lib\site-packages\django\template\base.py", line 585, in parse
    raise self.error(token, e)
  File "D:\PROJECTs\su_science\venv\Lib\site-packages\django\template\base.py", line 583, in parse
    compiled_result = compile_func(self, token)
                      ^^^^^^^^^^^^^^^^^^^^^^^^^
  File "D:\PROJECTs\su_science\venv\Lib\site-packages\django\template\loader_tags.py", line 235, in do_block
    nodelist = parser.parse(("endblock",))
               ^^^^^^^^^^^^^^^^^^^^^^^^^^^
  File "D:\PROJECTs\su_science\venv\Lib\site-packages\django\template\base.py", line 585, in parse
    raise self.error(token, e)
  File "D:\PROJECTs\su_science\venv\Lib\site-packages\django\template\base.py", line 583, in parse
    compiled_result = compile_func(self, token)
                      ^^^^^^^^^^^^^^^^^^^^^^^^^
  File "D:\PROJECTs\su_science\venv\Lib\site-packages\django\template\defaulttags.py", line 994, in do_if
    nodelist = parser.parse(("elif", "else", "endif"))
               ^^^^^^^^^^^^^^^^^^^^^^^^^^^^^^^^^^^^^^^
  File "D:\PROJECTs\su_science\venv\Lib\site-packages\django\template\base.py", line 579, in parse
    self.invalid_block_tag(token, command, parse_until)
  File "D:\PROJECTs\su_science\venv\Lib\site-packages\django\template\base.py", line 634, in invalid_block_tag
    raise self.error(
django.template.exceptions.TemplateSyntaxError: Template: D:\PROJECTs\su_science\project\main\templates\main\main.html, Invalid block tag on line 378: 'endblock', expected 'elif', 'else' or 'endif'. Did you forget to register or load this tag?
2026-03-10 17:46:53,599 [ERROR] django.server: "GET / HTTP/1.1" 500 236525
2026-03-10 17:46:53,626 [WARNING] django.request: Not Found: /.well-known/appspecific/com.chrome.devtools.json
2026-03-10 17:46:53,627 [WARNING] django.server: "GET /.well-known/appspecific/com.chrome.devtools.json HTTP/1.1" 404 13603
2026-03-10 17:46:53,699 [WARNING] django.request: Not Found: /favicon.ico
2026-03-10 17:46:53,700 [WARNING] django.server: "GET /favicon.ico HTTP/1.1" 404 13492
2026-03-10 17:46:53,794 [ERROR] django.request: Internal Server Error: /
Traceback (most recent call last):
  File "D:\PROJECTs\su_science\venv\Lib\site-packages\django\template\base.py", line 577, in parse
    compile_func = self.tags[command]
                   ~~~~~~~~~^^^^^^^^^
KeyError: 'endblock'

During handling of the above exception, another exception occurred:

Traceback (most recent call last):
  File "D:\PROJECTs\su_science\venv\Lib\site-packages\django\core\handlers\exception.py", line 55, in inner
    response = get_response(request)
               ^^^^^^^^^^^^^^^^^^^^^
  File "D:\PROJECTs\su_science\venv\Lib\site-packages\django\core\handlers\base.py", line 198, in _get_response
    response = wrapped_callback(request, *callback_args, **callback_kwargs)
               ^^^^^^^^^^^^^^^^^^^^^^^^^^^^^^^^^^^^^^^^^^^^^^^^^^^^^^^^^^^^
  File "D:\PROJECTs\su_science\venv\Lib\site-packages\django\views\generic\base.py", line 106, in view
    return self.dispatch(request, *args, **kwargs)
           ^^^^^^^^^^^^^^^^^^^^^^^^^^^^^^^^^^^^^^^
  File "D:\PROJECTs\su_science\venv\Lib\site-packages\django\views\generic\base.py", line 145, in dispatch
    return handler(request, *args, **kwargs)
           ^^^^^^^^^^^^^^^^^^^^^^^^^^^^^^^^^
  File "D:\PROJECTs\su_science\project\main\views.py", line 18, in get
    return render(request, self.template_name, context)
           ^^^^^^^^^^^^^^^^^^^^^^^^^^^^^^^^^^^^^^^^^^^^
  File "D:\PROJECTs\su_science\venv\Lib\site-packages\django\shortcuts.py", line 25, in render
    content = loader.render_to_string(template_name, context, request, using=using)
              ^^^^^^^^^^^^^^^^^^^^^^^^^^^^^^^^^^^^^^^^^^^^^^^^^^^^^^^^^^^^^^^^^^^^^
  File "D:\PROJECTs\su_science\venv\Lib\site-packages\django\template\loader.py", line 61, in render_to_string
    template = get_template(template_name, using=using)
               ^^^^^^^^^^^^^^^^^^^^^^^^^^^^^^^^^^^^^^^^
  File "D:\PROJECTs\su_science\venv\Lib\site-packages\django\template\loader.py", line 15, in get_template
    return engine.get_template(template_name)
           ^^^^^^^^^^^^^^^^^^^^^^^^^^^^^^^^^^
  File "D:\PROJECTs\su_science\venv\Lib\site-packages\django\template\backends\django.py", line 79, in get_template
    return Template(self.engine.get_template(template_name), self)
                    ^^^^^^^^^^^^^^^^^^^^^^^^^^^^^^^^^^^^^^^
  File "D:\PROJECTs\su_science\venv\Lib\site-packages\django\template\engine.py", line 186, in get_template
    template, origin = self.find_template(template_name)
                       ^^^^^^^^^^^^^^^^^^^^^^^^^^^^^^^^^
  File "D:\PROJECTs\su_science\venv\Lib\site-packages\django\template\engine.py", line 159, in find_template
    template = loader.get_template(name, skip=skip)
               ^^^^^^^^^^^^^^^^^^^^^^^^^^^^^^^^^^^^
  File "D:\PROJECTs\su_science\venv\Lib\site-packages\django\template\loaders\cached.py", line 57, in get_template
    template = super().get_template(template_name, skip)
               ^^^^^^^^^^^^^^^^^^^^^^^^^^^^^^^^^^^^^^^^^
  File "D:\PROJECTs\su_science\venv\Lib\site-packages\django\template\loaders\base.py", line 28, in get_template
    return Template(
           ^^^^^^^^^
  File "D:\PROJECTs\su_science\venv\Lib\site-packages\django\template\base.py", line 157, in __init__
    self.nodelist = self.compile_nodelist()
                    ^^^^^^^^^^^^^^^^^^^^^^^
  File "D:\PROJECTs\su_science\venv\Lib\site-packages\django\template\base.py", line 199, in compile_nodelist
    nodelist = parser.parse()
               ^^^^^^^^^^^^^^
  File "D:\PROJECTs\su_science\venv\Lib\site-packages\django\template\base.py", line 585, in parse
    raise self.error(token, e)
  File "D:\PROJECTs\su_science\venv\Lib\site-packages\django\template\base.py", line 583, in parse
    compiled_result = compile_func(self, token)
                      ^^^^^^^^^^^^^^^^^^^^^^^^^
  File "D:\PROJECTs\su_science\venv\Lib\site-packages\django\template\loader_tags.py", line 307, in do_extends
    nodelist = parser.parse()
               ^^^^^^^^^^^^^^
  File "D:\PROJECTs\su_science\venv\Lib\site-packages\django\template\base.py", line 585, in parse
    raise self.error(token, e)
  File "D:\PROJECTs\su_science\venv\Lib\site-packages\django\template\base.py", line 583, in parse
    compiled_result = compile_func(self, token)
                      ^^^^^^^^^^^^^^^^^^^^^^^^^
  File "D:\PROJECTs\su_science\venv\Lib\site-packages\django\template\loader_tags.py", line 235, in do_block
    nodelist = parser.parse(("endblock",))
               ^^^^^^^^^^^^^^^^^^^^^^^^^^^
  File "D:\PROJECTs\su_science\venv\Lib\site-packages\django\template\base.py", line 585, in parse
    raise self.error(token, e)
  File "D:\PROJECTs\su_science\venv\Lib\site-packages\django\template\base.py", line 583, in parse
    compiled_result = compile_func(self, token)
                      ^^^^^^^^^^^^^^^^^^^^^^^^^
  File "D:\PROJECTs\su_science\venv\Lib\site-packages\django\template\defaulttags.py", line 994, in do_if
    nodelist = parser.parse(("elif", "else", "endif"))
               ^^^^^^^^^^^^^^^^^^^^^^^^^^^^^^^^^^^^^^^
  File "D:\PROJECTs\su_science\venv\Lib\site-packages\django\template\base.py", line 579, in parse
    self.invalid_block_tag(token, command, parse_until)
  File "D:\PROJECTs\su_science\venv\Lib\site-packages\django\template\base.py", line 634, in invalid_block_tag
    raise self.error(
django.template.exceptions.TemplateSyntaxError: Template: D:\PROJECTs\su_science\project\main\templates\main\main.html, Invalid block tag on line 378: 'endblock', expected 'elif', 'else' or 'endif'. Did you forget to register or load this tag?
2026-03-10 17:46:53,795 [ERROR] django.server: "GET / HTTP/1.1" 500 236525
2026-03-10 17:46:53,830 [WARNING] django.request: Not Found: /.well-known/appspecific/com.chrome.devtools.json
2026-03-10 17:46:53,831 [WARNING] django.server: "GET /.well-known/appspecific/com.chrome.devtools.json HTTP/1.1" 404 13603
2026-03-10 17:46:53,900 [WARNING] django.request: Not Found: /favicon.ico
2026-03-10 17:46:53,901 [WARNING] django.server: "GET /favicon.ico HTTP/1.1" 404 13492
2026-03-10 17:47:22,785 [INFO] django.server: "GET / HTTP/1.1" 200 21386
2026-03-10 17:47:22,810 [WARNING] django.request: Not Found: /.well-known/appspecific/com.chrome.devtools.json
2026-03-10 17:47:22,810 [WARNING] django.server: "GET /.well-known/appspecific/com.chrome.devtools.json HTTP/1.1" 404 13603
2026-03-10 17:47:22,852 [INFO] django.server: "GET /static/main/css/style.css HTTP/1.1" 200 16417
2026-03-10 17:47:22,859 [INFO] django.server: "GET /static/main/images/icon.png HTTP/1.1" 200 49378
2026-03-10 17:47:22,868 [INFO] django.server: "GET /static/main/scripts/app_feedback.js HTTP/1.1" 200 1259
2026-03-10 17:47:22,869 [INFO] django.server: "GET /static/main/scripts/main_filter.js HTTP/1.1" 200 9162
2026-03-10 17:47:26,335 [INFO] django.server: "GET / HTTP/1.1" 200 21386
2026-03-10 17:47:26,362 [WARNING] django.request: Not Found: /.well-known/appspecific/com.chrome.devtools.json
2026-03-10 17:47:26,362 [WARNING] django.server: "GET /.well-known/appspecific/com.chrome.devtools.json HTTP/1.1" 404 13603
2026-03-10 17:47:27,139 [INFO] django.server: "GET /employees/ HTTP/1.1" 200 51655
2026-03-10 17:47:27,170 [WARNING] django.request: Not Found: /.well-known/appspecific/com.chrome.devtools.json
2026-03-10 17:47:27,170 [WARNING] django.server: "GET /.well-known/appspecific/com.chrome.devtools.json HTTP/1.1" 404 13603
2026-03-10 17:47:27,929 [INFO] django.server: "GET / HTTP/1.1" 200 21386
2026-03-10 17:47:27,957 [WARNING] django.request: Not Found: /.well-known/appspecific/com.chrome.devtools.json
2026-03-10 17:47:27,958 [WARNING] django.server: "GET /.well-known/appspecific/com.chrome.devtools.json HTTP/1.1" 404 13603
2026-03-10 17:47:29,223 [INFO] django.server: "GET /employees/ HTTP/1.1" 200 51655
2026-03-10 17:47:29,260 [WARNING] django.request: Not Found: /.well-known/appspecific/com.chrome.devtools.json
2026-03-10 17:47:29,260 [WARNING] django.server: "GET /.well-known/appspecific/com.chrome.devtools.json HTTP/1.1" 404 13603
2026-03-10 17:47:29,954 [INFO] django.server: "GET / HTTP/1.1" 200 21386
2026-03-10 17:47:29,982 [WARNING] django.request: Not Found: /.well-known/appspecific/com.chrome.devtools.json
2026-03-10 17:47:29,983 [WARNING] django.server: "GET /.well-known/appspecific/com.chrome.devtools.json HTTP/1.1" 404 13603
2026-03-10 17:47:31,110 [INFO] django.server: "GET /?tab=researchers HTTP/1.1" 200 8864
2026-03-10 17:47:31,136 [WARNING] django.request: Not Found: /.well-known/appspecific/com.chrome.devtools.json
2026-03-10 17:47:31,136 [WARNING] django.server: "GET /.well-known/appspecific/com.chrome.devtools.json HTTP/1.1" 404 13603
2026-03-10 17:47:33,885 [INFO] django.server: "GET /?tab=researchers HTTP/1.1" 200 8864
2026-03-10 17:47:33,921 [WARNING] django.request: Not Found: /.well-known/appspecific/com.chrome.devtools.json
2026-03-10 17:47:33,921 [WARNING] django.server: "GET /.well-known/appspecific/com.chrome.devtools.json HTTP/1.1" 404 13603
2026-03-10 17:47:34,463 [INFO] django.server: "GET /?tab=researchers HTTP/1.1" 200 8864
2026-03-10 17:47:34,518 [WARNING] django.request: Not Found: /.well-known/appspecific/com.chrome.devtools.json
2026-03-10 17:47:34,518 [WARNING] django.server: "GET /.well-known/appspecific/com.chrome.devtools.json HTTP/1.1" 404 13603
2026-03-10 17:47:34,702 [INFO] django.server: "GET /?tab=researchers HTTP/1.1" 200 8864
2026-03-10 17:47:34,727 [WARNING] django.request: Not Found: /.well-known/appspecific/com.chrome.devtools.json
2026-03-10 17:47:34,728 [WARNING] django.server: "GET /.well-known/appspecific/com.chrome.devtools.json HTTP/1.1" 404 13603
2026-03-10 17:47:37,933 [INFO] django.server: "GET /?tab=researchers&researcher_last_name=&researcher_first_name=&research_q=&researcher_department=&researcher_scope=&researcher_gender= HTTP/1.1" 200 8864
2026-03-10 17:47:37,969 [WARNING] django.request: Not Found: /.well-known/appspecific/com.chrome.devtools.json
2026-03-10 17:47:37,970 [WARNING] django.server: "GET /.well-known/appspecific/com.chrome.devtools.json HTTP/1.1" 404 13603
2026-03-10 17:47:40,960 [INFO] django.server: "GET /employees/ HTTP/1.1" 200 51655
2026-03-10 17:47:40,998 [WARNING] django.request: Not Found: /.well-known/appspecific/com.chrome.devtools.json
2026-03-10 17:47:40,999 [WARNING] django.server: "GET /.well-known/appspecific/com.chrome.devtools.json HTTP/1.1" 404 13603
2026-03-10 17:47:41,708 [INFO] django.server: "GET /employees/ HTTP/1.1" 200 51655
2026-03-10 17:47:41,743 [WARNING] django.request: Not Found: /.well-known/appspecific/com.chrome.devtools.json
2026-03-10 17:47:41,744 [WARNING] django.server: "GET /.well-known/appspecific/com.chrome.devtools.json HTTP/1.1" 404 13603
2026-03-10 17:47:41,897 [INFO] django.server: "GET /employees/ HTTP/1.1" 200 51655
2026-03-10 17:47:41,932 [WARNING] django.request: Not Found: /.well-known/appspecific/com.chrome.devtools.json
2026-03-10 17:47:41,932 [WARNING] django.server: "GET /.well-known/appspecific/com.chrome.devtools.json HTTP/1.1" 404 13603
2026-03-10 17:47:42,143 [INFO] django.server: "GET /employees/ HTTP/1.1" 200 51655
2026-03-10 17:47:42,178 [WARNING] django.request: Not Found: /.well-known/appspecific/com.chrome.devtools.json
2026-03-10 17:47:42,179 [WARNING] django.server: "GET /.well-known/appspecific/com.chrome.devtools.json HTTP/1.1" 404 13603
2026-03-10 17:48:30,242 [INFO] django.server: "GET /employees/ HTTP/1.1" 200 51655
2026-03-10 17:48:30,272 [WARNING] django.request: Not Found: /.well-known/appspecific/com.chrome.devtools.json
2026-03-10 17:48:30,273 [WARNING] django.server: "GET /.well-known/appspecific/com.chrome.devtools.json HTTP/1.1" 404 13603
2026-03-10 17:48:30,280 [INFO] django.server: "GET /static/main/css/style.css HTTP/1.1" 200 19026
2026-03-10 17:48:30,282 [INFO] django.server: "GET /static/main/images/icon.png HTTP/1.1" 200 49378
2026-03-10 17:48:30,283 [INFO] django.server: "GET /static/main/images/woman-user-color-icon.svg HTTP/1.1" 200 1764
2026-03-10 17:48:30,293 [INFO] django.server: "GET /static/main/images/man-user-color-icon.svg HTTP/1.1" 200 2332
2026-03-10 17:48:30,296 [INFO] django.server: "GET /static/main/scripts/app_feedback.js HTTP/1.1" 200 1259
2026-03-10 17:48:31,748 [INFO] django.server: "GET /static/main/images/favicon.ico HTTP/1.1" 200 15406
2026-03-10 17:48:32,226 [INFO] django.server: "GET / HTTP/1.1" 200 21386
2026-03-10 17:48:32,258 [WARNING] django.request: Not Found: /.well-known/appspecific/com.chrome.devtools.json
2026-03-10 17:48:32,259 [WARNING] django.server: "GET /.well-known/appspecific/com.chrome.devtools.json HTTP/1.1" 404 13603
2026-03-10 17:48:32,764 [INFO] django.server: "GET / HTTP/1.1" 200 21386
2026-03-10 17:48:32,801 [WARNING] django.request: Not Found: /.well-known/appspecific/com.chrome.devtools.json
2026-03-10 17:48:32,801 [WARNING] django.server: "GET /.well-known/appspecific/com.chrome.devtools.json HTTP/1.1" 404 13603
2026-03-10 17:48:34,488 [INFO] django.server: "GET /?tab=researchers HTTP/1.1" 200 8864
2026-03-10 17:48:34,514 [WARNING] django.request: Not Found: /.well-known/appspecific/com.chrome.devtools.json
2026-03-10 17:48:34,514 [WARNING] django.server: "GET /.well-known/appspecific/com.chrome.devtools.json HTTP/1.1" 404 13603
2026-03-10 17:48:34,521 [INFO] django.server: "GET /static/main/css/style.css HTTP/1.1" 304 0
2026-03-10 17:48:35,423 [INFO] django.server: "GET /?tab=documents HTTP/1.1" 200 21386
2026-03-10 17:48:35,450 [WARNING] django.request: Not Found: /.well-known/appspecific/com.chrome.devtools.json
2026-03-10 17:48:35,450 [WARNING] django.server: "GET /.well-known/appspecific/com.chrome.devtools.json HTTP/1.1" 404 13603
2026-03-10 17:48:35,874 [INFO] django.server: "GET /?tab=researchers HTTP/1.1" 200 8864
2026-03-10 17:48:35,901 [WARNING] django.request: Not Found: /.well-known/appspecific/com.chrome.devtools.json
2026-03-10 17:48:35,902 [WARNING] django.server: "GET /.well-known/appspecific/com.chrome.devtools.json HTTP/1.1" 404 13603
2026-03-10 17:48:38,659 [INFO] django.server: "GET /?tab=documents HTTP/1.1" 200 21386
2026-03-10 17:48:38,688 [WARNING] django.request: Not Found: /.well-known/appspecific/com.chrome.devtools.json
2026-03-10 17:48:38,695 [INFO] django.server: "GET /static/main/css/style.css HTTP/1.1" 304 0
2026-03-10 17:48:38,695 [WARNING] django.server: "GET /.well-known/appspecific/com.chrome.devtools.json HTTP/1.1" 404 13603
2026-03-10 17:48:39,143 [INFO] django.server: "GET /?tab=researchers HTTP/1.1" 200 8864
2026-03-10 17:48:39,178 [WARNING] django.request: Not Found: /.well-known/appspecific/com.chrome.devtools.json
2026-03-10 17:48:39,179 [WARNING] django.server: "GET /.well-known/appspecific/com.chrome.devtools.json HTTP/1.1" 404 13603
2026-03-10 17:48:39,834 [INFO] django.server: "GET /?tab=documents HTTP/1.1" 200 21386
2026-03-10 17:48:39,868 [WARNING] django.request: Not Found: /.well-known/appspecific/com.chrome.devtools.json
2026-03-10 17:48:39,869 [WARNING] django.server: "GET /.well-known/appspecific/com.chrome.devtools.json HTTP/1.1" 404 13603
2026-03-10 17:48:40,293 [INFO] django.server: "GET /?tab=researchers HTTP/1.1" 200 8864
2026-03-10 17:48:40,323 [WARNING] django.request: Not Found: /.well-known/appspecific/com.chrome.devtools.json
2026-03-10 17:48:40,324 [WARNING] django.server: "GET /.well-known/appspecific/com.chrome.devtools.json HTTP/1.1" 404 13603
2026-03-10 17:48:42,070 [INFO] django.server: "GET /?tab=documents HTTP/1.1" 200 21386
2026-03-10 17:48:42,106 [WARNING] django.request: Not Found: /.well-known/appspecific/com.chrome.devtools.json
2026-03-10 17:48:42,107 [WARNING] django.server: "GET /.well-known/appspecific/com.chrome.devtools.json HTTP/1.1" 404 13603
2026-03-10 17:48:42,966 [INFO] django.server: "GET /?tab=researchers HTTP/1.1" 200 8864
2026-03-10 17:48:42,997 [WARNING] django.request: Not Found: /.well-known/appspecific/com.chrome.devtools.json
2026-03-10 17:48:42,997 [WARNING] django.server: "GET /.well-known/appspecific/com.chrome.devtools.json HTTP/1.1" 404 13603
2026-03-10 17:48:42,999 [INFO] django.server: "GET /static/main/css/style.css HTTP/1.1" 304 0
2026-03-10 17:48:45,219 [INFO] django.server: "GET /employees/ HTTP/1.1" 200 51655
2026-03-10 17:48:45,257 [WARNING] django.request: Not Found: /.well-known/appspecific/com.chrome.devtools.json
2026-03-10 17:48:45,257 [WARNING] django.server: "GET /.well-known/appspecific/com.chrome.devtools.json HTTP/1.1" 404 13603
2026-03-10 17:48:46,476 [INFO] django.server: "GET / HTTP/1.1" 200 21449
2026-03-10 17:48:46,513 [WARNING] django.request: Not Found: /.well-known/appspecific/com.chrome.devtools.json
2026-03-10 17:48:46,514 [WARNING] django.server: "GET /.well-known/appspecific/com.chrome.devtools.json HTTP/1.1" 404 13603
2026-03-10 17:48:56,583 [INFO] django.server: "GET /search/ HTTP/1.1" 200 21519
2026-03-10 17:48:56,620 [WARNING] django.request: Not Found: /.well-known/appspecific/com.chrome.devtools.json
2026-03-10 17:48:56,622 [INFO] django.server: "GET /static/main/css/style.css HTTP/1.1" 304 0
2026-03-10 17:48:56,622 [WARNING] django.server: "GET /.well-known/appspecific/com.chrome.devtools.json HTTP/1.1" 404 13603
2026-03-10 17:48:58,562 [INFO] django.server: "GET /search/ HTTP/1.1" 200 21519
2026-03-10 17:48:58,596 [WARNING] django.request: Not Found: /.well-known/appspecific/com.chrome.devtools.json
2026-03-10 17:48:58,597 [WARNING] django.server: "GET /.well-known/appspecific/com.chrome.devtools.json HTTP/1.1" 404 13603
2026-03-10 17:48:58,853 [INFO] django.server: "GET /search/ HTTP/1.1" 200 21519
2026-03-10 17:48:58,887 [WARNING] django.request: Not Found: /.well-known/appspecific/com.chrome.devtools.json
2026-03-10 17:48:58,888 [WARNING] django.server: "GET /.well-known/appspecific/com.chrome.devtools.json HTTP/1.1" 404 13603
2026-03-10 17:48:59,045 [INFO] django.server: "GET /search/ HTTP/1.1" 200 21519
2026-03-10 17:48:59,082 [WARNING] django.request: Not Found: /.well-known/appspecific/com.chrome.devtools.json
2026-03-10 17:48:59,082 [WARNING] django.server: "GET /.well-known/appspecific/com.chrome.devtools.json HTTP/1.1" 404 13603
2026-03-10 17:48:59,253 [INFO] django.server: "GET /search/ HTTP/1.1" 200 21519
2026-03-10 17:48:59,288 [WARNING] django.request: Not Found: /.well-known/appspecific/com.chrome.devtools.json
2026-03-10 17:48:59,289 [WARNING] django.server: "GET /.well-known/appspecific/com.chrome.devtools.json HTTP/1.1" 404 13603
2026-03-10 17:48:59,446 [INFO] django.server: "GET /search/ HTTP/1.1" 200 21519
2026-03-10 17:48:59,484 [WARNING] django.request: Not Found: /.well-known/appspecific/com.chrome.devtools.json
2026-03-10 17:48:59,484 [WARNING] django.server: "GET /.well-known/appspecific/com.chrome.devtools.json HTTP/1.1" 404 13603
2026-03-10 17:49:00,261 [INFO] django.server: "GET / HTTP/1.1" 200 21519
2026-03-10 17:49:00,299 [WARNING] django.request: Not Found: /.well-known/appspecific/com.chrome.devtools.json
2026-03-10 17:49:00,300 [WARNING] django.server: "GET /.well-known/appspecific/com.chrome.devtools.json HTTP/1.1" 404 13603
2026-03-10 17:49:00,777 [INFO] django.server: "GET / HTTP/1.1" 200 21519
2026-03-10 17:49:00,817 [WARNING] django.request: Not Found: /.well-known/appspecific/com.chrome.devtools.json
2026-03-10 17:49:00,819 [WARNING] django.server: "GET /.well-known/appspecific/com.chrome.devtools.json HTTP/1.1" 404 13603
2026-03-10 17:49:00,956 [INFO] django.server: "GET / HTTP/1.1" 200 21519
2026-03-10 17:49:01,006 [WARNING] django.request: Not Found: /.well-known/appspecific/com.chrome.devtools.json
2026-03-10 17:49:01,007 [WARNING] django.server: "GET /.well-known/appspecific/com.chrome.devtools.json HTTP/1.1" 404 13603
2026-03-10 17:49:18,618 [INFO] django.server: "GET /admin/document/document/12/change/ HTTP/1.1" 200 23068
2026-03-10 17:49:18,647 [INFO] django.server: "GET /static/admin/css/base.css HTTP/1.1" 200 23100
2026-03-10 17:49:18,653 [INFO] django.server: "GET /static/admin/css/dark_mode.css HTTP/1.1" 200 3538
2026-03-10 17:49:18,657 [INFO] django.server: "GET /static/admin/js/theme.js HTTP/1.1" 200 1653
2026-03-10 17:49:18,658 [INFO] django.server: "GET /static/admin/css/nav_sidebar.css HTTP/1.1" 200 2810
2026-03-10 17:49:18,658 [INFO] django.server: "GET /static/admin/css/responsive.css HTTP/1.1" 200 16273
2026-03-10 17:49:18,659 [INFO] django.server: "GET /static/admin/css/forms.css HTTP/1.1" 200 8831
2026-03-10 17:49:18,662 [INFO] django.server: "GET /static/admin/js/jquery.init.js HTTP/1.1" 200 347
2026-03-10 17:49:18,663 [INFO] django.server: "GET /static/admin/js/actions.js HTTP/1.1" 200 8076
2026-03-10 17:49:18,663 [INFO] django.server: "GET /static/admin/js/admin/RelatedObjectLookups.js HTTP/1.1" 200 9777
2026-03-10 17:49:18,663 [INFO] django.server: "GET /static/admin/js/core.js HTTP/1.1" 200 6208
2026-03-10 17:49:18,666 [INFO] django.server: "GET /admin/jsi18n/ HTTP/1.1" 200 3342
2026-03-10 17:49:18,667 [INFO] django.server: "GET /static/admin/js/urlify.js HTTP/1.1" 200 7887
2026-03-10 17:49:18,667 [INFO] django.server: "GET /static/admin/js/prepopulate.js HTTP/1.1" 200 1531
2026-03-10 17:49:18,669 [INFO] django.server: "GET /static/admin/js/vendor/jquery/jquery.js HTTP/1.1" 200 285314
2026-03-10 17:49:18,669 [INFO] django.server: "GET /static/admin/css/widgets.css HTTP/1.1" 200 11811
2026-03-10 17:49:18,678 [INFO] django.server: "GET /static/admin/js/vendor/xregexp/xregexp.js HTTP/1.1" 200 325171
2026-03-10 17:49:18,681 [INFO] django.server: "GET /static/admin/js/prepopulate_init.js HTTP/1.1" 200 586
2026-03-10 17:49:18,687 [INFO] django.server: "GET /static/admin/img/icon-changelink.svg HTTP/1.1" 200 978
2026-03-10 17:49:18,687 [INFO] django.server: "GET /static/admin/js/nav_sidebar.js HTTP/1.1" 200 3063
2026-03-10 17:49:18,690 [INFO] django.server: "GET /static/admin/img/icon-addlink.svg HTTP/1.1" 200 593
2026-03-10 17:49:18,692 [INFO] django.server: "GET /static/admin/img/icon-viewlink.svg HTTP/1.1" 200 928
2026-03-10 17:49:18,692 [INFO] django.server: "GET /static/admin/img/icon-deletelink.svg HTTP/1.1" 200 689
2026-03-10 17:49:18,692 [INFO] django.server: "GET /static/admin/js/change_form.js HTTP/1.1" 200 606
2026-03-10 17:49:18,713 [WARNING] django.request: Not Found: /favicon.ico
2026-03-10 17:49:18,713 [WARNING] django.server: "GET /favicon.ico HTTP/1.1" 404 13492
2026-03-10 17:49:44,293 [INFO] django.server: "GET / HTTP/1.1" 200 21586
2026-03-10 17:49:44,322 [WARNING] django.request: Not Found: /.well-known/appspecific/com.chrome.devtools.json
2026-03-10 17:49:44,322 [WARNING] django.server: "GET /.well-known/appspecific/com.chrome.devtools.json HTTP/1.1" 404 13603
2026-03-10 17:49:44,335 [INFO] django.server: "GET /static/main/css/style.css HTTP/1.1" 200 19026
2026-03-10 17:49:44,336 [INFO] django.server: "GET /static/main/images/icon.png HTTP/1.1" 200 49378
2026-03-10 17:49:44,345 [INFO] django.server: "GET /static/main/scripts/app_feedback.js HTTP/1.1" 200 1259
2026-03-10 17:49:44,345 [INFO] django.server: "GET /static/main/scripts/main_filter.js HTTP/1.1" 200 9162
2026-03-10 17:49:45,269 [INFO] django.server: "GET /static/main/images/favicon.ico HTTP/1.1" 200 15406
2026-03-10 17:49:46,078 [INFO] django.server: "GET /?tab=researchers HTTP/1.1" 200 8864
2026-03-10 17:49:46,104 [WARNING] django.request: Not Found: /.well-known/appspecific/com.chrome.devtools.json
2026-03-10 17:49:46,105 [WARNING] django.server: "GET /.well-known/appspecific/com.chrome.devtools.json HTTP/1.1" 404 13603
2026-03-10 17:49:46,544 [INFO] django.server: "GET /?tab=documents HTTP/1.1" 200 21586
2026-03-10 17:49:46,573 [WARNING] django.request: Not Found: /.well-known/appspecific/com.chrome.devtools.json
2026-03-10 17:49:46,573 [WARNING] django.server: "GET /.well-known/appspecific/com.chrome.devtools.json HTTP/1.1" 404 13603
2026-03-10 17:51:02,723 [INFO] django.server: "GET /?tab=documents HTTP/1.1" 200 21586
2026-03-10 17:51:02,749 [WARNING] django.request: Not Found: /.well-known/appspecific/com.chrome.devtools.json
2026-03-10 17:51:02,750 [WARNING] django.server: "GET /.well-known/appspecific/com.chrome.devtools.json HTTP/1.1" 404 13603
2026-03-10 17:51:02,766 [INFO] django.server: "GET /static/main/css/style.css HTTP/1.1" 200 19026
2026-03-10 17:51:02,770 [INFO] django.server: "GET /static/main/images/icon.png HTTP/1.1" 200 49378
2026-03-10 17:51:02,775 [INFO] django.server: "GET /static/main/scripts/main_filter.js HTTP/1.1" 200 9162
2026-03-10 17:51:02,775 [INFO] django.server: "GET /static/main/scripts/app_feedback.js HTTP/1.1" 200 1259
2026-03-10 17:51:03,553 [INFO] django.server: "GET /static/main/images/favicon.ico HTTP/1.1" 200 15406
2026-03-10 17:51:04,189 [INFO] django.server: "GET /?tab=researchers HTTP/1.1" 200 8864
2026-03-10 17:51:04,218 [WARNING] django.request: Not Found: /.well-known/appspecific/com.chrome.devtools.json
2026-03-10 17:51:04,218 [WARNING] django.server: "GET /.well-known/appspecific/com.chrome.devtools.json HTTP/1.1" 404 13603
2026-03-10 17:51:05,090 [INFO] django.server: "GET /?tab=documents HTTP/1.1" 200 21586
2026-03-10 17:51:05,119 [WARNING] django.request: Not Found: /.well-known/appspecific/com.chrome.devtools.json
2026-03-10 17:51:05,119 [WARNING] django.server: "GET /.well-known/appspecific/com.chrome.devtools.json HTTP/1.1" 404 13603
2026-03-10 17:51:09,932 [INFO] django.server: "GET /?tab=researchers HTTP/1.1" 200 8864
2026-03-10 17:51:09,958 [WARNING] django.request: Not Found: /.well-known/appspecific/com.chrome.devtools.json
2026-03-10 17:51:09,959 [WARNING] django.server: "GET /.well-known/appspecific/com.chrome.devtools.json HTTP/1.1" 404 13603
2026-03-10 17:51:10,686 [INFO] django.server: "GET /?tab=documents HTTP/1.1" 200 21586
2026-03-10 17:51:10,715 [WARNING] django.request: Not Found: /.well-known/appspecific/com.chrome.devtools.json
2026-03-10 17:51:10,716 [WARNING] django.server: "GET /.well-known/appspecific/com.chrome.devtools.json HTTP/1.1" 404 13603
2026-03-10 17:51:11,167 [INFO] django.server: "GET /?tab=researchers HTTP/1.1" 200 8864
2026-03-10 17:51:11,194 [WARNING] django.request: Not Found: /.well-known/appspecific/com.chrome.devtools.json
2026-03-10 17:51:11,194 [WARNING] django.server: "GET /.well-known/appspecific/com.chrome.devtools.json HTTP/1.1" 404 13603
2026-03-10 17:51:49,156 [INFO] django.server: "GET /?tab=researchers HTTP/1.1" 200 8864
2026-03-10 17:51:49,184 [WARNING] django.request: Not Found: /.well-known/appspecific/com.chrome.devtools.json
2026-03-10 17:51:49,185 [WARNING] django.server: "GET /.well-known/appspecific/com.chrome.devtools.json HTTP/1.1" 404 13603
2026-03-10 17:51:49,196 [INFO] django.server: "GET /static/main/css/style.css HTTP/1.1" 200 19026
2026-03-10 17:51:49,196 [INFO] django.server: "GET /static/main/images/icon.png HTTP/1.1" 200 49378
2026-03-10 17:51:49,206 [INFO] django.server: "GET /static/main/scripts/main_filter.js HTTP/1.1" 200 9162
2026-03-10 17:51:49,206 [INFO] django.server: "GET /static/main/scripts/app_feedback.js HTTP/1.1" 200 1259
2026-03-10 17:51:49,771 [INFO] django.server: "GET /static/main/images/favicon.ico HTTP/1.1" 200 15406
2026-03-10 17:51:50,406 [INFO] django.server: "GET /?tab=documents HTTP/1.1" 200 21586
2026-03-10 17:51:50,433 [WARNING] django.request: Not Found: /.well-known/appspecific/com.chrome.devtools.json
2026-03-10 17:51:50,433 [WARNING] django.server: "GET /.well-known/appspecific/com.chrome.devtools.json HTTP/1.1" 404 13603
2026-03-10 17:51:51,047 [INFO] django.server: "GET /?tab=researchers HTTP/1.1" 200 8864
2026-03-10 17:51:51,075 [WARNING] django.request: Not Found: /.well-known/appspecific/com.chrome.devtools.json
2026-03-10 17:51:51,076 [WARNING] django.server: "GET /.well-known/appspecific/com.chrome.devtools.json HTTP/1.1" 404 13603
2026-03-10 17:51:51,535 [INFO] django.server: "GET /?tab=researchers HTTP/1.1" 200 8864
2026-03-10 17:51:51,561 [WARNING] django.request: Not Found: /.well-known/appspecific/com.chrome.devtools.json
2026-03-10 17:51:51,561 [WARNING] django.server: "GET /.well-known/appspecific/com.chrome.devtools.json HTTP/1.1" 404 13603
2026-03-10 17:51:52,605 [INFO] django.server: "GET /?tab=documents HTTP/1.1" 200 21586
2026-03-10 17:51:52,634 [WARNING] django.request: Not Found: /.well-known/appspecific/com.chrome.devtools.json
2026-03-10 17:51:52,635 [WARNING] django.server: "GET /.well-known/appspecific/com.chrome.devtools.json HTTP/1.1" 404 13603
2026-03-10 17:51:52,980 [INFO] django.server: "GET /?tab=documents HTTP/1.1" 200 21586
2026-03-10 17:51:53,013 [WARNING] django.request: Not Found: /.well-known/appspecific/com.chrome.devtools.json
2026-03-10 17:51:53,013 [WARNING] django.server: "GET /.well-known/appspecific/com.chrome.devtools.json HTTP/1.1" 404 13603
2026-03-10 17:51:53,493 [INFO] django.server: "GET /?tab=documents HTTP/1.1" 200 21586
2026-03-10 17:51:53,525 [WARNING] django.request: Not Found: /.well-known/appspecific/com.chrome.devtools.json
2026-03-10 17:51:53,525 [WARNING] django.server: "GET /.well-known/appspecific/com.chrome.devtools.json HTTP/1.1" 404 13603
2026-03-10 17:51:53,694 [INFO] django.server: "GET /?tab=documents HTTP/1.1" 200 21586
2026-03-10 17:51:53,724 [WARNING] django.request: Not Found: /.well-known/appspecific/com.chrome.devtools.json
2026-03-10 17:51:53,725 [WARNING] django.server: "GET /.well-known/appspecific/com.chrome.devtools.json HTTP/1.1" 404 13603
2026-03-10 17:51:54,056 [INFO] django.server: "GET /?tab=researchers HTTP/1.1" 200 8864
2026-03-10 17:51:54,080 [WARNING] django.request: Not Found: /.well-known/appspecific/com.chrome.devtools.json
2026-03-10 17:51:54,080 [WARNING] django.server: "GET /.well-known/appspecific/com.chrome.devtools.json HTTP/1.1" 404 13603
2026-03-10 17:51:54,309 [INFO] django.server: "GET /?tab=researchers HTTP/1.1" 200 8864
2026-03-10 17:51:54,335 [WARNING] django.request: Not Found: /.well-known/appspecific/com.chrome.devtools.json
2026-03-10 17:51:54,336 [WARNING] django.server: "GET /.well-known/appspecific/com.chrome.devtools.json HTTP/1.1" 404 13603
2026-03-10 17:51:54,530 [INFO] django.server: "GET /?tab=researchers HTTP/1.1" 200 8864
2026-03-10 17:51:54,559 [WARNING] django.request: Not Found: /.well-known/appspecific/com.chrome.devtools.json
2026-03-10 17:51:54,560 [WARNING] django.server: "GET /.well-known/appspecific/com.chrome.devtools.json HTTP/1.1" 404 13603
2026-03-10 17:51:55,499 [INFO] django.server: "GET /employees/ HTTP/1.1" 200 51655
2026-03-10 17:51:55,532 [WARNING] django.request: Not Found: /.well-known/appspecific/com.chrome.devtools.json
2026-03-10 17:51:55,532 [WARNING] django.server: "GET /.well-known/appspecific/com.chrome.devtools.json HTTP/1.1" 404 13603
2026-03-10 17:51:56,235 [INFO] django.server: "GET /employees/ HTTP/1.1" 200 51655
2026-03-10 17:51:56,270 [WARNING] django.request: Not Found: /.well-known/appspecific/com.chrome.devtools.json
2026-03-10 17:51:56,270 [WARNING] django.server: "GET /.well-known/appspecific/com.chrome.devtools.json HTTP/1.1" 404 13603
2026-03-10 17:51:56,686 [INFO] django.server: "GET / HTTP/1.1" 200 21586
2026-03-10 17:51:56,719 [WARNING] django.request: Not Found: /.well-known/appspecific/com.chrome.devtools.json
2026-03-10 17:51:56,720 [WARNING] django.server: "GET /.well-known/appspecific/com.chrome.devtools.json HTTP/1.1" 404 13603
2026-03-10 17:51:57,196 [INFO] django.server: "GET / HTTP/1.1" 200 21586
2026-03-10 17:51:57,231 [WARNING] django.request: Not Found: /.well-known/appspecific/com.chrome.devtools.json
2026-03-10 17:51:57,231 [WARNING] django.server: "GET /.well-known/appspecific/com.chrome.devtools.json HTTP/1.1" 404 13603
2026-03-10 17:51:57,408 [INFO] django.server: "GET / HTTP/1.1" 200 21586
2026-03-10 17:51:57,441 [WARNING] django.request: Not Found: /.well-known/appspecific/com.chrome.devtools.json
2026-03-10 17:51:57,441 [WARNING] django.server: "GET /.well-known/appspecific/com.chrome.devtools.json HTTP/1.1" 404 13603
2026-03-10 17:51:57,617 [INFO] django.server: "GET / HTTP/1.1" 200 21586
2026-03-10 17:51:57,650 [WARNING] django.request: Not Found: /.well-known/appspecific/com.chrome.devtools.json
2026-03-10 17:51:57,650 [WARNING] django.server: "GET /.well-known/appspecific/com.chrome.devtools.json HTTP/1.1" 404 13603
2026-03-10 17:51:57,800 [INFO] django.server: "GET / HTTP/1.1" 200 21586
2026-03-10 17:51:57,834 [WARNING] django.request: Not Found: /.well-known/appspecific/com.chrome.devtools.json
2026-03-10 17:51:57,835 [WARNING] django.server: "GET /.well-known/appspecific/com.chrome.devtools.json HTTP/1.1" 404 13603
2026-03-10 17:51:58,810 [INFO] django.server: "GET / HTTP/1.1" 200 21586
2026-03-10 17:51:58,847 [WARNING] django.request: Not Found: /.well-known/appspecific/com.chrome.devtools.json
2026-03-10 17:51:58,847 [WARNING] django.server: "GET /.well-known/appspecific/com.chrome.devtools.json HTTP/1.1" 404 13603
2026-03-10 17:51:59,428 [INFO] django.server: "GET /?tab=researchers HTTP/1.1" 200 8864
2026-03-10 17:51:59,461 [WARNING] django.request: Not Found: /.well-known/appspecific/com.chrome.devtools.json
2026-03-10 17:51:59,462 [WARNING] django.server: "GET /.well-known/appspecific/com.chrome.devtools.json HTTP/1.1" 404 13603
2026-03-10 17:51:59,672 [INFO] django.server: "GET /?tab=researchers HTTP/1.1" 200 8864
2026-03-10 17:51:59,706 [WARNING] django.request: Not Found: /.well-known/appspecific/com.chrome.devtools.json
2026-03-10 17:51:59,706 [WARNING] django.server: "GET /.well-known/appspecific/com.chrome.devtools.json HTTP/1.1" 404 13603
2026-03-10 17:51:59,965 [INFO] django.server: "GET /?tab=documents HTTP/1.1" 200 21586
2026-03-10 17:52:00,003 [WARNING] django.request: Not Found: /.well-known/appspecific/com.chrome.devtools.json
2026-03-10 17:52:00,003 [WARNING] django.server: "GET /.well-known/appspecific/com.chrome.devtools.json HTTP/1.1" 404 13603
2026-03-10 17:52:00,551 [INFO] django.server: "GET /?tab=researchers HTTP/1.1" 200 8864
2026-03-10 17:52:00,585 [WARNING] django.request: Not Found: /.well-known/appspecific/com.chrome.devtools.json
2026-03-10 17:52:00,585 [WARNING] django.server: "GET /.well-known/appspecific/com.chrome.devtools.json HTTP/1.1" 404 13603
2026-03-10 17:52:01,632 [INFO] django.server: "GET /?tab=documents HTTP/1.1" 200 21586
2026-03-10 17:52:01,672 [WARNING] django.request: Not Found: /.well-known/appspecific/com.chrome.devtools.json
2026-03-10 17:52:01,672 [WARNING] django.server: "GET /.well-known/appspecific/com.chrome.devtools.json HTTP/1.1" 404 13603
2026-03-10 17:54:22,263 [INFO] django.server: "GET /?tab=documents HTTP/1.1" 200 21586
2026-03-10 17:54:22,293 [WARNING] django.request: Not Found: /.well-known/appspecific/com.chrome.devtools.json
2026-03-10 17:54:22,294 [WARNING] django.server: "GET /.well-known/appspecific/com.chrome.devtools.json HTTP/1.1" 404 13603
2026-03-10 17:54:22,307 [INFO] django.server: "GET /static/main/css/style.css HTTP/1.1" 200 19026
2026-03-10 17:54:22,307 [INFO] django.server: "GET /static/main/images/icon.png HTTP/1.1" 200 49378
2026-03-10 17:54:22,314 [INFO] django.server: "GET /static/main/scripts/app_feedback.js HTTP/1.1" 200 1259
2026-03-10 17:54:22,315 [INFO] django.server: "GET /static/main/scripts/main_filter.js HTTP/1.1" 200 9162
2026-03-10 17:54:22,547 [INFO] django.server: "GET /?tab=documents HTTP/1.1" 200 21586
2026-03-10 17:54:22,575 [WARNING] django.request: Not Found: /.well-known/appspecific/com.chrome.devtools.json
2026-03-10 17:54:22,575 [WARNING] django.server: "GET /.well-known/appspecific/com.chrome.devtools.json HTTP/1.1" 404 13603
2026-03-10 17:54:22,579 [INFO] django.server: "GET /static/main/css/style.css HTTP/1.1" 200 19026
2026-03-10 17:54:22,582 [INFO] django.server: "GET /static/main/images/icon.png HTTP/1.1" 200 49378
2026-03-10 17:54:22,592 [INFO] django.server: "GET /static/main/scripts/app_feedback.js HTTP/1.1" 200 1259
2026-03-10 17:54:22,592 [INFO] django.server: "GET /static/main/scripts/main_filter.js HTTP/1.1" 200 9162
2026-03-10 17:54:26,572 [INFO] django.server: "GET /static/main/images/favicon.ico HTTP/1.1" 200 15406
2026-03-10 17:54:55,651 [INFO] django.server: "GET /?tab=documents HTTP/1.1" 200 21586
2026-03-10 17:54:55,680 [WARNING] django.request: Not Found: /.well-known/appspecific/com.chrome.devtools.json
2026-03-10 17:54:55,681 [WARNING] django.server: "GET /.well-known/appspecific/com.chrome.devtools.json HTTP/1.1" 404 13603
2026-03-10 17:54:55,692 [INFO] django.server: "GET /static/main/css/style.css HTTP/1.1" 200 19026
2026-03-10 17:54:55,693 [INFO] django.server: "GET /static/main/images/icon.png HTTP/1.1" 200 49378
2026-03-10 17:54:55,700 [INFO] django.server: "GET /static/main/scripts/app_feedback.js HTTP/1.1" 200 1259
2026-03-10 17:54:55,700 [INFO] django.server: "GET /static/main/scripts/main_filter.js HTTP/1.1" 200 9162
2026-03-10 17:54:56,711 [INFO] django.server: "GET /static/main/images/favicon.ico HTTP/1.1" 200 15406
2026-03-10 17:55:01,688 [INFO] django.server: "GET /?tab=documents HTTP/1.1" 200 21586
2026-03-10 17:55:01,718 [WARNING] django.request: Not Found: /.well-known/appspecific/com.chrome.devtools.json
2026-03-10 17:55:01,718 [WARNING] django.server: "GET /.well-known/appspecific/com.chrome.devtools.json HTTP/1.1" 404 13603
2026-03-10 17:55:01,735 [INFO] django.server: "GET /static/main/css/style.css HTTP/1.1" 200 19026
2026-03-10 17:55:01,735 [INFO] django.server: "GET /static/main/images/icon.png HTTP/1.1" 200 49378
2026-03-10 17:55:01,738 [INFO] django.server: "GET /static/main/scripts/app_feedback.js HTTP/1.1" 200 1259
2026-03-10 17:55:01,738 [INFO] django.server: "GET /static/main/scripts/main_filter.js HTTP/1.1" 200 9162
2026-03-10 17:55:02,315 [INFO] django.server: "GET /static/main/images/favicon.ico HTTP/1.1" 200 15406
2026-03-10 17:55:02,863 [INFO] django.server: "GET /?tab=researchers HTTP/1.1" 200 8864
2026-03-10 17:55:02,889 [WARNING] django.request: Not Found: /.well-known/appspecific/com.chrome.devtools.json
2026-03-10 17:55:02,889 [WARNING] django.server: "GET /.well-known/appspecific/com.chrome.devtools.json HTTP/1.1" 404 13603
2026-03-10 17:55:03,357 [INFO] django.server: "GET /?tab=documents HTTP/1.1" 200 21586
2026-03-10 17:55:03,402 [WARNING] django.request: Not Found: /.well-known/appspecific/com.chrome.devtools.json
2026-03-10 17:55:03,403 [WARNING] django.server: "GET /.well-known/appspecific/com.chrome.devtools.json HTTP/1.1" 404 13603
2026-03-10 17:55:03,776 [INFO] django.server: "GET /?tab=researchers HTTP/1.1" 200 8864
2026-03-10 17:55:03,804 [WARNING] django.request: Not Found: /.well-known/appspecific/com.chrome.devtools.json
2026-03-10 17:55:03,804 [WARNING] django.server: "GET /.well-known/appspecific/com.chrome.devtools.json HTTP/1.1" 404 13603
2026-03-10 17:55:04,126 [INFO] django.server: "GET /?tab=documents HTTP/1.1" 200 21586
2026-03-10 17:55:04,163 [WARNING] django.request: Not Found: /.well-known/appspecific/com.chrome.devtools.json
2026-03-10 17:55:04,164 [WARNING] django.server: "GET /.well-known/appspecific/com.chrome.devtools.json HTTP/1.1" 404 13603
2026-03-10 17:56:25,663 [INFO] django.server: "GET /?tab=documents HTTP/1.1" 200 21586
2026-03-10 17:56:25,694 [WARNING] django.request: Not Found: /.well-known/appspecific/com.chrome.devtools.json
2026-03-10 17:56:25,694 [WARNING] django.server: "GET /.well-known/appspecific/com.chrome.devtools.json HTTP/1.1" 404 13603
2026-03-10 17:56:25,709 [INFO] django.server: "GET /static/main/css/style.css HTTP/1.1" 200 19026
2026-03-10 17:56:25,710 [INFO] django.server: "GET /static/main/images/icon.png HTTP/1.1" 200 49378
2026-03-10 17:56:25,715 [INFO] django.server: "GET /static/main/scripts/app_feedback.js HTTP/1.1" 200 1259
2026-03-10 17:56:25,715 [INFO] django.server: "GET /static/main/scripts/main_filter.js HTTP/1.1" 200 9162
2026-03-10 17:56:26,333 [INFO] django.server: "GET /static/main/images/favicon.ico HTTP/1.1" 200 15406
2026-03-10 17:59:46,271 [INFO] django.server: "GET /?tab=researchers HTTP/1.1" 200 8864
2026-03-10 17:59:46,298 [WARNING] django.request: Not Found: /.well-known/appspecific/com.chrome.devtools.json
2026-03-10 17:59:46,299 [WARNING] django.server: "GET /.well-known/appspecific/com.chrome.devtools.json HTTP/1.1" 404 13603
2026-03-10 17:59:46,304 [INFO] django.server: "GET /static/main/css/style.css HTTP/1.1" 304 0
2026-03-10 17:59:47,452 [INFO] django.server: "GET / HTTP/1.1" 200 21586
2026-03-10 17:59:47,489 [WARNING] django.request: Not Found: /.well-known/appspecific/com.chrome.devtools.json
2026-03-10 17:59:47,490 [WARNING] django.server: "GET /.well-known/appspecific/com.chrome.devtools.json HTTP/1.1" 404 13603
2026-03-10 17:59:48,005 [INFO] django.server: "GET /documents HTTP/1.1" 200 31564
2026-03-10 17:59:48,039 [WARNING] django.request: Not Found: /.well-known/appspecific/com.chrome.devtools.json
2026-03-10 17:59:48,039 [WARNING] django.server: "GET /.well-known/appspecific/com.chrome.devtools.json HTTP/1.1" 404 13603
2026-03-10 17:59:49,004 [INFO] django.server: "GET / HTTP/1.1" 200 21586
2026-03-10 17:59:49,032 [WARNING] django.request: Not Found: /.well-known/appspecific/com.chrome.devtools.json
2026-03-10 17:59:49,032 [WARNING] django.server: "GET /.well-known/appspecific/com.chrome.devtools.json HTTP/1.1" 404 13603
2026-03-10 17:59:49,498 [INFO] django.server: "GET /employees/ HTTP/1.1" 200 51655
2026-03-10 17:59:49,525 [WARNING] django.request: Not Found: /.well-known/appspecific/com.chrome.devtools.json
2026-03-10 17:59:49,526 [WARNING] django.server: "GET /.well-known/appspecific/com.chrome.devtools.json HTTP/1.1" 404 13603
2026-03-10 17:59:49,984 [INFO] django.server: "GET /documents HTTP/1.1" 200 31564
2026-03-10 17:59:50,012 [WARNING] django.request: Not Found: /.well-known/appspecific/com.chrome.devtools.json
2026-03-10 17:59:50,012 [WARNING] django.server: "GET /.well-known/appspecific/com.chrome.devtools.json HTTP/1.1" 404 13603
2026-03-10 17:59:50,372 [INFO] django.server: "GET / HTTP/1.1" 200 21586
2026-03-10 17:59:50,400 [WARNING] django.request: Not Found: /.well-known/appspecific/com.chrome.devtools.json
2026-03-10 17:59:50,400 [WARNING] django.server: "GET /.well-known/appspecific/com.chrome.devtools.json HTTP/1.1" 404 13603
2026-03-10 17:59:51,092 [INFO] django.server: "GET /documents HTTP/1.1" 200 31564
2026-03-10 17:59:51,121 [WARNING] django.request: Not Found: /.well-known/appspecific/com.chrome.devtools.json
2026-03-10 17:59:51,122 [WARNING] django.server: "GET /.well-known/appspecific/com.chrome.devtools.json HTTP/1.1" 404 13603
2026-03-10 18:00:45,592 [INFO] django.server: "GET /documents HTTP/1.1" 200 31564
2026-03-10 18:00:45,618 [WARNING] django.request: Not Found: /.well-known/appspecific/com.chrome.devtools.json
2026-03-10 18:00:45,618 [WARNING] django.server: "GET /.well-known/appspecific/com.chrome.devtools.json HTTP/1.1" 404 13603
2026-03-10 18:00:45,633 [INFO] django.server: "GET /static/main/css/style.css HTTP/1.1" 200 19026
2026-03-10 18:00:45,634 [INFO] django.server: "GET /static/document/css/style.css HTTP/1.1" 200 3529
2026-03-10 18:00:45,635 [INFO] django.server: "GET /static/main/images/icon.png HTTP/1.1" 200 49378
2026-03-10 18:00:45,642 [INFO] django.server: "GET /static/main/scripts/app_feedback.js HTTP/1.1" 200 1259
2026-03-10 18:00:46,621 [INFO] django.server: "GET /static/main/images/favicon.ico HTTP/1.1" 200 15406
2026-03-10 18:00:49,309 [INFO] django.server: "GET /documents HTTP/1.1" 200 31564
2026-03-10 18:00:49,338 [WARNING] django.request: Not Found: /.well-known/appspecific/com.chrome.devtools.json
2026-03-10 18:00:49,338 [WARNING] django.server: "GET /.well-known/appspecific/com.chrome.devtools.json HTTP/1.1" 404 13603
2026-03-10 18:00:49,347 [INFO] django.server: "GET /static/document/css/style.css HTTP/1.1" 200 3529
2026-03-10 18:00:49,347 [INFO] django.server: "GET /static/main/css/style.css HTTP/1.1" 200 19026
2026-03-10 18:00:49,355 [INFO] django.server: "GET /static/main/images/icon.png HTTP/1.1" 200 49378
2026-03-10 18:00:49,358 [INFO] django.server: "GET /static/main/scripts/app_feedback.js HTTP/1.1" 200 1259
2026-03-10 18:00:49,735 [INFO] django.server: "GET /static/main/images/favicon.ico HTTP/1.1" 200 15406
2026-03-10 18:01:40,616 [INFO] django.server: "GET / HTTP/1.1" 200 21586
2026-03-10 18:01:40,646 [WARNING] django.request: Not Found: /.well-known/appspecific/com.chrome.devtools.json
2026-03-10 18:01:40,647 [WARNING] django.server: "GET /.well-known/appspecific/com.chrome.devtools.json HTTP/1.1" 404 13603
2026-03-10 18:01:41,903 [INFO] django.server: "GET /?tab=researchers HTTP/1.1" 200 8864
2026-03-10 18:01:41,930 [WARNING] django.request: Not Found: /.well-known/appspecific/com.chrome.devtools.json
2026-03-10 18:01:41,930 [WARNING] django.server: "GET /.well-known/appspecific/com.chrome.devtools.json HTTP/1.1" 404 13603
2026-03-10 18:01:42,355 [INFO] django.server: "GET /?tab=documents HTTP/1.1" 200 21586
2026-03-10 18:01:42,387 [WARNING] django.request: Not Found: /.well-known/appspecific/com.chrome.devtools.json
2026-03-10 18:01:42,388 [WARNING] django.server: "GET /.well-known/appspecific/com.chrome.devtools.json HTTP/1.1" 404 13603
2026-03-10 18:01:44,204 [INFO] django.server: "GET /?tab=documents HTTP/1.1" 200 21586
2026-03-10 18:01:44,234 [WARNING] django.request: Not Found: /.well-known/appspecific/com.chrome.devtools.json
2026-03-10 18:01:44,235 [WARNING] django.server: "GET /.well-known/appspecific/com.chrome.devtools.json HTTP/1.1" 404 13603
2026-03-10 18:01:44,757 [INFO] django.server: "GET /?tab=documents HTTP/1.1" 200 21586
2026-03-10 18:01:44,788 [WARNING] django.request: Not Found: /.well-known/appspecific/com.chrome.devtools.json
2026-03-10 18:01:44,789 [WARNING] django.server: "GET /.well-known/appspecific/com.chrome.devtools.json HTTP/1.1" 404 13603
2026-03-10 18:01:45,151 [INFO] django.server: "GET /?tab=documents HTTP/1.1" 200 21586
2026-03-10 18:01:45,182 [WARNING] django.request: Not Found: /.well-known/appspecific/com.chrome.devtools.json
2026-03-10 18:01:45,183 [WARNING] django.server: "GET /.well-known/appspecific/com.chrome.devtools.json HTTP/1.1" 404 13603
2026-03-10 18:01:45,568 [INFO] django.server: "GET /?tab=documents HTTP/1.1" 200 21586
2026-03-10 18:01:45,596 [WARNING] django.request: Not Found: /.well-known/appspecific/com.chrome.devtools.json
2026-03-10 18:01:45,597 [WARNING] django.server: "GET /.well-known/appspecific/com.chrome.devtools.json HTTP/1.1" 404 13603
2026-03-10 18:01:45,620 [INFO] django.server: "GET /static/main/css/style.css HTTP/1.1" 200 19026
2026-03-10 18:01:45,620 [INFO] django.server: "GET /static/main/images/icon.png HTTP/1.1" 200 49378
2026-03-10 18:01:45,624 [INFO] django.server: "GET /static/main/scripts/app_feedback.js HTTP/1.1" 200 1259
2026-03-10 18:01:45,625 [INFO] django.server: "GET /static/main/scripts/main_filter.js HTTP/1.1" 200 9162
2026-03-10 18:01:46,191 [INFO] django.server: "GET /static/main/images/favicon.ico HTTP/1.1" 200 15406
2026-03-10 18:01:47,117 [ERROR] django.request: Internal Server Error: /
Traceback (most recent call last):
  File "D:\PROJECTs\su_science\venv\Lib\site-packages\django\core\handlers\exception.py", line 55, in inner
    response = get_response(request)
               ^^^^^^^^^^^^^^^^^^^^^
  File "D:\PROJECTs\su_science\venv\Lib\site-packages\django\core\handlers\base.py", line 198, in _get_response
    response = wrapped_callback(request, *callback_args, **callback_kwargs)
               ^^^^^^^^^^^^^^^^^^^^^^^^^^^^^^^^^^^^^^^^^^^^^^^^^^^^^^^^^^^^
  File "D:\PROJECTs\su_science\venv\Lib\site-packages\django\views\generic\base.py", line 106, in view
    return self.dispatch(request, *args, **kwargs)
           ^^^^^^^^^^^^^^^^^^^^^^^^^^^^^^^^^^^^^^^
  File "D:\PROJECTs\su_science\venv\Lib\site-packages\django\views\generic\base.py", line 145, in dispatch
    return handler(request, *args, **kwargs)
           ^^^^^^^^^^^^^^^^^^^^^^^^^^^^^^^^^
  File "D:\PROJECTs\su_science\project\main\views.py", line 18, in get
    return render(request, self.template_name, context)
           ^^^^^^^^^^^^^^^^^^^^^^^^^^^^^^^^^^^^^^^^^^^^
  File "D:\PROJECTs\su_science\venv\Lib\site-packages\django\shortcuts.py", line 25, in render
    content = loader.render_to_string(template_name, context, request, using=using)
              ^^^^^^^^^^^^^^^^^^^^^^^^^^^^^^^^^^^^^^^^^^^^^^^^^^^^^^^^^^^^^^^^^^^^^
  File "D:\PROJECTs\su_science\venv\Lib\site-packages\django\template\loader.py", line 61, in render_to_string
    template = get_template(template_name, using=using)
               ^^^^^^^^^^^^^^^^^^^^^^^^^^^^^^^^^^^^^^^^
  File "D:\PROJECTs\su_science\venv\Lib\site-packages\django\template\loader.py", line 19, in get_template
    raise TemplateDoesNotExist(template_name, chain=chain)
django.template.exceptions.TemplateDoesNotExist: main/main.html
2026-03-10 18:01:47,118 [ERROR] django.server: "GET / HTTP/1.1" 500 106202
2026-03-10 18:01:47,152 [WARNING] django.request: Not Found: /.well-known/appspecific/com.chrome.devtools.json
2026-03-10 18:01:47,153 [WARNING] django.server: "GET /.well-known/appspecific/com.chrome.devtools.json HTTP/1.1" 404 13603
2026-03-10 18:01:47,234 [WARNING] django.request: Not Found: /favicon.ico
2026-03-10 18:01:47,235 [WARNING] django.server: "GET /favicon.ico HTTP/1.1" 404 13492
2026-03-10 18:01:50,087 [WARNING] django.request: Not Found: /.well-known/appspecific/com.chrome.devtools.json
2026-03-10 18:01:50,088 [WARNING] django.server: "GET /.well-known/appspecific/com.chrome.devtools.json HTTP/1.1" 404 13603
2026-03-10 18:01:50,099 [WARNING] django.request: Not Found: /.well-known/appspecific/com.chrome.devtools.json
2026-03-10 18:01:50,099 [WARNING] django.server: "GET /.well-known/appspecific/com.chrome.devtools.json HTTP/1.1" 404 13603
2026-03-10 18:01:51,540 [ERROR] django.request: Internal Server Error: /
Traceback (most recent call last):
  File "D:\PROJECTs\su_science\venv\Lib\site-packages\django\core\handlers\exception.py", line 55, in inner
    response = get_response(request)
               ^^^^^^^^^^^^^^^^^^^^^
  File "D:\PROJECTs\su_science\venv\Lib\site-packages\django\core\handlers\base.py", line 198, in _get_response
    response = wrapped_callback(request, *callback_args, **callback_kwargs)
               ^^^^^^^^^^^^^^^^^^^^^^^^^^^^^^^^^^^^^^^^^^^^^^^^^^^^^^^^^^^^
  File "D:\PROJECTs\su_science\venv\Lib\site-packages\django\views\generic\base.py", line 106, in view
    return self.dispatch(request, *args, **kwargs)
           ^^^^^^^^^^^^^^^^^^^^^^^^^^^^^^^^^^^^^^^
  File "D:\PROJECTs\su_science\venv\Lib\site-packages\django\views\generic\base.py", line 145, in dispatch
    return handler(request, *args, **kwargs)
           ^^^^^^^^^^^^^^^^^^^^^^^^^^^^^^^^^
  File "D:\PROJECTs\su_science\project\main\views.py", line 18, in get
    return render(request, self.template_name, context)
           ^^^^^^^^^^^^^^^^^^^^^^^^^^^^^^^^^^^^^^^^^^^^
  File "D:\PROJECTs\su_science\venv\Lib\site-packages\django\shortcuts.py", line 25, in render
    content = loader.render_to_string(template_name, context, request, using=using)
              ^^^^^^^^^^^^^^^^^^^^^^^^^^^^^^^^^^^^^^^^^^^^^^^^^^^^^^^^^^^^^^^^^^^^^
  File "D:\PROJECTs\su_science\venv\Lib\site-packages\django\template\loader.py", line 61, in render_to_string
    template = get_template(template_name, using=using)
               ^^^^^^^^^^^^^^^^^^^^^^^^^^^^^^^^^^^^^^^^
  File "D:\PROJECTs\su_science\venv\Lib\site-packages\django\template\loader.py", line 19, in get_template
    raise TemplateDoesNotExist(template_name, chain=chain)
django.template.exceptions.TemplateDoesNotExist: main/main.html
2026-03-10 18:01:51,541 [ERROR] django.server: "GET /?tab=documents HTTP/1.1" 500 106834
2026-03-10 18:01:51,576 [WARNING] django.request: Not Found: /.well-known/appspecific/com.chrome.devtools.json
2026-03-10 18:01:51,577 [WARNING] django.server: "GET /.well-known/appspecific/com.chrome.devtools.json HTTP/1.1" 404 13603
2026-03-10 18:01:52,182 [ERROR] django.request: Internal Server Error: /
Traceback (most recent call last):
  File "D:\PROJECTs\su_science\venv\Lib\site-packages\django\core\handlers\exception.py", line 55, in inner
    response = get_response(request)
               ^^^^^^^^^^^^^^^^^^^^^
  File "D:\PROJECTs\su_science\venv\Lib\site-packages\django\core\handlers\base.py", line 198, in _get_response
    response = wrapped_callback(request, *callback_args, **callback_kwargs)
               ^^^^^^^^^^^^^^^^^^^^^^^^^^^^^^^^^^^^^^^^^^^^^^^^^^^^^^^^^^^^
  File "D:\PROJECTs\su_science\venv\Lib\site-packages\django\views\generic\base.py", line 106, in view
    return self.dispatch(request, *args, **kwargs)
           ^^^^^^^^^^^^^^^^^^^^^^^^^^^^^^^^^^^^^^^
  File "D:\PROJECTs\su_science\venv\Lib\site-packages\django\views\generic\base.py", line 145, in dispatch
    return handler(request, *args, **kwargs)
           ^^^^^^^^^^^^^^^^^^^^^^^^^^^^^^^^^
  File "D:\PROJECTs\su_science\project\main\views.py", line 18, in get
    return render(request, self.template_name, context)
           ^^^^^^^^^^^^^^^^^^^^^^^^^^^^^^^^^^^^^^^^^^^^
  File "D:\PROJECTs\su_science\venv\Lib\site-packages\django\shortcuts.py", line 25, in render
    content = loader.render_to_string(template_name, context, request, using=using)
              ^^^^^^^^^^^^^^^^^^^^^^^^^^^^^^^^^^^^^^^^^^^^^^^^^^^^^^^^^^^^^^^^^^^^^
  File "D:\PROJECTs\su_science\venv\Lib\site-packages\django\template\loader.py", line 61, in render_to_string
    template = get_template(template_name, using=using)
               ^^^^^^^^^^^^^^^^^^^^^^^^^^^^^^^^^^^^^^^^
  File "D:\PROJECTs\su_science\venv\Lib\site-packages\django\template\loader.py", line 19, in get_template
    raise TemplateDoesNotExist(template_name, chain=chain)
django.template.exceptions.TemplateDoesNotExist: main/main.html
2026-03-10 18:01:52,182 [ERROR] django.server: "GET /?tab=documents HTTP/1.1" 500 106834
2026-03-10 18:01:52,215 [WARNING] django.request: Not Found: /.well-known/appspecific/com.chrome.devtools.json
2026-03-10 18:01:52,215 [WARNING] django.server: "GET /.well-known/appspecific/com.chrome.devtools.json HTTP/1.1" 404 13603
2026-03-10 18:02:26,056 [INFO] django.server: "GET /admin/document/document/ HTTP/1.1" 200 22958
2026-03-10 18:02:26,084 [INFO] django.server: "GET /static/admin/css/changelists.css HTTP/1.1" 200 7498
2026-03-10 18:02:26,091 [INFO] django.server: "GET /admin/jsi18n/ HTTP/1.1" 200 3342
2026-03-10 18:02:26,099 [INFO] django.server: "GET /static/admin/js/filters.js HTTP/1.1" 200 978
2026-03-10 18:02:26,114 [INFO] django.server: "GET /static/admin/img/tooltag-add.svg HTTP/1.1" 200 593
2026-03-10 18:02:26,139 [WARNING] django.request: Not Found: /favicon.ico
2026-03-10 18:02:26,140 [WARNING] django.server: "GET /favicon.ico HTTP/1.1" 404 13492
2026-03-10 18:03:02,176 [INFO] django.utils.autoreload: D:\PROJECTs\su_science\project\main\views.py changed, reloading.
2026-03-10 18:03:02,682 [INFO] django.utils.autoreload: Watching for file changes with StatReloader
2026-03-10 18:03:10,061 [INFO] django.utils.autoreload: D:\PROJECTs\su_science\project\main\urls.py changed, reloading.
2026-03-10 18:03:10,526 [INFO] django.utils.autoreload: Watching for file changes with StatReloader
2026-03-10 18:03:20,249 [INFO] django.server: "GET /?tab=documents HTTP/1.1" 200 8519
2026-03-10 18:03:20,292 [WARNING] django.request: Not Found: /.well-known/appspecific/com.chrome.devtools.json
2026-03-10 18:03:20,293 [INFO] django.server: "GET /static/main/css/style.css HTTP/1.1" 304 0
2026-03-10 18:03:20,293 [WARNING] django.server: "GET /.well-known/appspecific/com.chrome.devtools.json HTTP/1.1" 404 13603
2026-03-10 18:03:21,742 [INFO] django.server: "GET /?tab=researchers HTTP/1.1" 200 8909
2026-03-10 18:03:21,768 [WARNING] django.request: Not Found: /.well-known/appspecific/com.chrome.devtools.json
2026-03-10 18:03:21,769 [WARNING] django.server: "GET /.well-known/appspecific/com.chrome.devtools.json HTTP/1.1" 404 13603
2026-03-10 18:03:22,160 [INFO] django.server: "GET /?tab=documents HTTP/1.1" 200 8519
2026-03-10 18:03:22,186 [WARNING] django.request: Not Found: /.well-known/appspecific/com.chrome.devtools.json
2026-03-10 18:03:22,186 [WARNING] django.server: "GET /.well-known/appspecific/com.chrome.devtools.json HTTP/1.1" 404 13603
2026-03-10 18:03:22,732 [INFO] django.server: "GET /?tab=researchers HTTP/1.1" 200 8909
2026-03-10 18:03:22,756 [WARNING] django.request: Not Found: /.well-known/appspecific/com.chrome.devtools.json
2026-03-10 18:03:22,756 [WARNING] django.server: "GET /.well-known/appspecific/com.chrome.devtools.json HTTP/1.1" 404 13603
2026-03-10 18:03:23,154 [INFO] django.server: "GET /?tab=documents HTTP/1.1" 200 8519
2026-03-10 18:03:23,182 [WARNING] django.request: Not Found: /.well-known/appspecific/com.chrome.devtools.json
2026-03-10 18:03:23,183 [WARNING] django.server: "GET /.well-known/appspecific/com.chrome.devtools.json HTTP/1.1" 404 13603
2026-03-10 18:03:23,987 [INFO] django.server: "GET / HTTP/1.1" 200 8519
2026-03-10 18:03:24,016 [WARNING] django.request: Not Found: /.well-known/appspecific/com.chrome.devtools.json
2026-03-10 18:03:24,017 [WARNING] django.server: "GET /.well-known/appspecific/com.chrome.devtools.json HTTP/1.1" 404 13603
2026-03-10 18:03:24,521 [INFO] django.server: "GET / HTTP/1.1" 200 8519
2026-03-10 18:03:24,547 [WARNING] django.request: Not Found: /.well-known/appspecific/com.chrome.devtools.json
2026-03-10 18:03:24,548 [WARNING] django.server: "GET /.well-known/appspecific/com.chrome.devtools.json HTTP/1.1" 404 13603
2026-03-10 18:03:27,734 [INFO] django.server: "GET /search/ HTTP/1.1" 200 21407
2026-03-10 18:03:27,767 [WARNING] django.request: Not Found: /.well-known/appspecific/com.chrome.devtools.json
2026-03-10 18:03:27,767 [WARNING] django.server: "GET /.well-known/appspecific/com.chrome.devtools.json HTTP/1.1" 404 13603
2026-03-10 18:03:29,078 [INFO] django.server: "GET /search/ HTTP/1.1" 200 21407
2026-03-10 18:03:29,107 [WARNING] django.request: Not Found: /.well-known/appspecific/com.chrome.devtools.json
2026-03-10 18:03:29,107 [WARNING] django.server: "GET /.well-known/appspecific/com.chrome.devtools.json HTTP/1.1" 404 13603
2026-03-10 18:03:29,162 [INFO] django.server: "GET /static/main/images/icon.png HTTP/1.1" 200 49378
2026-03-10 18:03:29,163 [INFO] django.server: "GET /static/main/css/style.css HTTP/1.1" 200 19026
2026-03-10 18:03:29,168 [INFO] django.server: "GET /static/main/scripts/app_feedback.js HTTP/1.1" 200 1259
2026-03-10 18:03:29,169 [INFO] django.server: "GET /static/main/scripts/main_filter.js HTTP/1.1" 200 9307
2026-03-10 18:03:30,827 [INFO] django.server: "GET /static/main/images/favicon.ico HTTP/1.1" 200 15406
2026-03-10 18:03:31,932 [INFO] django.server: "GET /employees/ HTTP/1.1" 200 51655
2026-03-10 18:03:31,962 [WARNING] django.request: Not Found: /.well-known/appspecific/com.chrome.devtools.json
2026-03-10 18:03:31,962 [WARNING] django.server: "GET /.well-known/appspecific/com.chrome.devtools.json HTTP/1.1" 404 13603
2026-03-10 18:03:32,411 [INFO] django.server: "GET / HTTP/1.1" 200 8519
2026-03-10 18:03:32,444 [WARNING] django.request: Not Found: /.well-known/appspecific/com.chrome.devtools.json
2026-03-10 18:03:32,444 [WARNING] django.server: "GET /.well-known/appspecific/com.chrome.devtools.json HTTP/1.1" 404 13603
2026-03-10 18:03:33,870 [INFO] django.server: "GET /?tab=researchers HTTP/1.1" 200 8909
2026-03-10 18:03:33,904 [WARNING] django.request: Not Found: /.well-known/appspecific/com.chrome.devtools.json
2026-03-10 18:03:33,904 [WARNING] django.server: "GET /.well-known/appspecific/com.chrome.devtools.json HTTP/1.1" 404 13603
2026-03-10 18:03:34,604 [INFO] django.server: "GET /?tab=documents HTTP/1.1" 200 8519
2026-03-10 18:03:34,632 [WARNING] django.request: Not Found: /.well-known/appspecific/com.chrome.devtools.json
2026-03-10 18:03:34,633 [WARNING] django.server: "GET /.well-known/appspecific/com.chrome.devtools.json HTTP/1.1" 404 13603
2026-03-10 18:03:34,990 [INFO] django.server: "GET /?tab=researchers HTTP/1.1" 200 8909
2026-03-10 18:03:35,021 [WARNING] django.request: Not Found: /.well-known/appspecific/com.chrome.devtools.json
2026-03-10 18:03:35,021 [WARNING] django.server: "GET /.well-known/appspecific/com.chrome.devtools.json HTTP/1.1" 404 13603
2026-03-10 18:03:35,642 [INFO] django.server: "GET /?tab=documents HTTP/1.1" 200 8519
2026-03-10 18:03:35,676 [WARNING] django.request: Not Found: /.well-known/appspecific/com.chrome.devtools.json
2026-03-10 18:03:35,677 [WARNING] django.server: "GET /.well-known/appspecific/com.chrome.devtools.json HTTP/1.1" 404 13603
2026-03-10 18:03:41,259 [INFO] django.utils.autoreload: D:\PROJECTs\su_science\project\main\utils.py changed, reloading.
2026-03-10 18:03:41,728 [INFO] django.utils.autoreload: Watching for file changes with StatReloader
2026-03-10 18:03:42,239 [INFO] django.server: "GET /search/?tab=documents HTTP/1.1" 200 21407
2026-03-10 18:03:42,272 [WARNING] django.request: Not Found: /.well-known/appspecific/com.chrome.devtools.json
2026-03-10 18:03:42,273 [WARNING] django.server: "GET /.well-known/appspecific/com.chrome.devtools.json HTTP/1.1" 404 13603
2026-03-10 18:03:42,275 [INFO] django.server: "GET /static/main/scripts/main_filter.js HTTP/1.1" 304 0
2026-03-10 18:03:44,110 [WARNING] django.request: Not Found: /.well-known/appspecific/com.chrome.devtools.json
2026-03-10 18:03:44,111 [WARNING] django.server: "GET /.well-known/appspecific/com.chrome.devtools.json HTTP/1.1" 404 13603
2026-03-10 18:03:44,119 [WARNING] django.request: Not Found: /.well-known/appspecific/com.chrome.devtools.json
2026-03-10 18:03:44,119 [WARNING] django.server: "GET /.well-known/appspecific/com.chrome.devtools.json HTTP/1.1" 404 13603
2026-03-10 18:03:54,703 [INFO] django.server: "GET /?tab=documents HTTP/1.1" 200 8519
2026-03-10 18:03:54,736 [WARNING] django.request: Not Found: /.well-known/appspecific/com.chrome.devtools.json
2026-03-10 18:03:54,737 [WARNING] django.server: "GET /.well-known/appspecific/com.chrome.devtools.json HTTP/1.1" 404 13603
2026-03-10 18:03:54,792 [INFO] django.server: "GET /static/main/css/style.css HTTP/1.1" 200 19026
2026-03-10 18:03:54,793 [INFO] django.server: "GET /static/main/images/icon.png HTTP/1.1" 200 49378
2026-03-10 18:03:54,798 [INFO] django.server: "GET /static/main/scripts/app_feedback.js HTTP/1.1" 200 1259
2026-03-10 18:03:56,049 [INFO] django.server: "GET /static/main/images/favicon.ico HTTP/1.1" 200 15406
2026-03-10 18:04:06,202 [INFO] django.server: "GET /?tab=documents HTTP/1.1" 200 8521
2026-03-10 18:04:06,231 [WARNING] django.request: Not Found: /.well-known/appspecific/com.chrome.devtools.json
2026-03-10 18:04:06,231 [WARNING] django.server: "GET /.well-known/appspecific/com.chrome.devtools.json HTTP/1.1" 404 13603
2026-03-10 18:04:06,244 [INFO] django.server: "GET /static/main/css/style.css HTTP/1.1" 200 19026
2026-03-10 18:04:06,244 [INFO] django.server: "GET /static/main/images/icon.png HTTP/1.1" 200 49378
2026-03-10 18:04:06,251 [INFO] django.server: "GET /static/main/scripts/app_feedback.js HTTP/1.1" 200 1259
2026-03-10 18:04:07,244 [INFO] django.server: "GET /static/main/images/favicon.ico HTTP/1.1" 200 15406
2026-03-10 18:04:12,973 [INFO] django.server: "GET /?tab=documents&search=&status=&type=&y_min=2010&y_max=2026 HTTP/1.1" 200 28415
2026-03-10 18:04:13,000 [WARNING] django.request: Not Found: /.well-known/appspecific/com.chrome.devtools.json
2026-03-10 18:04:13,000 [WARNING] django.server: "GET /.well-known/appspecific/com.chrome.devtools.json HTTP/1.1" 404 13603
2026-03-10 18:04:15,085 [INFO] django.server: "GET /?tab=researchers HTTP/1.1" 200 8909
2026-03-10 18:04:15,110 [WARNING] django.request: Not Found: /.well-known/appspecific/com.chrome.devtools.json
2026-03-10 18:04:15,110 [WARNING] django.server: "GET /.well-known/appspecific/com.chrome.devtools.json HTTP/1.1" 404 13603
2026-03-10 18:04:27,607 [INFO] django.server: "GET /?tab=researchers&researcher_last_name=Albanbay&researcher_first_name=&research_q=&researcher_department=&researcher_scope=&researcher_gender= HTTP/1.1" 200 9080
2026-03-10 18:04:27,634 [WARNING] django.request: Not Found: /.well-known/appspecific/com.chrome.devtools.json
2026-03-10 18:04:27,634 [WARNING] django.server: "GET /.well-known/appspecific/com.chrome.devtools.json HTTP/1.1" 404 13603
2026-03-10 18:04:31,352 [INFO] django.server: "GET /?tab=researchers&researcher_last_name=%D0%90%D0%BB%D0%B1%D0%B0%D0%BD%D0%B1%D0%B0%D0%B9&researcher_first_name=&research_q=&researcher_department=&researcher_scope=&researcher_gender= HTTP/1.1" 200 10221
2026-03-10 18:04:31,379 [WARNING] django.request: Not Found: /.well-known/appspecific/com.chrome.devtools.json
2026-03-10 18:04:31,380 [WARNING] django.server: "GET /.well-known/appspecific/com.chrome.devtools.json HTTP/1.1" 404 13603
2026-03-10 18:04:33,889 [INFO] django.server: "GET /employees/39/ HTTP/1.1" 200 21136
2026-03-10 18:04:33,916 [WARNING] django.request: Not Found: /.well-known/appspecific/com.chrome.devtools.json
2026-03-10 18:04:33,917 [WARNING] django.server: "GET /.well-known/appspecific/com.chrome.devtools.json HTTP/1.1" 404 13603
2026-03-10 18:04:42,587 [INFO] django.server: "GET / HTTP/1.1" 200 8521
2026-03-10 18:04:42,613 [WARNING] django.request: Not Found: /.well-known/appspecific/com.chrome.devtools.json
2026-03-10 18:04:42,614 [WARNING] django.server: "GET /.well-known/appspecific/com.chrome.devtools.json HTTP/1.1" 404 13603
2026-03-10 18:04:44,943 [INFO] django.server: "GET /?tab=researchers HTTP/1.1" 200 8909
2026-03-10 18:04:44,972 [WARNING] django.request: Not Found: /.well-known/appspecific/com.chrome.devtools.json
2026-03-10 18:04:44,972 [WARNING] django.server: "GET /.well-known/appspecific/com.chrome.devtools.json HTTP/1.1" 404 13603
2026-03-10 18:04:45,696 [INFO] django.server: "GET /?tab=documents HTTP/1.1" 200 8521
2026-03-10 18:04:45,721 [WARNING] django.request: Not Found: /.well-known/appspecific/com.chrome.devtools.json
2026-03-10 18:04:45,721 [WARNING] django.server: "GET /.well-known/appspecific/com.chrome.devtools.json HTTP/1.1" 404 13603
2026-03-10 18:04:46,120 [INFO] django.server: "GET /?tab=researchers HTTP/1.1" 200 8909
2026-03-10 18:04:46,146 [WARNING] django.request: Not Found: /.well-known/appspecific/com.chrome.devtools.json
2026-03-10 18:04:46,146 [WARNING] django.server: "GET /.well-known/appspecific/com.chrome.devtools.json HTTP/1.1" 404 13603
2026-03-10 18:04:46,682 [INFO] django.server: "GET /?tab=documents HTTP/1.1" 200 8521
2026-03-10 18:04:46,707 [WARNING] django.request: Not Found: /.well-known/appspecific/com.chrome.devtools.json
2026-03-10 18:04:46,707 [WARNING] django.server: "GET /.well-known/appspecific/com.chrome.devtools.json HTTP/1.1" 404 13603
2026-03-10 18:05:15,356 [INFO] django.server: "GET /?tab=researchers HTTP/1.1" 200 8909
2026-03-10 18:05:15,381 [WARNING] django.request: Not Found: /.well-known/appspecific/com.chrome.devtools.json
2026-03-10 18:05:15,382 [WARNING] django.server: "GET /.well-known/appspecific/com.chrome.devtools.json HTTP/1.1" 404 13603
2026-03-10 18:05:17,178 [INFO] django.server: "GET /?tab=documents HTTP/1.1" 200 8521
2026-03-10 18:05:17,206 [WARNING] django.request: Not Found: /.well-known/appspecific/com.chrome.devtools.json
2026-03-10 18:05:17,206 [WARNING] django.server: "GET /.well-known/appspecific/com.chrome.devtools.json HTTP/1.1" 404 13603
2026-03-10 18:05:19,383 [INFO] django.server: "GET /?tab=researchers HTTP/1.1" 200 8909
2026-03-10 18:05:19,409 [WARNING] django.request: Not Found: /.well-known/appspecific/com.chrome.devtools.json
2026-03-10 18:05:19,409 [WARNING] django.server: "GET /.well-known/appspecific/com.chrome.devtools.json HTTP/1.1" 404 13603
2026-03-10 18:05:19,890 [INFO] django.server: "GET /?tab=documents HTTP/1.1" 200 8521
2026-03-10 18:05:19,923 [WARNING] django.request: Not Found: /.well-known/appspecific/com.chrome.devtools.json
2026-03-10 18:05:19,923 [WARNING] django.server: "GET /.well-known/appspecific/com.chrome.devtools.json HTTP/1.1" 404 13603
2026-03-10 18:05:20,254 [INFO] django.server: "GET /?tab=researchers HTTP/1.1" 200 8909
2026-03-10 18:05:20,279 [WARNING] django.request: Not Found: /.well-known/appspecific/com.chrome.devtools.json
2026-03-10 18:05:20,280 [WARNING] django.server: "GET /.well-known/appspecific/com.chrome.devtools.json HTTP/1.1" 404 13603
2026-03-10 18:05:20,763 [INFO] django.server: "GET /?tab=documents HTTP/1.1" 200 8521
2026-03-10 18:05:20,787 [WARNING] django.request: Not Found: /.well-known/appspecific/com.chrome.devtools.json
2026-03-10 18:05:20,787 [WARNING] django.server: "GET /.well-known/appspecific/com.chrome.devtools.json HTTP/1.1" 404 13603
2026-03-10 18:05:21,019 [INFO] django.server: "GET /?tab=researchers HTTP/1.1" 200 8909
2026-03-10 18:05:21,048 [WARNING] django.request: Not Found: /.well-known/appspecific/com.chrome.devtools.json
2026-03-10 18:05:21,048 [WARNING] django.server: "GET /.well-known/appspecific/com.chrome.devtools.json HTTP/1.1" 404 13603
2026-03-10 18:05:21,434 [INFO] django.server: "GET /?tab=documents HTTP/1.1" 200 8521
2026-03-10 18:05:21,464 [WARNING] django.request: Not Found: /.well-known/appspecific/com.chrome.devtools.json
2026-03-10 18:05:21,465 [WARNING] django.server: "GET /.well-known/appspecific/com.chrome.devtools.json HTTP/1.1" 404 13603
2026-03-10 18:05:21,879 [INFO] django.server: "GET /?tab=researchers HTTP/1.1" 200 8909
2026-03-10 18:05:21,904 [WARNING] django.request: Not Found: /.well-known/appspecific/com.chrome.devtools.json
2026-03-10 18:05:21,905 [WARNING] django.server: "GET /.well-known/appspecific/com.chrome.devtools.json HTTP/1.1" 404 13603
2026-03-10 18:05:22,591 [INFO] django.server: "GET /?tab=documents HTTP/1.1" 200 8521
2026-03-10 18:05:22,615 [WARNING] django.request: Not Found: /.well-known/appspecific/com.chrome.devtools.json
2026-03-10 18:05:22,616 [WARNING] django.server: "GET /.well-known/appspecific/com.chrome.devtools.json HTTP/1.1" 404 13603
2026-03-10 18:05:36,070 [WARNING] main.utils: Generation cancelled: template key missing user=None
2026-03-10 18:05:49,881 [INFO] django.server: "GET /?tab=documents HTTP/1.1" 200 8237
2026-03-10 18:05:49,911 [WARNING] django.request: Not Found: /.well-known/appspecific/com.chrome.devtools.json
2026-03-10 18:05:49,911 [WARNING] django.server: "GET /.well-known/appspecific/com.chrome.devtools.json HTTP/1.1" 404 13603
2026-03-10 18:05:49,926 [INFO] django.server: "GET /static/main/css/style.css HTTP/1.1" 200 19026
2026-03-10 18:05:49,927 [INFO] django.server: "GET /static/main/images/icon.png HTTP/1.1" 200 49378
2026-03-10 18:05:49,932 [INFO] django.server: "GET /static/main/scripts/app_feedback.js HTTP/1.1" 200 1259
2026-03-10 18:05:53,817 [INFO] django.server: "GET /static/main/images/favicon.ico HTTP/1.1" 200 15406
2026-03-10 18:07:13,810 [INFO] django.server: "GET /?tab=documents HTTP/1.1" 200 8237
2026-03-10 18:07:13,842 [WARNING] django.request: Not Found: /.well-known/appspecific/com.chrome.devtools.json
2026-03-10 18:07:13,842 [WARNING] django.server: "GET /.well-known/appspecific/com.chrome.devtools.json HTTP/1.1" 404 13603
2026-03-10 18:07:13,855 [INFO] django.server: "GET /static/main/css/style.css HTTP/1.1" 200 19026
2026-03-10 18:07:13,855 [INFO] django.server: "GET /static/main/images/icon.png HTTP/1.1" 200 49378
2026-03-10 18:07:13,862 [INFO] django.server: "GET /static/main/scripts/app_feedback.js HTTP/1.1" 200 1259
2026-03-10 18:07:15,199 [INFO] django.server: "GET /static/main/images/favicon.ico HTTP/1.1" 200 15406
2026-03-10 18:07:22,189 [INFO] django.server: "GET /?tab=researchers HTTP/1.1" 200 8909
2026-03-10 18:07:22,214 [WARNING] django.request: Not Found: /.well-known/appspecific/com.chrome.devtools.json
2026-03-10 18:07:22,215 [WARNING] django.server: "GET /.well-known/appspecific/com.chrome.devtools.json HTTP/1.1" 404 13603
2026-03-10 18:07:33,160 [INFO] django.server: "GET /?tab=researchers&researcher_last_name=%D0%90%D1%8F%D0%BF%D0%BE%D0%B2&researcher_first_name=%D0%95%D1%80%D0%BB%D0%B0%D0%BD&research_q=www.yerlan4%40gmail.com&researcher_department=&researcher_scope=&researcher_gender= HTTP/1.1" 200 10207
2026-03-10 18:07:33,189 [WARNING] django.request: Not Found: /.well-known/appspecific/com.chrome.devtools.json
2026-03-10 18:07:33,190 [WARNING] django.server: "GET /.well-known/appspecific/com.chrome.devtools.json HTTP/1.1" 404 13603
2026-03-10 18:07:35,801 [INFO] django.server: "GET /employees/74/ HTTP/1.1" 200 19044
2026-03-10 18:07:35,838 [WARNING] django.request: Not Found: /.well-known/appspecific/com.chrome.devtools.json
2026-03-10 18:07:35,840 [INFO] django.server: "GET /media/user_photos/WhatsApp_Image_2025-11-10_at_12.37.23.jpeg HTTP/1.1" 304 0
2026-03-10 18:07:35,840 [WARNING] django.server: "GET /.well-known/appspecific/com.chrome.devtools.json HTTP/1.1" 404 13603
2026-03-10 18:07:38,340 [WARNING] django.request: Not Found: /.well-known/appspecific/com.chrome.devtools.json
2026-03-10 18:07:38,341 [WARNING] django.server: "GET /.well-known/appspecific/com.chrome.devtools.json HTTP/1.1" 404 13603
2026-03-10 18:07:38,353 [WARNING] django.request: Not Found: /.well-known/appspecific/com.chrome.devtools.json
2026-03-10 18:07:38,354 [WARNING] django.server: "GET /.well-known/appspecific/com.chrome.devtools.json HTTP/1.1" 404 13603
2026-03-10 18:09:00,342 [INFO] django.server: "GET /?tab=researchers&researcher_last_name=%D0%90%D1%8F%D0%BF%D0%BE%D0%B2&researcher_first_name=%D0%95%D1%80%D0%BB%D0%B0%D0%BD&research_q=www.yerlan4%40gmail.com&researcher_department=&researcher_scope=&researcher_gender= HTTP/1.1" 200 10207
2026-03-10 18:09:00,374 [WARNING] django.request: Not Found: /.well-known/appspecific/com.chrome.devtools.json
2026-03-10 18:09:00,374 [WARNING] django.server: "GET /.well-known/appspecific/com.chrome.devtools.json HTTP/1.1" 404 13603
2026-03-10 18:09:00,387 [INFO] django.server: "GET /static/main/css/style.css HTTP/1.1" 200 19026
2026-03-10 18:09:00,387 [INFO] django.server: "GET /static/main/images/icon.png HTTP/1.1" 200 49378
2026-03-10 18:09:00,393 [INFO] django.server: "GET /static/main/scripts/app_feedback.js HTTP/1.1" 200 1259
2026-03-10 18:09:00,863 [INFO] django.server: "GET /static/main/images/favicon.ico HTTP/1.1" 200 15406
2026-03-10 18:09:01,946 [INFO] django.server: "GET /?tab=documents HTTP/1.1" 200 8237
2026-03-10 18:09:01,972 [WARNING] django.request: Not Found: /.well-known/appspecific/com.chrome.devtools.json
2026-03-10 18:09:01,973 [WARNING] django.server: "GET /.well-known/appspecific/com.chrome.devtools.json HTTP/1.1" 404 13603
2026-03-10 18:09:02,666 [INFO] django.server: "GET /?tab=documents HTTP/1.1" 200 8237
2026-03-10 18:09:02,695 [WARNING] django.request: Not Found: /.well-known/appspecific/com.chrome.devtools.json
2026-03-10 18:09:02,696 [WARNING] django.server: "GET /.well-known/appspecific/com.chrome.devtools.json HTTP/1.1" 404 13603
2026-03-10 18:09:02,709 [INFO] django.server: "GET /static/main/css/style.css HTTP/1.1" 200 19026
2026-03-10 18:09:02,710 [INFO] django.server: "GET /static/main/images/icon.png HTTP/1.1" 200 49378
2026-03-10 18:09:02,717 [INFO] django.server: "GET /static/main/scripts/app_feedback.js HTTP/1.1" 200 1259
2026-03-10 18:09:03,172 [INFO] django.server: "GET /?tab=documents HTTP/1.1" 200 8237
2026-03-10 18:09:03,205 [WARNING] django.request: Not Found: /.well-known/appspecific/com.chrome.devtools.json
2026-03-10 18:09:03,206 [WARNING] django.server: "GET /.well-known/appspecific/com.chrome.devtools.json HTTP/1.1" 404 13603
2026-03-10 18:09:03,212 [INFO] django.server: "GET /static/main/css/style.css HTTP/1.1" 200 19026
2026-03-10 18:09:03,212 [INFO] django.server: "GET /static/main/images/icon.png HTTP/1.1" 200 49378
2026-03-10 18:09:03,222 [INFO] django.server: "GET /static/main/scripts/app_feedback.js HTTP/1.1" 200 1259
2026-03-10 18:09:03,747 [INFO] django.server: "GET /static/main/images/favicon.ico HTTP/1.1" 200 15406
2026-03-10 18:09:04,392 [INFO] django.server: "GET /?tab=researchers HTTP/1.1" 200 8909
2026-03-10 18:09:04,419 [WARNING] django.request: Not Found: /.well-known/appspecific/com.chrome.devtools.json
2026-03-10 18:09:04,420 [WARNING] django.server: "GET /.well-known/appspecific/com.chrome.devtools.json HTTP/1.1" 404 13603
2026-03-10 18:09:04,990 [INFO] django.server: "GET /?tab=documents HTTP/1.1" 200 8237
2026-03-10 18:09:05,020 [WARNING] django.request: Not Found: /.well-known/appspecific/com.chrome.devtools.json
2026-03-10 18:09:05,022 [WARNING] django.server: "GET /.well-known/appspecific/com.chrome.devtools.json HTTP/1.1" 404 13603
2026-03-10 18:09:05,497 [INFO] django.server: "GET /?tab=documents HTTP/1.1" 200 8237
2026-03-10 18:09:05,527 [WARNING] django.request: Not Found: /.well-known/appspecific/com.chrome.devtools.json
2026-03-10 18:09:05,527 [WARNING] django.server: "GET /.well-known/appspecific/com.chrome.devtools.json HTTP/1.1" 404 13603
2026-03-10 18:09:05,548 [INFO] django.server: "GET /static/main/css/style.css HTTP/1.1" 200 19026
2026-03-10 18:09:05,548 [INFO] django.server: "GET /static/main/images/icon.png HTTP/1.1" 200 49378
2026-03-10 18:09:05,558 [INFO] django.server: "GET /static/main/scripts/app_feedback.js HTTP/1.1" 200 1259
2026-03-10 18:09:06,012 [INFO] django.server: "GET /static/main/images/favicon.ico HTTP/1.1" 200 15406
2026-03-10 18:09:07,049 [INFO] django.server: "GET /employees/ HTTP/1.1" 200 51655
2026-03-10 18:09:07,083 [WARNING] django.request: Not Found: /.well-known/appspecific/com.chrome.devtools.json
2026-03-10 18:09:07,084 [WARNING] django.server: "GET /.well-known/appspecific/com.chrome.devtools.json HTTP/1.1" 404 13603
2026-03-10 18:09:08,176 [INFO] django.server: "GET /employees/ HTTP/1.1" 200 51655
2026-03-10 18:09:08,215 [WARNING] django.request: Not Found: /.well-known/appspecific/com.chrome.devtools.json
2026-03-10 18:09:08,215 [WARNING] django.server: "GET /.well-known/appspecific/com.chrome.devtools.json HTTP/1.1" 404 13603
2026-03-10 18:09:08,409 [INFO] django.server: "GET /employees/ HTTP/1.1" 200 51655
2026-03-10 18:09:08,454 [WARNING] django.request: Not Found: /.well-known/appspecific/com.chrome.devtools.json
2026-03-10 18:09:08,454 [WARNING] django.server: "GET /.well-known/appspecific/com.chrome.devtools.json HTTP/1.1" 404 13603
2026-03-10 18:09:08,955 [INFO] django.server: "GET / HTTP/1.1" 200 8237
2026-03-10 18:09:08,986 [WARNING] django.request: Not Found: /.well-known/appspecific/com.chrome.devtools.json
2026-03-10 18:09:08,987 [WARNING] django.server: "GET /.well-known/appspecific/com.chrome.devtools.json HTTP/1.1" 404 13603
2026-03-10 18:09:13,194 [INFO] django.server: "GET /?tab=researchers HTTP/1.1" 200 8909
2026-03-10 18:09:13,228 [WARNING] django.request: Not Found: /.well-known/appspecific/com.chrome.devtools.json
2026-03-10 18:09:13,229 [WARNING] django.server: "GET /.well-known/appspecific/com.chrome.devtools.json HTTP/1.1" 404 13603
2026-03-10 18:09:13,737 [INFO] django.server: "GET /?tab=documents HTTP/1.1" 200 8237
2026-03-10 18:09:13,770 [WARNING] django.request: Not Found: /.well-known/appspecific/com.chrome.devtools.json
2026-03-10 18:09:13,772 [WARNING] django.server: "GET /.well-known/appspecific/com.chrome.devtools.json HTTP/1.1" 404 13603
2026-03-10 18:09:14,719 [INFO] django.server: "GET /?tab=researchers HTTP/1.1" 200 8909
2026-03-10 18:09:14,750 [WARNING] django.request: Not Found: /.well-known/appspecific/com.chrome.devtools.json
2026-03-10 18:09:14,751 [WARNING] django.server: "GET /.well-known/appspecific/com.chrome.devtools.json HTTP/1.1" 404 13603
2026-03-10 18:09:20,393 [INFO] django.server: "GET /?tab=documents HTTP/1.1" 200 8237
2026-03-10 18:09:20,425 [WARNING] django.request: Not Found: /.well-known/appspecific/com.chrome.devtools.json
2026-03-10 18:09:20,426 [WARNING] django.server: "GET /.well-known/appspecific/com.chrome.devtools.json HTTP/1.1" 404 13603
2026-03-10 18:09:21,044 [INFO] django.server: "GET /?tab=researchers HTTP/1.1" 200 8909
2026-03-10 18:09:21,073 [WARNING] django.request: Not Found: /.well-known/appspecific/com.chrome.devtools.json
2026-03-10 18:09:21,074 [WARNING] django.server: "GET /.well-known/appspecific/com.chrome.devtools.json HTTP/1.1" 404 13603
2026-03-10 18:09:21,705 [INFO] django.server: "GET /?tab=documents HTTP/1.1" 200 8237
2026-03-10 18:09:21,737 [WARNING] django.request: Not Found: /.well-known/appspecific/com.chrome.devtools.json
2026-03-10 18:09:21,737 [WARNING] django.server: "GET /.well-known/appspecific/com.chrome.devtools.json HTTP/1.1" 404 13603
2026-03-10 18:09:22,077 [INFO] django.server: "GET /?tab=researchers HTTP/1.1" 200 8909
2026-03-10 18:09:22,108 [WARNING] django.request: Not Found: /.well-known/appspecific/com.chrome.devtools.json
2026-03-10 18:09:22,108 [WARNING] django.server: "GET /.well-known/appspecific/com.chrome.devtools.json HTTP/1.1" 404 13603
2026-03-10 18:09:45,311 [INFO] django.server: "GET /?tab=documents HTTP/1.1" 200 8237
2026-03-10 18:09:45,339 [WARNING] django.request: Not Found: /.well-known/appspecific/com.chrome.devtools.json
2026-03-10 18:09:45,339 [WARNING] django.server: "GET /.well-known/appspecific/com.chrome.devtools.json HTTP/1.1" 404 13603
2026-03-10 18:09:46,506 [INFO] django.server: "GET /?tab=researchers HTTP/1.1" 200 8909
2026-03-10 18:09:46,530 [WARNING] django.request: Not Found: /.well-known/appspecific/com.chrome.devtools.json
2026-03-10 18:09:46,530 [WARNING] django.server: "GET /.well-known/appspecific/com.chrome.devtools.json HTTP/1.1" 404 13603
2026-03-10 18:09:47,195 [INFO] django.server: "GET /?tab=documents HTTP/1.1" 200 8237
2026-03-10 18:09:47,223 [WARNING] django.request: Not Found: /.well-known/appspecific/com.chrome.devtools.json
2026-03-10 18:09:47,224 [WARNING] django.server: "GET /.well-known/appspecific/com.chrome.devtools.json HTTP/1.1" 404 13603
2026-03-10 18:09:48,289 [INFO] django.server: "GET /employees/ HTTP/1.1" 200 51655
2026-03-10 18:09:48,320 [WARNING] django.request: Not Found: /.well-known/appspecific/com.chrome.devtools.json
2026-03-10 18:09:48,322 [WARNING] django.server: "GET /.well-known/appspecific/com.chrome.devtools.json HTTP/1.1" 404 13603
2026-03-10 18:09:48,939 [INFO] django.server: "GET / HTTP/1.1" 200 8237
2026-03-10 18:09:48,969 [WARNING] django.request: Not Found: /.well-known/appspecific/com.chrome.devtools.json
2026-03-10 18:09:48,971 [WARNING] django.server: "GET /.well-known/appspecific/com.chrome.devtools.json HTTP/1.1" 404 13603
2026-03-10 18:09:49,675 [INFO] django.server: "GET / HTTP/1.1" 200 8237
2026-03-10 18:09:49,707 [WARNING] django.request: Not Found: /.well-known/appspecific/com.chrome.devtools.json
2026-03-10 18:09:49,707 [WARNING] django.server: "GET /.well-known/appspecific/com.chrome.devtools.json HTTP/1.1" 404 13603
2026-03-10 18:09:49,967 [INFO] django.server: "GET /employees/ HTTP/1.1" 200 51655
2026-03-10 18:09:49,994 [WARNING] django.request: Not Found: /.well-known/appspecific/com.chrome.devtools.json
2026-03-10 18:09:49,995 [WARNING] django.server: "GET /.well-known/appspecific/com.chrome.devtools.json HTTP/1.1" 404 13603
2026-03-10 18:10:09,802 [INFO] django.server: "GET /employees/ HTTP/1.1" 200 51664
2026-03-10 18:10:09,830 [WARNING] django.request: Not Found: /.well-known/appspecific/com.chrome.devtools.json
2026-03-10 18:10:09,830 [WARNING] django.server: "GET /.well-known/appspecific/com.chrome.devtools.json HTTP/1.1" 404 13603
2026-03-10 18:10:09,843 [INFO] django.server: "GET /static/main/images/woman-user-color-icon.svg HTTP/1.1" 200 1764
2026-03-10 18:10:09,843 [INFO] django.server: "GET /static/main/css/style.css HTTP/1.1" 200 19026
2026-03-10 18:10:09,843 [INFO] django.server: "GET /static/main/images/icon.png HTTP/1.1" 200 49378
2026-03-10 18:10:09,860 [INFO] django.server: "GET /static/main/images/man-user-color-icon.svg HTTP/1.1" 200 2332
2026-03-10 18:10:09,860 [INFO] django.server: "GET /static/main/scripts/app_feedback.js HTTP/1.1" 200 1259
2026-03-10 18:10:10,260 [INFO] django.server: "GET /static/main/images/favicon.ico HTTP/1.1" 200 15406
2026-03-10 18:10:11,076 [INFO] django.server: "GET /employees/ HTTP/1.1" 200 51664
2026-03-10 18:10:11,119 [WARNING] django.request: Not Found: /.well-known/appspecific/com.chrome.devtools.json
2026-03-10 18:10:11,120 [WARNING] django.server: "GET /.well-known/appspecific/com.chrome.devtools.json HTTP/1.1" 404 13603
2026-03-10 18:10:11,130 [INFO] django.server: "GET /static/main/images/woman-user-color-icon.svg HTTP/1.1" 200 1764
2026-03-10 18:10:11,130 [INFO] django.server: "GET /static/main/css/style.css HTTP/1.1" 200 19026
2026-03-10 18:10:11,132 [INFO] django.server: "GET /static/main/images/icon.png HTTP/1.1" 200 49378
2026-03-10 18:10:11,139 [INFO] django.server: "GET /static/main/images/man-user-color-icon.svg HTTP/1.1" 200 2332
2026-03-10 18:10:11,140 [INFO] django.server: "GET /static/main/scripts/app_feedback.js HTTP/1.1" 200 1259
2026-03-10 18:10:11,295 [INFO] django.server: "GET /employees/ HTTP/1.1" 200 51664
2026-03-10 18:10:11,322 [WARNING] django.request: Not Found: /.well-known/appspecific/com.chrome.devtools.json
2026-03-10 18:10:11,322 [WARNING] django.server: "GET /.well-known/appspecific/com.chrome.devtools.json HTTP/1.1" 404 13603
2026-03-10 18:10:11,332 [INFO] django.server: "GET /static/main/images/woman-user-color-icon.svg HTTP/1.1" 200 1764
2026-03-10 18:10:11,333 [INFO] django.server: "GET /static/main/css/style.css HTTP/1.1" 200 19026
2026-03-10 18:10:11,333 [INFO] django.server: "GET /static/main/images/icon.png HTTP/1.1" 200 49378
2026-03-10 18:10:11,345 [INFO] django.server: "GET /static/main/images/man-user-color-icon.svg HTTP/1.1" 200 2332
2026-03-10 18:10:11,346 [INFO] django.server: "GET /static/main/scripts/app_feedback.js HTTP/1.1" 200 1259
2026-03-10 18:10:11,652 [INFO] django.server: "GET /static/main/images/favicon.ico HTTP/1.1" 200 15406
2026-03-10 18:10:12,227 [INFO] django.server: "GET / HTTP/1.1" 200 8246
2026-03-10 18:10:12,256 [WARNING] django.request: Not Found: /.well-known/appspecific/com.chrome.devtools.json
2026-03-10 18:10:12,257 [WARNING] django.server: "GET /.well-known/appspecific/com.chrome.devtools.json HTTP/1.1" 404 13603
2026-03-10 18:10:13,466 [INFO] django.server: "GET / HTTP/1.1" 200 8246
2026-03-10 18:10:13,495 [WARNING] django.request: Not Found: /.well-known/appspecific/com.chrome.devtools.json
2026-03-10 18:10:13,496 [WARNING] django.server: "GET /.well-known/appspecific/com.chrome.devtools.json HTTP/1.1" 404 13603
2026-03-10 18:10:14,023 [INFO] django.server: "GET / HTTP/1.1" 200 8246
2026-03-10 18:10:14,054 [WARNING] django.request: Not Found: /.well-known/appspecific/com.chrome.devtools.json
2026-03-10 18:10:14,055 [WARNING] django.server: "GET /.well-known/appspecific/com.chrome.devtools.json HTTP/1.1" 404 13603
2026-03-10 18:10:14,365 [INFO] django.server: "GET /documents HTTP/1.1" 200 31573
2026-03-10 18:10:14,400 [WARNING] django.request: Not Found: /.well-known/appspecific/com.chrome.devtools.json
2026-03-10 18:10:14,402 [WARNING] django.server: "GET /.well-known/appspecific/com.chrome.devtools.json HTTP/1.1" 404 13603
2026-03-10 18:10:15,120 [INFO] django.server: "GET / HTTP/1.1" 200 8246
2026-03-10 18:10:15,152 [WARNING] django.request: Not Found: /.well-known/appspecific/com.chrome.devtools.json
2026-03-10 18:10:15,153 [WARNING] django.server: "GET /.well-known/appspecific/com.chrome.devtools.json HTTP/1.1" 404 13603
2026-03-10 18:10:15,998 [INFO] django.server: "GET /account/ HTTP/1.1" 302 0
2026-03-10 18:10:16,021 [INFO] django.server: "GET /employees/74/ HTTP/1.1" 200 19053
2026-03-10 18:10:16,280 [WARNING] django.request: Not Found: /.well-known/appspecific/com.chrome.devtools.json
2026-03-10 18:10:16,280 [WARNING] django.server: "GET /.well-known/appspecific/com.chrome.devtools.json HTTP/1.1" 404 13603
2026-03-10 18:10:16,967 [INFO] django.server: "GET / HTTP/1.1" 200 8246
2026-03-10 18:10:16,999 [WARNING] django.request: Not Found: /.well-known/appspecific/com.chrome.devtools.json
2026-03-10 18:10:16,999 [WARNING] django.server: "GET /.well-known/appspecific/com.chrome.devtools.json HTTP/1.1" 404 13603
2026-03-10 18:10:26,710 [INFO] django.server: "GET / HTTP/1.1" 200 8246
2026-03-10 18:10:26,740 [WARNING] django.request: Not Found: /.well-known/appspecific/com.chrome.devtools.json
2026-03-10 18:10:26,740 [WARNING] django.server: "GET /.well-known/appspecific/com.chrome.devtools.json HTTP/1.1" 404 13603
2026-03-10 18:10:26,756 [INFO] django.server: "GET /static/main/css/style.css HTTP/1.1" 200 19026
2026-03-10 18:10:26,756 [INFO] django.server: "GET /static/main/images/icon.png HTTP/1.1" 200 49378
2026-03-10 18:10:26,762 [INFO] django.server: "GET /static/main/scripts/app_feedback.js HTTP/1.1" 200 1259
2026-03-10 18:10:27,000 [INFO] django.server: "GET /static/main/images/favicon.ico HTTP/1.1" 200 15406
2026-03-10 18:10:36,445 [INFO] django.server: "GET /?tab=researchers HTTP/1.1" 200 8918
2026-03-10 18:10:36,473 [WARNING] django.request: Not Found: /.well-known/appspecific/com.chrome.devtools.json
2026-03-10 18:10:36,474 [WARNING] django.server: "GET /.well-known/appspecific/com.chrome.devtools.json HTTP/1.1" 404 13603
2026-03-10 18:10:37,276 [INFO] django.server: "GET /?tab=documents HTTP/1.1" 200 8246
2026-03-10 18:10:37,302 [WARNING] django.request: Not Found: /.well-known/appspecific/com.chrome.devtools.json
2026-03-10 18:10:37,302 [WARNING] django.server: "GET /.well-known/appspecific/com.chrome.devtools.json HTTP/1.1" 404 13603
2026-03-10 18:10:38,072 [INFO] django.server: "GET /?tab=documents HTTP/1.1" 200 8246
2026-03-10 18:10:38,103 [WARNING] django.request: Not Found: /.well-known/appspecific/com.chrome.devtools.json
2026-03-10 18:10:38,103 [WARNING] django.server: "GET /.well-known/appspecific/com.chrome.devtools.json HTTP/1.1" 404 13603
2026-03-10 18:10:38,453 [INFO] django.server: "GET /?tab=documents HTTP/1.1" 200 8246
2026-03-10 18:10:38,489 [WARNING] django.request: Not Found: /.well-known/appspecific/com.chrome.devtools.json
2026-03-10 18:10:38,489 [WARNING] django.server: "GET /.well-known/appspecific/com.chrome.devtools.json HTTP/1.1" 404 13603
2026-03-10 18:10:38,632 [INFO] django.server: "GET /?tab=documents HTTP/1.1" 200 8246
2026-03-10 18:10:38,658 [WARNING] django.request: Not Found: /.well-known/appspecific/com.chrome.devtools.json
2026-03-10 18:10:38,658 [WARNING] django.server: "GET /.well-known/appspecific/com.chrome.devtools.json HTTP/1.1" 404 13603
2026-03-10 18:10:39,392 [INFO] django.server: "GET /?tab=researchers HTTP/1.1" 200 8918
2026-03-10 18:10:39,419 [WARNING] django.request: Not Found: /.well-known/appspecific/com.chrome.devtools.json
2026-03-10 18:10:39,420 [WARNING] django.server: "GET /.well-known/appspecific/com.chrome.devtools.json HTTP/1.1" 404 13603
2026-03-10 18:10:40,162 [INFO] django.server: "GET /?tab=documents HTTP/1.1" 200 8246
2026-03-10 18:10:40,190 [WARNING] django.request: Not Found: /.well-known/appspecific/com.chrome.devtools.json
2026-03-10 18:10:40,190 [WARNING] django.server: "GET /.well-known/appspecific/com.chrome.devtools.json HTTP/1.1" 404 13603
2026-03-10 18:10:40,572 [INFO] django.server: "GET /?tab=researchers HTTP/1.1" 200 8918
2026-03-10 18:10:40,605 [WARNING] django.request: Not Found: /.well-known/appspecific/com.chrome.devtools.json
2026-03-10 18:10:40,605 [WARNING] django.server: "GET /.well-known/appspecific/com.chrome.devtools.json HTTP/1.1" 404 13603
2026-03-10 18:10:50,358 [INFO] django.server: "GET /?tab=researchers&researcher_last_name=%D0%90%D1%8F%D0%BF%D0%BE%D0%B2&researcher_first_name=%D0%95%D1%80%D0%BB%D0%B0%D0%BD&research_q=www.yerlan4%40gmail.com&researcher_department=&researcher_scope=&researcher_gender=male HTTP/1.1" 200 10216
2026-03-10 18:10:50,392 [WARNING] django.request: Not Found: /.well-known/appspecific/com.chrome.devtools.json
2026-03-10 18:10:50,393 [WARNING] django.server: "GET /.well-known/appspecific/com.chrome.devtools.json HTTP/1.1" 404 13603
2026-03-10 18:11:11,882 [INFO] django.server: "GET / HTTP/1.1" 200 8246
2026-03-10 18:11:11,909 [WARNING] django.request: Not Found: /.well-known/appspecific/com.chrome.devtools.json
2026-03-10 18:11:11,909 [WARNING] django.server: "GET /.well-known/appspecific/com.chrome.devtools.json HTTP/1.1" 404 13603
2026-03-10 18:11:14,298 [INFO] django.server: "GET / HTTP/1.1" 200 8246
2026-03-10 18:11:14,323 [WARNING] django.request: Not Found: /.well-known/appspecific/com.chrome.devtools.json
2026-03-10 18:11:14,324 [WARNING] django.server: "GET /.well-known/appspecific/com.chrome.devtools.json HTTP/1.1" 404 13603
2026-03-10 18:11:14,901 [INFO] django.server: "GET /documents HTTP/1.1" 200 31573
2026-03-10 18:11:14,930 [WARNING] django.request: Not Found: /.well-known/appspecific/com.chrome.devtools.json
2026-03-10 18:11:14,930 [WARNING] django.server: "GET /.well-known/appspecific/com.chrome.devtools.json HTTP/1.1" 404 13603
2026-03-10 18:11:15,736 [INFO] django.server: "GET /account/ HTTP/1.1" 302 0
2026-03-10 18:11:15,752 [INFO] django.server: "GET /employees/74/ HTTP/1.1" 200 19053
2026-03-10 18:11:15,783 [WARNING] django.request: Not Found: /.well-known/appspecific/com.chrome.devtools.json
2026-03-10 18:11:15,784 [WARNING] django.server: "GET /.well-known/appspecific/com.chrome.devtools.json HTTP/1.1" 404 13603
2026-03-10 18:11:16,502 [INFO] django.server: "GET /documents HTTP/1.1" 200 31573
2026-03-10 18:11:16,545 [WARNING] django.request: Not Found: /.well-known/appspecific/com.chrome.devtools.json
2026-03-10 18:11:16,546 [WARNING] django.server: "GET /.well-known/appspecific/com.chrome.devtools.json HTTP/1.1" 404 13603
2026-03-10 18:11:17,316 [INFO] django.server: "GET /account/ HTTP/1.1" 302 0
2026-03-10 18:11:17,334 [INFO] django.server: "GET /employees/74/ HTTP/1.1" 200 19053
2026-03-10 18:11:17,362 [WARNING] django.request: Not Found: /.well-known/appspecific/com.chrome.devtools.json
2026-03-10 18:11:17,362 [WARNING] django.server: "GET /.well-known/appspecific/com.chrome.devtools.json HTTP/1.1" 404 13603
2026-03-10 18:11:18,205 [INFO] django.server: "GET /documents HTTP/1.1" 200 31573
2026-03-10 18:11:18,233 [WARNING] django.request: Not Found: /.well-known/appspecific/com.chrome.devtools.json
2026-03-10 18:11:18,234 [WARNING] django.server: "GET /.well-known/appspecific/com.chrome.devtools.json HTTP/1.1" 404 13603
2026-03-10 18:11:18,766 [INFO] django.server: "GET / HTTP/1.1" 200 8246
2026-03-10 18:11:18,794 [WARNING] django.request: Not Found: /.well-known/appspecific/com.chrome.devtools.json
2026-03-10 18:11:18,795 [WARNING] django.server: "GET /.well-known/appspecific/com.chrome.devtools.json HTTP/1.1" 404 13603
2026-03-10 18:14:07,165 [INFO] django.server: "GET / HTTP/1.1" 200 8246
2026-03-10 18:14:07,190 [WARNING] django.request: Not Found: /.well-known/appspecific/com.chrome.devtools.json
2026-03-10 18:14:07,191 [WARNING] django.server: "GET /.well-known/appspecific/com.chrome.devtools.json HTTP/1.1" 404 13603
2026-03-10 18:14:07,209 [INFO] django.server: "GET /static/main/css/style.css HTTP/1.1" 200 19026
2026-03-10 18:14:07,210 [INFO] django.server: "GET /static/main/images/icon.png HTTP/1.1" 200 49378
2026-03-10 18:14:07,217 [INFO] django.server: "GET /static/main/scripts/app_feedback.js HTTP/1.1" 200 1259
2026-03-10 18:14:10,448 [INFO] django.server: "GET /static/main/images/favicon.ico HTTP/1.1" 200 15406
2026-03-10 18:14:11,547 [INFO] django.server: "GET /?tab=researchers HTTP/1.1" 200 8918
2026-03-10 18:14:11,576 [WARNING] django.request: Not Found: /.well-known/appspecific/com.chrome.devtools.json
2026-03-10 18:14:11,577 [WARNING] django.server: "GET /.well-known/appspecific/com.chrome.devtools.json HTTP/1.1" 404 13603
2026-03-10 18:14:12,288 [INFO] django.server: "GET /?tab=documents HTTP/1.1" 200 8246
2026-03-10 18:14:12,314 [WARNING] django.request: Not Found: /.well-known/appspecific/com.chrome.devtools.json
2026-03-10 18:14:12,315 [WARNING] django.server: "GET /.well-known/appspecific/com.chrome.devtools.json HTTP/1.1" 404 13603
2026-03-10 18:14:12,759 [INFO] django.server: "GET /?tab=researchers HTTP/1.1" 200 8918
2026-03-10 18:14:12,784 [WARNING] django.request: Not Found: /.well-known/appspecific/com.chrome.devtools.json
2026-03-10 18:14:12,785 [WARNING] django.server: "GET /.well-known/appspecific/com.chrome.devtools.json HTTP/1.1" 404 13603
2026-03-10 18:14:19,045 [INFO] django.server: "GET /documents HTTP/1.1" 200 31573
2026-03-10 18:14:19,075 [WARNING] django.request: Not Found: /.well-known/appspecific/com.chrome.devtools.json
2026-03-10 18:14:19,075 [WARNING] django.server: "GET /.well-known/appspecific/com.chrome.devtools.json HTTP/1.1" 404 13603
2026-03-10 18:14:20,797 [INFO] django.server: "GET /account/ HTTP/1.1" 302 0
2026-03-10 18:14:20,811 [INFO] django.server: "GET /employees/74/ HTTP/1.1" 200 19053
2026-03-10 18:14:20,842 [WARNING] django.request: Not Found: /.well-known/appspecific/com.chrome.devtools.json
2026-03-10 18:14:20,842 [WARNING] django.server: "GET /.well-known/appspecific/com.chrome.devtools.json HTTP/1.1" 404 13603
2026-03-10 18:14:20,850 [INFO] django.server: "GET /media/user_photos/WhatsApp_Image_2025-11-10_at_12.37.23.jpeg HTTP/1.1" 304 0
2026-03-10 18:14:23,024 [INFO] django.server: "GET / HTTP/1.1" 200 8246
2026-03-10 18:14:23,052 [WARNING] django.request: Not Found: /.well-known/appspecific/com.chrome.devtools.json
2026-03-10 18:14:23,053 [WARNING] django.server: "GET /.well-known/appspecific/com.chrome.devtools.json HTTP/1.1" 404 13603
2026-03-10 18:14:24,047 [INFO] django.server: "GET /?tab=researchers HTTP/1.1" 200 8918
2026-03-10 18:14:24,074 [WARNING] django.request: Not Found: /.well-known/appspecific/com.chrome.devtools.json
2026-03-10 18:14:24,075 [WARNING] django.server: "GET /.well-known/appspecific/com.chrome.devtools.json HTTP/1.1" 404 13603
2026-03-10 18:14:25,122 [INFO] django.server: "GET /?tab=documents HTTP/1.1" 200 8246
2026-03-10 18:14:25,156 [WARNING] django.request: Not Found: /.well-known/appspecific/com.chrome.devtools.json
2026-03-10 18:14:25,157 [WARNING] django.server: "GET /.well-known/appspecific/com.chrome.devtools.json HTTP/1.1" 404 13603
2026-03-10 18:14:25,684 [INFO] django.server: "GET /?tab=researchers HTTP/1.1" 200 8918
2026-03-10 18:14:25,714 [WARNING] django.request: Not Found: /.well-known/appspecific/com.chrome.devtools.json
2026-03-10 18:14:25,715 [WARNING] django.server: "GET /.well-known/appspecific/com.chrome.devtools.json HTTP/1.1" 404 13603
2026-03-10 18:14:42,953 [INFO] django.server: "GET /?tab=documents HTTP/1.1" 200 8246
2026-03-10 18:14:42,978 [WARNING] django.request: Not Found: /.well-known/appspecific/com.chrome.devtools.json
2026-03-10 18:14:42,978 [WARNING] django.server: "GET /.well-known/appspecific/com.chrome.devtools.json HTTP/1.1" 404 13603
2026-03-10 18:14:50,584 [INFO] django.server: "GET /?tab=researchers HTTP/1.1" 200 8918
2026-03-10 18:14:50,610 [WARNING] django.request: Not Found: /.well-known/appspecific/com.chrome.devtools.json
2026-03-10 18:14:50,611 [WARNING] django.server: "GET /.well-known/appspecific/com.chrome.devtools.json HTTP/1.1" 404 13603
2026-03-10 18:14:51,834 [INFO] django.server: "GET /?tab=documents HTTP/1.1" 200 8246
2026-03-10 18:14:51,860 [WARNING] django.request: Not Found: /.well-known/appspecific/com.chrome.devtools.json
2026-03-10 18:14:51,860 [WARNING] django.server: "GET /.well-known/appspecific/com.chrome.devtools.json HTTP/1.1" 404 13603
2026-03-10 18:15:25,244 [INFO] django.server: "GET /?tab=documents HTTP/1.1" 200 8246
2026-03-10 18:15:25,272 [WARNING] django.request: Not Found: /.well-known/appspecific/com.chrome.devtools.json
2026-03-10 18:15:25,273 [WARNING] django.server: "GET /.well-known/appspecific/com.chrome.devtools.json HTTP/1.1" 404 13603
2026-03-10 18:15:25,286 [INFO] django.server: "GET /static/main/css/style.css HTTP/1.1" 200 18532
2026-03-10 18:15:25,286 [INFO] django.server: "GET /static/main/images/icon.png HTTP/1.1" 200 49378
2026-03-10 18:15:25,294 [INFO] django.server: "GET /static/main/scripts/app_feedback.js HTTP/1.1" 200 1259
2026-03-10 18:15:27,033 [INFO] django.server: "GET /static/main/images/favicon.ico HTTP/1.1" 200 15406
2026-03-10 18:15:27,742 [INFO] django.server: "GET /?tab=researchers HTTP/1.1" 200 8918
2026-03-10 18:15:27,767 [WARNING] django.request: Not Found: /.well-known/appspecific/com.chrome.devtools.json
2026-03-10 18:15:27,767 [WARNING] django.server: "GET /.well-known/appspecific/com.chrome.devtools.json HTTP/1.1" 404 13603
2026-03-10 18:15:27,772 [INFO] django.server: "GET /static/main/css/style.css HTTP/1.1" 304 0
2026-03-10 18:15:28,529 [INFO] django.server: "GET /?tab=documents HTTP/1.1" 200 8246
2026-03-10 18:15:28,554 [WARNING] django.request: Not Found: /.well-known/appspecific/com.chrome.devtools.json
2026-03-10 18:15:28,554 [WARNING] django.server: "GET /.well-known/appspecific/com.chrome.devtools.json HTTP/1.1" 404 13603
2026-03-10 18:15:28,560 [INFO] django.server: "GET /static/main/css/style.css HTTP/1.1" 304 0
2026-03-10 18:15:45,541 [INFO] django.server: "GET /?tab=documents HTTP/1.1" 200 8246
2026-03-10 18:15:45,569 [WARNING] django.request: Not Found: /.well-known/appspecific/com.chrome.devtools.json
2026-03-10 18:15:45,570 [WARNING] django.server: "GET /.well-known/appspecific/com.chrome.devtools.json HTTP/1.1" 404 13603
2026-03-10 18:15:45,587 [INFO] django.server: "GET /static/main/css/style.css HTTP/1.1" 200 18557
2026-03-10 18:15:45,587 [INFO] django.server: "GET /static/main/images/icon.png HTTP/1.1" 200 49378
2026-03-10 18:15:45,591 [INFO] django.server: "GET /static/main/scripts/app_feedback.js HTTP/1.1" 200 1259
2026-03-10 18:15:46,336 [INFO] django.server: "GET /static/main/images/favicon.ico HTTP/1.1" 200 15406
2026-03-10 18:15:47,204 [INFO] django.server: "GET /?tab=researchers HTTP/1.1" 200 8918
2026-03-10 18:15:47,229 [WARNING] django.request: Not Found: /.well-known/appspecific/com.chrome.devtools.json
2026-03-10 18:15:47,229 [WARNING] django.server: "GET /.well-known/appspecific/com.chrome.devtools.json HTTP/1.1" 404 13603
2026-03-10 18:15:47,235 [INFO] django.server: "GET /static/main/css/style.css HTTP/1.1" 304 0
2026-03-10 18:16:02,894 [INFO] django.server: "GET /?tab=researchers HTTP/1.1" 200 8918
2026-03-10 18:16:02,923 [WARNING] django.request: Not Found: /.well-known/appspecific/com.chrome.devtools.json
2026-03-10 18:16:02,923 [WARNING] django.server: "GET /.well-known/appspecific/com.chrome.devtools.json HTTP/1.1" 404 13603
2026-03-10 18:16:02,936 [INFO] django.server: "GET /static/main/css/style.css HTTP/1.1" 200 18559
2026-03-10 18:16:02,936 [INFO] django.server: "GET /static/main/images/icon.png HTTP/1.1" 200 49378
2026-03-10 18:16:02,941 [INFO] django.server: "GET /static/main/scripts/app_feedback.js HTTP/1.1" 200 1259
2026-03-10 18:16:04,925 [INFO] django.server: "GET /static/main/images/favicon.ico HTTP/1.1" 200 15406
2026-03-10 18:16:06,576 [INFO] django.server: "GET /?tab=researchers HTTP/1.1" 200 8918
2026-03-10 18:16:06,605 [WARNING] django.request: Not Found: /.well-known/appspecific/com.chrome.devtools.json
2026-03-10 18:16:06,605 [WARNING] django.server: "GET /.well-known/appspecific/com.chrome.devtools.json HTTP/1.1" 404 13603
2026-03-10 18:16:06,607 [INFO] django.server: "GET /static/main/css/style.css HTTP/1.1" 304 0
2026-03-10 18:16:07,062 [INFO] django.server: "GET /?tab=documents HTTP/1.1" 200 8246
2026-03-10 18:16:07,086 [WARNING] django.request: Not Found: /.well-known/appspecific/com.chrome.devtools.json
2026-03-10 18:16:07,087 [WARNING] django.server: "GET /.well-known/appspecific/com.chrome.devtools.json HTTP/1.1" 404 13603
2026-03-10 18:16:07,092 [INFO] django.server: "GET /static/main/css/style.css HTTP/1.1" 304 0
2026-03-10 18:16:08,519 [INFO] django.server: "GET /?tab=researchers HTTP/1.1" 200 8918
2026-03-10 18:16:08,544 [WARNING] django.request: Not Found: /.well-known/appspecific/com.chrome.devtools.json
2026-03-10 18:16:08,544 [WARNING] django.server: "GET /.well-known/appspecific/com.chrome.devtools.json HTTP/1.1" 404 13603
2026-03-10 18:16:08,550 [INFO] django.server: "GET /static/main/css/style.css HTTP/1.1" 304 0
2026-03-10 18:16:10,034 [INFO] django.server: "GET /?tab=documents HTTP/1.1" 200 8246
2026-03-10 18:16:10,061 [WARNING] django.request: Not Found: /.well-known/appspecific/com.chrome.devtools.json
2026-03-10 18:16:10,061 [WARNING] django.server: "GET /.well-known/appspecific/com.chrome.devtools.json HTTP/1.1" 404 13603
2026-03-10 18:16:10,067 [INFO] django.server: "GET /static/main/css/style.css HTTP/1.1" 304 0
2026-03-10 18:16:17,616 [INFO] django.server: "GET /?tab=documents HTTP/1.1" 200 8246
2026-03-10 18:16:17,645 [WARNING] django.request: Not Found: /.well-known/appspecific/com.chrome.devtools.json
2026-03-10 18:16:17,646 [WARNING] django.server: "GET /.well-known/appspecific/com.chrome.devtools.json HTTP/1.1" 404 13603
2026-03-10 18:16:17,660 [INFO] django.server: "GET /static/main/css/style.css HTTP/1.1" 200 18559
2026-03-10 18:16:17,660 [INFO] django.server: "GET /static/main/images/icon.png HTTP/1.1" 200 49378
2026-03-10 18:16:17,668 [INFO] django.server: "GET /static/main/scripts/app_feedback.js HTTP/1.1" 200 1259
2026-03-10 18:16:18,140 [INFO] django.server: "GET /static/main/images/favicon.ico HTTP/1.1" 200 15406
2026-03-10 18:16:19,648 [INFO] django.server: "GET /?tab=researchers HTTP/1.1" 200 8918
2026-03-10 18:16:19,672 [WARNING] django.request: Not Found: /.well-known/appspecific/com.chrome.devtools.json
2026-03-10 18:16:19,672 [WARNING] django.server: "GET /.well-known/appspecific/com.chrome.devtools.json HTTP/1.1" 404 13603
2026-03-10 18:16:19,680 [INFO] django.server: "GET /static/main/css/style.css HTTP/1.1" 304 0
2026-03-10 18:16:31,842 [INFO] django.server: "GET /?tab=researchers HTTP/1.1" 200 8918
2026-03-10 18:16:31,874 [WARNING] django.request: Not Found: /.well-known/appspecific/com.chrome.devtools.json
2026-03-10 18:16:31,875 [WARNING] django.server: "GET /.well-known/appspecific/com.chrome.devtools.json HTTP/1.1" 404 13603
2026-03-10 18:16:31,886 [INFO] django.server: "GET /static/main/css/style.css HTTP/1.1" 200 18559
2026-03-10 18:16:31,886 [INFO] django.server: "GET /static/main/images/icon.png HTTP/1.1" 200 49378
2026-03-10 18:16:31,896 [INFO] django.server: "GET /static/main/scripts/app_feedback.js HTTP/1.1" 200 1259
2026-03-10 18:16:33,190 [INFO] django.server: "GET /static/main/images/favicon.ico HTTP/1.1" 200 15406
2026-03-10 18:16:41,865 [INFO] django.server: "GET /?tab=documents HTTP/1.1" 200 8246
2026-03-10 18:16:41,891 [WARNING] django.request: Not Found: /.well-known/appspecific/com.chrome.devtools.json
2026-03-10 18:16:41,891 [WARNING] django.server: "GET /.well-known/appspecific/com.chrome.devtools.json HTTP/1.1" 404 13603
2026-03-10 18:16:41,898 [INFO] django.server: "GET /static/main/css/style.css HTTP/1.1" 304 0
2026-03-10 18:16:54,376 [INFO] django.server: "GET /?tab=documents HTTP/1.1" 200 8246
2026-03-10 18:16:54,406 [WARNING] django.request: Not Found: /.well-known/appspecific/com.chrome.devtools.json
2026-03-10 18:16:54,407 [WARNING] django.server: "GET /.well-known/appspecific/com.chrome.devtools.json HTTP/1.1" 404 13603
2026-03-10 18:16:54,419 [INFO] django.server: "GET /static/main/css/style.css HTTP/1.1" 200 18559
2026-03-10 18:16:54,420 [INFO] django.server: "GET /static/main/images/icon.png HTTP/1.1" 200 49378
2026-03-10 18:16:54,428 [INFO] django.server: "GET /static/main/scripts/app_feedback.js HTTP/1.1" 200 1259
2026-03-10 18:16:56,614 [INFO] django.server: "GET /static/main/images/favicon.ico HTTP/1.1" 200 15406
2026-03-10 18:17:08,502 [INFO] django.server: "GET /?tab=documents HTTP/1.1" 200 8246
2026-03-10 18:17:08,536 [WARNING] django.request: Not Found: /.well-known/appspecific/com.chrome.devtools.json
2026-03-10 18:17:08,537 [WARNING] django.server: "GET /.well-known/appspecific/com.chrome.devtools.json HTTP/1.1" 404 13603
2026-03-10 18:17:08,549 [INFO] django.server: "GET /static/main/css/style.css HTTP/1.1" 200 18566
2026-03-10 18:17:08,549 [INFO] django.server: "GET /static/main/images/icon.png HTTP/1.1" 200 49378
2026-03-10 18:17:08,553 [INFO] django.server: "GET /static/main/scripts/app_feedback.js HTTP/1.1" 200 1259
2026-03-10 18:17:09,620 [INFO] django.server: "GET /static/main/images/favicon.ico HTTP/1.1" 200 15406
2026-03-10 18:17:25,785 [INFO] django.server: "GET /?tab=documents HTTP/1.1" 200 8246
2026-03-10 18:17:25,811 [WARNING] django.request: Not Found: /.well-known/appspecific/com.chrome.devtools.json
2026-03-10 18:17:25,811 [WARNING] django.server: "GET /.well-known/appspecific/com.chrome.devtools.json HTTP/1.1" 404 13603
2026-03-10 18:17:25,832 [INFO] django.server: "GET /static/main/css/style.css HTTP/1.1" 200 18593
2026-03-10 18:17:25,833 [INFO] django.server: "GET /static/main/images/icon.png HTTP/1.1" 200 49378
2026-03-10 18:17:25,837 [INFO] django.server: "GET /static/main/scripts/app_feedback.js HTTP/1.1" 200 1259
2026-03-10 18:17:27,460 [INFO] django.server: "GET /?tab=researchers HTTP/1.1" 200 8918
2026-03-10 18:17:27,487 [WARNING] django.request: Not Found: /.well-known/appspecific/com.chrome.devtools.json
2026-03-10 18:17:27,487 [WARNING] django.server: "GET /.well-known/appspecific/com.chrome.devtools.json HTTP/1.1" 404 13603
2026-03-10 18:17:27,493 [INFO] django.server: "GET /static/main/css/style.css HTTP/1.1" 304 0
2026-03-10 18:17:28,591 [INFO] django.server: "GET /?tab=documents HTTP/1.1" 200 8246
2026-03-10 18:17:28,617 [WARNING] django.request: Not Found: /.well-known/appspecific/com.chrome.devtools.json
2026-03-10 18:17:28,617 [WARNING] django.server: "GET /.well-known/appspecific/com.chrome.devtools.json HTTP/1.1" 404 13603
2026-03-10 18:17:28,622 [INFO] django.server: "GET /static/main/css/style.css HTTP/1.1" 304 0
2026-03-10 18:17:29,805 [INFO] django.server: "GET /?tab=researchers HTTP/1.1" 200 8918
2026-03-10 18:17:29,833 [WARNING] django.request: Not Found: /.well-known/appspecific/com.chrome.devtools.json
2026-03-10 18:17:29,834 [WARNING] django.server: "GET /.well-known/appspecific/com.chrome.devtools.json HTTP/1.1" 404 13603
2026-03-10 18:17:29,837 [INFO] django.server: "GET /static/main/css/style.css HTTP/1.1" 304 0
2026-03-10 18:17:30,767 [INFO] django.server: "GET /?tab=documents HTTP/1.1" 200 8246
2026-03-10 18:17:30,794 [WARNING] django.request: Not Found: /.well-known/appspecific/com.chrome.devtools.json
2026-03-10 18:17:30,795 [WARNING] django.server: "GET /.well-known/appspecific/com.chrome.devtools.json HTTP/1.1" 404 13603
2026-03-10 18:17:30,798 [INFO] django.server: "GET /static/main/css/style.css HTTP/1.1" 304 0
2026-03-10 18:17:38,956 [INFO] django.server: "GET /?tab=documents HTTP/1.1" 200 8246
2026-03-10 18:17:38,987 [WARNING] django.request: Not Found: /.well-known/appspecific/com.chrome.devtools.json
2026-03-10 18:17:38,988 [WARNING] django.server: "GET /.well-known/appspecific/com.chrome.devtools.json HTTP/1.1" 404 13603
2026-03-10 18:17:38,998 [INFO] django.server: "GET /static/main/css/style.css HTTP/1.1" 200 18593
2026-03-10 18:17:38,998 [INFO] django.server: "GET /static/main/images/icon.png HTTP/1.1" 200 49378
2026-03-10 18:17:39,007 [INFO] django.server: "GET /static/main/scripts/app_feedback.js HTTP/1.1" 200 1259
2026-03-10 18:17:39,679 [INFO] django.server: "GET /static/main/images/favicon.ico HTTP/1.1" 200 15406
2026-03-10 18:17:45,655 [INFO] django.server: "GET /?tab=documents HTTP/1.1" 200 8246
2026-03-10 18:17:45,684 [WARNING] django.request: Not Found: /.well-known/appspecific/com.chrome.devtools.json
2026-03-10 18:17:45,685 [WARNING] django.server: "GET /.well-known/appspecific/com.chrome.devtools.json HTTP/1.1" 404 13603
2026-03-10 18:17:45,695 [INFO] django.server: "GET /static/main/css/style.css HTTP/1.1" 200 18593
2026-03-10 18:17:45,696 [INFO] django.server: "GET /static/main/images/icon.png HTTP/1.1" 200 49378
2026-03-10 18:17:45,709 [INFO] django.server: "GET /static/main/scripts/app_feedback.js HTTP/1.1" 200 1259
2026-03-10 18:17:46,558 [INFO] django.server: "GET /static/main/images/favicon.ico HTTP/1.1" 200 15406
2026-03-10 18:17:47,437 [INFO] django.server: "GET /?tab=researchers HTTP/1.1" 200 8918
2026-03-10 18:17:47,467 [WARNING] django.request: Not Found: /.well-known/appspecific/com.chrome.devtools.json
2026-03-10 18:17:47,468 [INFO] django.server: "GET /static/main/css/style.css HTTP/1.1" 304 0
2026-03-10 18:17:47,470 [WARNING] django.server: "GET /.well-known/appspecific/com.chrome.devtools.json HTTP/1.1" 404 13603
2026-03-10 18:17:48,616 [INFO] django.server: "GET /?tab=documents HTTP/1.1" 200 8246
2026-03-10 18:17:48,642 [WARNING] django.request: Not Found: /.well-known/appspecific/com.chrome.devtools.json
2026-03-10 18:17:48,643 [WARNING] django.server: "GET /.well-known/appspecific/com.chrome.devtools.json HTTP/1.1" 404 13603
2026-03-10 18:17:48,648 [INFO] django.server: "GET /static/main/css/style.css HTTP/1.1" 304 0
2026-03-10 18:18:05,319 [INFO] django.server: "GET /?tab=documents HTTP/1.1" 200 8246
2026-03-10 18:18:05,350 [WARNING] django.request: Not Found: /.well-known/appspecific/com.chrome.devtools.json
2026-03-10 18:18:05,350 [WARNING] django.server: "GET /.well-known/appspecific/com.chrome.devtools.json HTTP/1.1" 404 13603
2026-03-10 18:18:05,363 [INFO] django.server: "GET /static/main/css/style.css HTTP/1.1" 200 18655
2026-03-10 18:18:05,363 [INFO] django.server: "GET /static/main/images/icon.png HTTP/1.1" 200 49378
2026-03-10 18:18:05,369 [INFO] django.server: "GET /static/main/scripts/app_feedback.js HTTP/1.1" 200 1259
2026-03-10 18:18:08,729 [INFO] django.server: "GET /static/main/images/favicon.ico HTTP/1.1" 200 15406
2026-03-10 18:18:09,541 [INFO] django.server: "GET /?tab=researchers HTTP/1.1" 200 8918
2026-03-10 18:18:09,566 [WARNING] django.request: Not Found: /.well-known/appspecific/com.chrome.devtools.json
2026-03-10 18:18:09,566 [WARNING] django.server: "GET /.well-known/appspecific/com.chrome.devtools.json HTTP/1.1" 404 13603
2026-03-10 18:18:09,572 [INFO] django.server: "GET /static/main/css/style.css HTTP/1.1" 304 0
2026-03-10 18:18:10,374 [INFO] django.server: "GET /?tab=documents HTTP/1.1" 200 8246
2026-03-10 18:18:10,399 [WARNING] django.request: Not Found: /.well-known/appspecific/com.chrome.devtools.json
2026-03-10 18:18:10,399 [WARNING] django.server: "GET /.well-known/appspecific/com.chrome.devtools.json HTTP/1.1" 404 13603
2026-03-10 18:18:10,406 [INFO] django.server: "GET /static/main/css/style.css HTTP/1.1" 304 0
2026-03-10 18:18:11,092 [INFO] django.server: "GET /?tab=researchers HTTP/1.1" 200 8918
2026-03-10 18:18:11,117 [WARNING] django.request: Not Found: /.well-known/appspecific/com.chrome.devtools.json
2026-03-10 18:18:11,117 [WARNING] django.server: "GET /.well-known/appspecific/com.chrome.devtools.json HTTP/1.1" 404 13603
2026-03-10 18:18:11,123 [INFO] django.server: "GET /static/main/css/style.css HTTP/1.1" 304 0
2026-03-10 18:18:11,905 [INFO] django.server: "GET /?tab=documents HTTP/1.1" 200 8246
2026-03-10 18:18:11,930 [WARNING] django.request: Not Found: /.well-known/appspecific/com.chrome.devtools.json
2026-03-10 18:18:11,930 [WARNING] django.server: "GET /.well-known/appspecific/com.chrome.devtools.json HTTP/1.1" 404 13603
2026-03-10 18:18:11,936 [INFO] django.server: "GET /static/main/css/style.css HTTP/1.1" 304 0
2026-03-10 18:18:12,518 [INFO] django.server: "GET /?tab=researchers HTTP/1.1" 200 8918
2026-03-10 18:18:12,548 [WARNING] django.request: Not Found: /.well-known/appspecific/com.chrome.devtools.json
2026-03-10 18:18:12,548 [WARNING] django.server: "GET /.well-known/appspecific/com.chrome.devtools.json HTTP/1.1" 404 13603
2026-03-10 18:18:12,552 [INFO] django.server: "GET /static/main/css/style.css HTTP/1.1" 304 0
2026-03-10 18:18:13,010 [INFO] django.server: "GET /?tab=documents HTTP/1.1" 200 8246
2026-03-10 18:18:13,041 [WARNING] django.request: Not Found: /.well-known/appspecific/com.chrome.devtools.json
2026-03-10 18:18:13,042 [WARNING] django.server: "GET /.well-known/appspecific/com.chrome.devtools.json HTTP/1.1" 404 13603
2026-03-10 18:18:13,044 [INFO] django.server: "GET /static/main/css/style.css HTTP/1.1" 304 0
2026-03-10 18:18:13,720 [INFO] django.server: "GET /?tab=researchers HTTP/1.1" 200 8918
2026-03-10 18:18:13,745 [WARNING] django.request: Not Found: /.well-known/appspecific/com.chrome.devtools.json
2026-03-10 18:18:13,745 [WARNING] django.server: "GET /.well-known/appspecific/com.chrome.devtools.json HTTP/1.1" 404 13603
2026-03-10 18:18:14,824 [INFO] django.server: "GET /?tab=documents HTTP/1.1" 200 8246
2026-03-10 18:18:14,854 [WARNING] django.request: Not Found: /.well-known/appspecific/com.chrome.devtools.json
2026-03-10 18:18:14,855 [WARNING] django.server: "GET /.well-known/appspecific/com.chrome.devtools.json HTTP/1.1" 404 13603
2026-03-10 18:18:14,857 [INFO] django.server: "GET /static/main/css/style.css HTTP/1.1" 304 0
2026-03-10 18:18:19,078 [INFO] django.server: "GET /?tab=researchers HTTP/1.1" 200 8918
2026-03-10 18:18:19,109 [WARNING] django.request: Not Found: /.well-known/appspecific/com.chrome.devtools.json
2026-03-10 18:18:19,110 [WARNING] django.server: "GET /.well-known/appspecific/com.chrome.devtools.json HTTP/1.1" 404 13603
2026-03-10 18:18:19,111 [INFO] django.server: "GET /static/main/css/style.css HTTP/1.1" 304 0
2026-03-10 18:18:20,545 [INFO] django.server: "GET /?tab=documents HTTP/1.1" 200 8246
2026-03-10 18:18:20,577 [WARNING] django.request: Not Found: /.well-known/appspecific/com.chrome.devtools.json
2026-03-10 18:18:20,578 [WARNING] django.server: "GET /.well-known/appspecific/com.chrome.devtools.json HTTP/1.1" 404 13603
2026-03-10 18:18:20,578 [INFO] django.server: "GET /static/main/css/style.css HTTP/1.1" 304 0
2026-03-10 18:19:06,556 [INFO] django.server: "GET /account/ HTTP/1.1" 302 0
2026-03-10 18:19:06,577 [INFO] django.server: "GET /employees/74/ HTTP/1.1" 200 19053
2026-03-10 18:19:07,057 [WARNING] django.request: Not Found: /.well-known/appspecific/com.chrome.devtools.json
2026-03-10 18:19:07,057 [WARNING] django.server: "GET /.well-known/appspecific/com.chrome.devtools.json HTTP/1.1" 404 13603
2026-03-10 18:19:07,059 [INFO] django.server: "GET /static/main/css/style.css HTTP/1.1" 304 0
2026-03-10 18:19:23,264 [INFO] django.server: "GET /employees/74/ HTTP/1.1" 200 19053
2026-03-10 18:19:23,293 [WARNING] django.request: Not Found: /.well-known/appspecific/com.chrome.devtools.json
2026-03-10 18:19:23,293 [WARNING] django.server: "GET /.well-known/appspecific/com.chrome.devtools.json HTTP/1.1" 404 13603
2026-03-10 18:19:23,306 [INFO] django.server: "GET /static/main/css/style.css HTTP/1.1" 200 18655
2026-03-10 18:19:23,307 [INFO] django.server: "GET /static/main/images/icon.png HTTP/1.1" 200 49378
2026-03-10 18:19:23,307 [INFO] django.server: "GET /media/user_photos/WhatsApp_Image_2025-11-10_at_12.37.23.jpeg HTTP/1.1" 200 146758
2026-03-10 18:19:23,317 [INFO] django.server: "GET /static/main/scripts/app_feedback.js HTTP/1.1" 200 1259
2026-03-10 18:19:24,097 [INFO] django.server: "GET /static/main/images/favicon.ico HTTP/1.1" 200 15406
2026-03-10 18:19:24,310 [INFO] django.server: "GET / HTTP/1.1" 200 8246
2026-03-10 18:19:24,338 [WARNING] django.request: Not Found: /.well-known/appspecific/com.chrome.devtools.json
2026-03-10 18:19:24,338 [WARNING] django.server: "GET /.well-known/appspecific/com.chrome.devtools.json HTTP/1.1" 404 13603
2026-03-10 18:19:26,759 [INFO] django.server: "GET /account/ HTTP/1.1" 302 0
2026-03-10 18:19:26,774 [INFO] django.server: "GET /employees/74/ HTTP/1.1" 200 19053
2026-03-10 18:19:26,816 [WARNING] django.request: Not Found: /.well-known/appspecific/com.chrome.devtools.json
2026-03-10 18:19:26,816 [WARNING] django.server: "GET /.well-known/appspecific/com.chrome.devtools.json HTTP/1.1" 404 13603
2026-03-10 18:19:28,913 [INFO] django.server: "GET / HTTP/1.1" 200 8246
2026-03-10 18:19:28,946 [WARNING] django.request: Not Found: /.well-known/appspecific/com.chrome.devtools.json
2026-03-10 18:19:28,946 [WARNING] django.server: "GET /.well-known/appspecific/com.chrome.devtools.json HTTP/1.1" 404 13603
2026-03-10 18:25:50,655 [INFO] django.server: "GET / HTTP/1.1" 200 8246
2026-03-10 18:25:50,685 [WARNING] django.request: Not Found: /.well-known/appspecific/com.chrome.devtools.json
2026-03-10 18:25:50,686 [WARNING] django.server: "GET /.well-known/appspecific/com.chrome.devtools.json HTTP/1.1" 404 13603
2026-03-10 18:25:50,703 [INFO] django.server: "GET /static/main/css/style.css HTTP/1.1" 200 18655
2026-03-10 18:25:50,704 [INFO] django.server: "GET /static/main/images/icon.png HTTP/1.1" 200 49378
2026-03-10 18:25:50,712 [INFO] django.server: "GET /static/main/scripts/app_feedback.js HTTP/1.1" 200 1259
2026-03-10 18:25:53,845 [INFO] django.server: "GET /static/main/images/favicon.ico HTTP/1.1" 200 15406
2026-03-10 18:25:54,985 [INFO] django.server: "GET /?tab=documents HTTP/1.1" 200 8246
2026-03-10 18:25:55,017 [WARNING] django.request: Not Found: /.well-known/appspecific/com.chrome.devtools.json
2026-03-10 18:25:55,018 [WARNING] django.server: "GET /.well-known/appspecific/com.chrome.devtools.json HTTP/1.1" 404 13603
2026-03-10 18:25:55,657 [INFO] django.server: "GET /?tab=researchers HTTP/1.1" 200 8918
2026-03-10 18:25:55,681 [WARNING] django.request: Not Found: /.well-known/appspecific/com.chrome.devtools.json
2026-03-10 18:25:55,682 [WARNING] django.server: "GET /.well-known/appspecific/com.chrome.devtools.json HTTP/1.1" 404 13603
2026-03-10 18:25:56,321 [INFO] django.server: "GET /?tab=documents HTTP/1.1" 200 8246
2026-03-10 18:25:56,346 [WARNING] django.request: Not Found: /.well-known/appspecific/com.chrome.devtools.json
2026-03-10 18:25:56,347 [WARNING] django.server: "GET /.well-known/appspecific/com.chrome.devtools.json HTTP/1.1" 404 13603
2026-03-10 18:26:02,804 [INFO] django.server: "GET /documents HTTP/1.1" 200 31573
2026-03-10 18:26:02,835 [WARNING] django.request: Not Found: /.well-known/appspecific/com.chrome.devtools.json
2026-03-10 18:26:02,836 [WARNING] django.server: "GET /.well-known/appspecific/com.chrome.devtools.json HTTP/1.1" 404 13603
2026-03-10 18:26:03,237 [INFO] django.server: "GET /account/ HTTP/1.1" 302 0
2026-03-10 18:26:03,257 [INFO] django.server: "GET /employees/74/ HTTP/1.1" 200 19053
2026-03-10 18:26:03,994 [INFO] django.server: "GET /account/ HTTP/1.1" 302 0
2026-03-10 18:26:04,007 [INFO] django.server: "GET /employees/74/ HTTP/1.1" 200 19053
2026-03-10 18:26:04,169 [INFO] django.server: "GET /account/ HTTP/1.1" 302 0
2026-03-10 18:26:04,184 [INFO] django.server: "GET /employees/74/ HTTP/1.1" 200 19053
2026-03-10 18:26:04,532 [WARNING] django.request: Not Found: /.well-known/appspecific/com.chrome.devtools.json
2026-03-10 18:26:04,533 [WARNING] django.server: "GET /.well-known/appspecific/com.chrome.devtools.json HTTP/1.1" 404 13603
2026-03-10 18:26:04,533 [INFO] django.server: "GET /media/user_photos/WhatsApp_Image_2025-11-10_at_12.37.23.jpeg HTTP/1.1" 304 0
2026-03-10 18:26:05,431 [INFO] django.server: "GET /documents HTTP/1.1" 200 31573
2026-03-10 18:26:05,468 [WARNING] django.request: Not Found: /.well-known/appspecific/com.chrome.devtools.json
2026-03-10 18:26:05,468 [WARNING] django.server: "GET /.well-known/appspecific/com.chrome.devtools.json HTTP/1.1" 404 13603
2026-03-10 18:26:06,065 [INFO] django.server: "GET / HTTP/1.1" 200 8246
2026-03-10 18:26:06,093 [WARNING] django.request: Not Found: /.well-known/appspecific/com.chrome.devtools.json
2026-03-10 18:26:06,093 [WARNING] django.server: "GET /.well-known/appspecific/com.chrome.devtools.json HTTP/1.1" 404 13603
2026-03-10 18:26:07,516 [INFO] django.server: "GET /?tab=researchers HTTP/1.1" 200 8918
2026-03-10 18:26:07,543 [WARNING] django.request: Not Found: /.well-known/appspecific/com.chrome.devtools.json
2026-03-10 18:26:07,543 [WARNING] django.server: "GET /.well-known/appspecific/com.chrome.devtools.json HTTP/1.1" 404 13603
2026-03-10 18:26:08,298 [INFO] django.server: "GET /?tab=documents HTTP/1.1" 200 8246
2026-03-10 18:26:08,328 [WARNING] django.request: Not Found: /.well-known/appspecific/com.chrome.devtools.json
2026-03-10 18:26:08,329 [WARNING] django.server: "GET /.well-known/appspecific/com.chrome.devtools.json HTTP/1.1" 404 13603
2026-03-10 18:26:08,782 [INFO] django.server: "GET /?tab=researchers HTTP/1.1" 200 8918
2026-03-10 18:26:08,815 [WARNING] django.request: Not Found: /.well-known/appspecific/com.chrome.devtools.json
2026-03-10 18:26:08,815 [WARNING] django.server: "GET /.well-known/appspecific/com.chrome.devtools.json HTTP/1.1" 404 13603
2026-03-10 18:26:12,866 [INFO] django.server: "GET /?tab=documents HTTP/1.1" 200 8246
2026-03-10 18:26:12,902 [WARNING] django.request: Not Found: /.well-known/appspecific/com.chrome.devtools.json
2026-03-10 18:26:12,902 [WARNING] django.server: "GET /.well-known/appspecific/com.chrome.devtools.json HTTP/1.1" 404 13603
2026-03-10 18:26:14,278 [INFO] django.server: "GET /?tab=researchers HTTP/1.1" 200 8918
2026-03-10 18:26:14,311 [WARNING] django.request: Not Found: /.well-known/appspecific/com.chrome.devtools.json
2026-03-10 18:26:14,312 [WARNING] django.server: "GET /.well-known/appspecific/com.chrome.devtools.json HTTP/1.1" 404 13603
2026-03-10 18:26:16,974 [INFO] django.server: "GET /?tab=researchers&researcher_last_name=&researcher_first_name=&research_q=&researcher_department=&researcher_scope=staff&researcher_gender= HTTP/1.1" 200 32672
2026-03-10 18:26:17,006 [WARNING] django.request: Not Found: /.well-known/appspecific/com.chrome.devtools.json
2026-03-10 18:26:17,007 [WARNING] django.server: "GET /.well-known/appspecific/com.chrome.devtools.json HTTP/1.1" 404 13603
2026-03-10 18:27:06,478 [INFO] django.utils.autoreload: D:\PROJECTs\su_science\project\project\settings.py changed, reloading.
2026-03-10 18:27:07,020 [INFO] django.utils.autoreload: Watching for file changes with StatReloader
2026-03-10 18:28:23,994 [INFO] django.server: "GET /?tab=researchers&researcher_last_name=&researcher_first_name=&research_q=&researcher_department=&researcher_scope=staff&researcher_gender= HTTP/1.1" 200 23712
2026-03-10 18:28:24,042 [WARNING] django.request: Not Found: /.well-known/appspecific/com.chrome.devtools.json
2026-03-10 18:28:24,043 [WARNING] django.server: "GET /.well-known/appspecific/com.chrome.devtools.json HTTP/1.1" 404 13603
2026-03-10 18:28:24,043 [INFO] django.server: "GET /static/main/css/style.css HTTP/1.1" 304 0
2026-03-10 18:28:24,185 [INFO] utils.email_service: Email sent subject=SU Science SMTP test recipients=1 sent=1
2026-03-10 18:28:26,102 [INFO] django.server: "GET /?tab=researchers&researcher_last_name=&researcher_first_name=&research_q=&researcher_department=&researcher_scope=staff&researcher_gender= HTTP/1.1" 200 23712
2026-03-10 18:28:26,134 [WARNING] django.request: Not Found: /.well-known/appspecific/com.chrome.devtools.json
2026-03-10 18:28:26,134 [WARNING] django.server: "GET /.well-known/appspecific/com.chrome.devtools.json HTTP/1.1" 404 13603
2026-03-10 18:29:46,087 [INFO] django.server: "GET /?tab=researchers HTTP/1.1" 200 8918
2026-03-10 18:29:46,118 [WARNING] django.request: Not Found: /.well-known/appspecific/com.chrome.devtools.json
2026-03-10 18:29:46,119 [WARNING] django.server: "GET /.well-known/appspecific/com.chrome.devtools.json HTTP/1.1" 404 13603
2026-03-10 18:29:46,126 [INFO] django.server: "GET /static/main/css/style.css HTTP/1.1" 304 0
2026-03-10 18:29:46,269 [INFO] django.server: "GET /?tab=researchers HTTP/1.1" 200 8918
2026-03-10 18:29:46,299 [WARNING] django.request: Not Found: /.well-known/appspecific/com.chrome.devtools.json
2026-03-10 18:29:46,300 [WARNING] django.server: "GET /.well-known/appspecific/com.chrome.devtools.json HTTP/1.1" 404 13603
2026-03-10 18:31:19,444 [INFO] django.server: "GET /?tab=researchers&researcher_last_name=&researcher_first_name=&research_q=&researcher_department=&researcher_scope=&researcher_gender= HTTP/1.1" 200 8918
2026-03-10 18:31:19,473 [WARNING] django.request: Not Found: /.well-known/appspecific/com.chrome.devtools.json
2026-03-10 18:31:19,474 [WARNING] django.server: "GET /.well-known/appspecific/com.chrome.devtools.json HTTP/1.1" 404 13603
2026-03-10 18:31:19,482 [INFO] django.server: "GET /static/main/css/style.css HTTP/1.1" 304 0
2026-03-10 18:31:20,430 [INFO] django.server: "GET /?tab=researchers HTTP/1.1" 200 8918
2026-03-10 18:31:20,455 [WARNING] django.request: Not Found: /.well-known/appspecific/com.chrome.devtools.json
2026-03-10 18:31:20,456 [WARNING] django.server: "GET /.well-known/appspecific/com.chrome.devtools.json HTTP/1.1" 404 13603
2026-03-10 18:31:21,331 [INFO] django.server: "GET /?tab=researchers&researcher_last_name=&researcher_first_name=&research_q=&researcher_department=&researcher_scope=&researcher_gender= HTTP/1.1" 200 8918
2026-03-10 18:31:21,359 [WARNING] django.request: Not Found: /.well-known/appspecific/com.chrome.devtools.json
2026-03-10 18:31:21,361 [WARNING] django.server: "GET /.well-known/appspecific/com.chrome.devtools.json HTTP/1.1" 404 13603
2026-03-10 18:31:21,626 [INFO] django.server: "GET /?tab=researchers&researcher_last_name=&researcher_first_name=&research_q=&researcher_department=&researcher_scope=&researcher_gender= HTTP/1.1" 200 8918
2026-03-10 18:31:21,662 [WARNING] django.request: Not Found: /.well-known/appspecific/com.chrome.devtools.json
2026-03-10 18:31:21,663 [WARNING] django.server: "GET /.well-known/appspecific/com.chrome.devtools.json HTTP/1.1" 404 13603
2026-03-10 18:31:37,260 [INFO] django.server: "GET /?tab=researchers&researcher_last_name=&researcher_first_name=&research_q=&researcher_department=&researcher_scope=&researcher_gender= HTTP/1.1" 200 8918
2026-03-10 18:31:37,293 [WARNING] django.request: Not Found: /.well-known/appspecific/com.chrome.devtools.json
2026-03-10 18:31:37,294 [WARNING] django.server: "GET /.well-known/appspecific/com.chrome.devtools.json HTTP/1.1" 404 13603
2026-03-10 18:31:37,550 [INFO] django.server: "GET /?tab=researchers&researcher_last_name=&researcher_first_name=&research_q=&researcher_department=&researcher_scope=&researcher_gender= HTTP/1.1" 200 8918
2026-03-10 18:31:37,579 [WARNING] django.request: Not Found: /.well-known/appspecific/com.chrome.devtools.json
2026-03-10 18:31:37,580 [WARNING] django.server: "GET /.well-known/appspecific/com.chrome.devtools.json HTTP/1.1" 404 13603
2026-03-10 18:31:37,750 [INFO] django.server: "GET /?tab=researchers&researcher_last_name=&researcher_first_name=&research_q=&researcher_department=&researcher_scope=&researcher_gender= HTTP/1.1" 200 8918
2026-03-10 18:31:37,777 [WARNING] django.request: Not Found: /.well-known/appspecific/com.chrome.devtools.json
2026-03-10 18:31:37,777 [WARNING] django.server: "GET /.well-known/appspecific/com.chrome.devtools.json HTTP/1.1" 404 13603
2026-03-10 18:31:37,936 [INFO] django.server: "GET /?tab=researchers&researcher_last_name=&researcher_first_name=&research_q=&researcher_department=&researcher_scope=&researcher_gender= HTTP/1.1" 200 8918
2026-03-10 18:31:37,967 [WARNING] django.request: Not Found: /.well-known/appspecific/com.chrome.devtools.json
2026-03-10 18:31:37,968 [WARNING] django.server: "GET /.well-known/appspecific/com.chrome.devtools.json HTTP/1.1" 404 13603
2026-03-10 18:31:38,441 [INFO] django.server: "GET /?tab=documents HTTP/1.1" 200 8246
2026-03-10 18:31:38,471 [WARNING] django.request: Not Found: /.well-known/appspecific/com.chrome.devtools.json
2026-03-10 18:31:38,472 [WARNING] django.server: "GET /.well-known/appspecific/com.chrome.devtools.json HTTP/1.1" 404 13603
2026-03-10 18:31:39,143 [INFO] django.server: "GET /?tab=researchers HTTP/1.1" 200 8918
2026-03-10 18:31:39,176 [WARNING] django.request: Not Found: /.well-known/appspecific/com.chrome.devtools.json
2026-03-10 18:31:39,176 [WARNING] django.server: "GET /.well-known/appspecific/com.chrome.devtools.json HTTP/1.1" 404 13603
2026-03-10 18:31:39,993 [INFO] django.server: "GET /?tab=researchers&researcher_last_name=&researcher_first_name=&research_q=&researcher_department=&researcher_scope=&researcher_gender= HTTP/1.1" 200 8918
2026-03-10 18:31:40,023 [WARNING] django.request: Not Found: /.well-known/appspecific/com.chrome.devtools.json
2026-03-10 18:31:40,024 [WARNING] django.server: "GET /.well-known/appspecific/com.chrome.devtools.json HTTP/1.1" 404 13603
2026-03-10 18:31:40,338 [INFO] django.server: "GET /?tab=researchers&researcher_last_name=&researcher_first_name=&research_q=&researcher_department=&researcher_scope=&researcher_gender= HTTP/1.1" 200 8918
2026-03-10 18:31:40,375 [WARNING] django.request: Not Found: /.well-known/appspecific/com.chrome.devtools.json
2026-03-10 18:31:40,376 [WARNING] django.server: "GET /.well-known/appspecific/com.chrome.devtools.json HTTP/1.1" 404 13603
2026-03-10 18:31:42,907 [INFO] django.server: "GET /?tab=researchers&researcher_last_name=%D0%90%D1%8F%D0%BF%D0%BE%D0%B2&researcher_first_name=%D0%95%D1%80%D0%BB%D0%B0%D0%BD&research_q=www.yerlan4%40gmail.com&researcher_department=&researcher_scope=&researcher_gender= HTTP/1.1" 200 10582
2026-03-10 18:31:42,939 [WARNING] django.request: Not Found: /.well-known/appspecific/com.chrome.devtools.json
2026-03-10 18:31:42,939 [WARNING] django.server: "GET /.well-known/appspecific/com.chrome.devtools.json HTTP/1.1" 404 13603
2026-03-10 18:31:54,576 [INFO] django.server: "GET /?tab=researchers&researcher_last_name=%D0%90%D1%8F%D0%BF%D0%BE%D0%B2&researcher_first_name=%D0%95%D1%80%D0%BB%D0%B0%D0%BD&research_q=www.yerlan4%40gmail.com&researcher_department=&researcher_scope=&researcher_gender= HTTP/1.1" 200 10583
2026-03-10 18:31:54,605 [WARNING] django.request: Not Found: /.well-known/appspecific/com.chrome.devtools.json
2026-03-10 18:31:54,605 [WARNING] django.server: "GET /.well-known/appspecific/com.chrome.devtools.json HTTP/1.1" 404 13603
2026-03-10 18:34:21,053 [INFO] django.server: "GET /?tab=researchers&researcher_last_name=%D0%90%D1%8F%D0%BF%D0%BE%D0%B2&researcher_first_name=%D0%95%D1%80%D0%BB%D0%B0%D0%BD&research_q=www.yerlan4%40gmail.com&researcher_department=&researcher_scope=&researcher_gender= HTTP/1.1" 200 10757
2026-03-10 18:34:21,085 [WARNING] django.request: Not Found: /.well-known/appspecific/com.chrome.devtools.json
2026-03-10 18:34:21,085 [WARNING] django.server: "GET /.well-known/appspecific/com.chrome.devtools.json HTTP/1.1" 404 13603
2026-03-10 18:34:21,089 [INFO] django.server: "GET /static/main/css/style.css HTTP/1.1" 304 0
2026-03-10 18:34:29,245 [INFO] django.server: "GET /?tab=researchers&researcher_last_name=%D0%90%D1%8F%D0%BF%D0%BE%D0%B2&researcher_first_name=%D0%95%D1%80%D0%BB%D0%B0%D0%BD&research_q=www.yerlan4%40gmail.com&researcher_department=&researcher_scope=&researcher_gender= HTTP/1.1" 200 10764
2026-03-10 18:34:29,276 [WARNING] django.request: Not Found: /.well-known/appspecific/com.chrome.devtools.json
2026-03-10 18:34:29,277 [WARNING] django.server: "GET /.well-known/appspecific/com.chrome.devtools.json HTTP/1.1" 404 13603
2026-03-10 18:34:29,334 [INFO] django.server: "GET /static/main/css/style.css HTTP/1.1" 200 18655
2026-03-10 18:34:29,334 [INFO] django.server: "GET /static/main/images/icon.png HTTP/1.1" 200 49378
2026-03-10 18:34:29,339 [INFO] django.server: "GET /static/main/scripts/app_feedback.js HTTP/1.1" 200 1259
2026-03-10 18:34:32,510 [INFO] django.server: "GET /static/main/images/favicon.ico HTTP/1.1" 200 15406
2026-03-10 18:35:47,109 [INFO] django.server: "GET /?tab=researchers&researcher_last_name=%D0%90%D1%8F%D0%BF%D0%BE%D0%B2&researcher_first_name=%D0%95%D1%80%D0%BB%D0%B0%D0%BD&research_q=www.yerlan4%40gmail.com&researcher_department=&researcher_scope=&researcher_gender= HTTP/1.1" 200 12761
2026-03-10 18:35:47,137 [WARNING] django.request: Not Found: /.well-known/appspecific/com.chrome.devtools.json
2026-03-10 18:35:47,138 [WARNING] django.server: "GET /.well-known/appspecific/com.chrome.devtools.json HTTP/1.1" 404 13603
2026-03-10 18:35:47,156 [INFO] django.server: "GET /static/main/css/style.css HTTP/1.1" 200 18655
2026-03-10 18:35:47,157 [INFO] django.server: "GET /static/main/images/icon.png HTTP/1.1" 200 49378
2026-03-10 18:35:47,166 [INFO] django.server: "GET /static/main/scripts/app_feedback.js HTTP/1.1" 200 1259
2026-03-10 18:35:54,112 [INFO] django.server: "GET /static/main/images/favicon.ico HTTP/1.1" 200 15406
2026-03-10 18:36:18,956 [INFO] django.server: "GET /?tab=researchers&researcher_last_name=%D0%90%D1%8F%D0%BF%D0%BE%D0%B2&researcher_first_name=%D0%95%D1%80%D0%BB%D0%B0%D0%BD&research_q=www.yerlan4%40gmail.com&researcher_department=&researcher_scope=&researcher_gender= HTTP/1.1" 200 12759
2026-03-10 18:36:18,982 [WARNING] django.request: Not Found: /.well-known/appspecific/com.chrome.devtools.json
2026-03-10 18:36:18,982 [WARNING] django.server: "GET /.well-known/appspecific/com.chrome.devtools.json HTTP/1.1" 404 13603
2026-03-10 18:37:06,412 [INFO] django.server: "GET /?tab=researchers&researcher_last_name=%D0%90%D1%8F%D0%BF%D0%BE%D0%B2&researcher_first_name=%D0%95%D1%80%D0%BB%D0%B0%D0%BD&research_q=www.yerlan4%40gmail.com&researcher_department=&researcher_scope=&researcher_gender= HTTP/1.1" 200 12797
2026-03-10 18:37:06,446 [WARNING] django.request: Not Found: /.well-known/appspecific/com.chrome.devtools.json
2026-03-10 18:37:06,446 [WARNING] django.server: "GET /.well-known/appspecific/com.chrome.devtools.json HTTP/1.1" 404 13603
2026-03-10 18:37:06,459 [INFO] django.server: "GET /static/main/css/style.css HTTP/1.1" 200 18709
2026-03-10 18:37:06,460 [INFO] django.server: "GET /static/main/images/icon.png HTTP/1.1" 200 49378
2026-03-10 18:37:06,466 [INFO] django.server: "GET /static/main/scripts/app_feedback.js HTTP/1.1" 200 1259
2026-03-10 18:37:11,644 [INFO] django.server: "GET /static/main/images/favicon.ico HTTP/1.1" 200 15406
2026-03-10 18:37:18,777 [INFO] django.server: "GET /?tab=researchers&researcher_last_name=%D0%90%D1%8F%D0%BF%D0%BE%D0%B2&researcher_first_name=%D0%95%D1%80%D0%BB%D0%B0%D0%BD&research_q=www.yerlan4%40gmail.com&researcher_department=&researcher_scope=&researcher_gender= HTTP/1.1" 200 12797
2026-03-10 18:37:18,807 [WARNING] django.request: Not Found: /.well-known/appspecific/com.chrome.devtools.json
2026-03-10 18:37:18,807 [WARNING] django.server: "GET /.well-known/appspecific/com.chrome.devtools.json HTTP/1.1" 404 13603
2026-03-10 18:37:18,820 [INFO] django.server: "GET /static/main/css/style.css HTTP/1.1" 200 18729
2026-03-10 18:37:18,821 [INFO] django.server: "GET /static/main/images/icon.png HTTP/1.1" 200 49378
2026-03-10 18:37:18,830 [INFO] django.server: "GET /static/main/scripts/app_feedback.js HTTP/1.1" 200 1259
2026-03-10 18:37:23,970 [INFO] django.server: "GET /static/main/images/favicon.ico HTTP/1.1" 200 15406
2026-03-10 18:37:35,196 [INFO] django.server: "GET /?tab=researchers&researcher_last_name=%D0%90%D1%8F%D0%BF%D0%BE%D0%B2&researcher_first_name=%D0%95%D1%80%D0%BB%D0%B0%D0%BD&research_q=www.yerlan4%40gmail.com&researcher_department=&researcher_scope=&researcher_gender= HTTP/1.1" 200 12797
2026-03-10 18:37:35,220 [WARNING] django.request: Not Found: /.well-known/appspecific/com.chrome.devtools.json
2026-03-10 18:37:35,220 [WARNING] django.server: "GET /.well-known/appspecific/com.chrome.devtools.json HTTP/1.1" 404 13603
2026-03-10 18:37:35,237 [INFO] django.server: "GET /static/main/css/style.css HTTP/1.1" 200 18729
2026-03-10 18:37:35,238 [INFO] django.server: "GET /static/main/images/icon.png HTTP/1.1" 200 49378
2026-03-10 18:37:35,248 [INFO] django.server: "GET /static/main/scripts/app_feedback.js HTTP/1.1" 200 1259
2026-03-10 18:37:37,944 [INFO] django.server: "GET /static/main/images/favicon.ico HTTP/1.1" 200 15406
2026-03-10 18:37:50,197 [INFO] django.server: "GET /?tab=researchers&researcher_last_name=%D0%90%D1%8F%D0%BF%D0%BE%D0%B2&researcher_first_name=%D0%95%D1%80%D0%BB%D0%B0%D0%BD&research_q=www.yerlan4%40gmail.com&researcher_department=&researcher_scope=&researcher_gender= HTTP/1.1" 200 12797
2026-03-10 18:37:50,229 [WARNING] django.request: Not Found: /.well-known/appspecific/com.chrome.devtools.json
2026-03-10 18:37:50,230 [WARNING] django.server: "GET /.well-known/appspecific/com.chrome.devtools.json HTTP/1.1" 404 13603
2026-03-10 18:37:50,231 [INFO] django.server: "GET /static/main/css/style.css HTTP/1.1" 200 18778
2026-03-10 18:40:45,269 [INFO] django.server: "GET /?tab=researchers&researcher_last_name=%D0%90%D1%8F%D0%BF%D0%BE%D0%B2&researcher_first_name=%D0%95%D1%80%D0%BB%D0%B0%D0%BD&research_q=www.yerlan4%40gmail.com&researcher_department=&researcher_scope=&researcher_gender= HTTP/1.1" 200 12797
2026-03-10 18:40:45,301 [WARNING] django.request: Not Found: /.well-known/appspecific/com.chrome.devtools.json
2026-03-10 18:40:45,302 [WARNING] django.server: "GET /.well-known/appspecific/com.chrome.devtools.json HTTP/1.1" 404 13603
2026-03-10 18:40:45,313 [INFO] django.server: "GET /static/main/css/style.css HTTP/1.1" 200 18778
2026-03-10 18:40:45,313 [INFO] django.server: "GET /static/main/images/icon.png HTTP/1.1" 200 49378
2026-03-10 18:40:45,323 [INFO] django.server: "GET /static/main/scripts/app_feedback.js HTTP/1.1" 200 1259
2026-03-10 18:40:46,399 [INFO] django.server: "GET /static/main/images/favicon.ico HTTP/1.1" 200 15406
2026-03-10 18:40:59,404 [INFO] django.server: "GET /?tab=researchers&researcher_last_name=%D0%90%D1%8F%D0%BF%D0%BE%D0%B2&researcher_first_name=%D0%95%D1%80%D0%BB%D0%B0%D0%BD&research_q=www.yerlan4%40gmail.com&researcher_department=&researcher_scope=&researcher_gender= HTTP/1.1" 200 12797
2026-03-10 18:40:59,432 [WARNING] django.request: Not Found: /.well-known/appspecific/com.chrome.devtools.json
2026-03-10 18:40:59,433 [WARNING] django.server: "GET /.well-known/appspecific/com.chrome.devtools.json HTTP/1.1" 404 13603
2026-03-10 18:40:59,445 [INFO] django.server: "GET /static/main/css/style.css HTTP/1.1" 200 18799
2026-03-10 18:40:59,446 [INFO] django.server: "GET /static/main/images/icon.png HTTP/1.1" 200 49378
2026-03-10 18:40:59,458 [INFO] django.server: "GET /static/main/scripts/app_feedback.js HTTP/1.1" 200 1259
2026-03-10 18:40:59,962 [INFO] django.server: "GET /static/main/images/favicon.ico HTTP/1.1" 200 15406
2026-03-10 18:41:12,114 [INFO] django.server: "GET /?tab=researchers&researcher_last_name=%D0%90%D1%8F%D0%BF%D0%BE%D0%B2&researcher_first_name=%D0%95%D1%80%D0%BB%D0%B0%D0%BD&research_q=www.yerlan4%40gmail.com&researcher_department=&researcher_scope=&researcher_gender= HTTP/1.1" 200 12797
2026-03-10 18:41:12,144 [WARNING] django.request: Not Found: /.well-known/appspecific/com.chrome.devtools.json
2026-03-10 18:41:12,144 [WARNING] django.server: "GET /.well-known/appspecific/com.chrome.devtools.json HTTP/1.1" 404 13603
2026-03-10 18:41:12,168 [INFO] django.server: "GET /static/main/css/style.css HTTP/1.1" 200 18778
2026-03-10 18:41:12,169 [INFO] django.server: "GET /static/main/images/icon.png HTTP/1.1" 200 49378
2026-03-10 18:41:12,187 [INFO] django.server: "GET /static/main/scripts/app_feedback.js HTTP/1.1" 200 1259
2026-03-10 18:41:12,798 [INFO] django.server: "GET /static/main/images/favicon.ico HTTP/1.1" 200 15406
2026-03-10 18:41:34,771 [INFO] django.server: "GET /?tab=researchers&researcher_last_name=%D0%90%D1%8F%D0%BF%D0%BE%D0%B2&researcher_first_name=%D0%95%D1%80%D0%BB%D0%B0%D0%BD&research_q=www.yerlan4%40gmail.com&researcher_department=&researcher_scope=&researcher_gender= HTTP/1.1" 200 12797
2026-03-10 18:41:34,802 [WARNING] django.request: Not Found: /.well-known/appspecific/com.chrome.devtools.json
2026-03-10 18:41:34,802 [WARNING] django.server: "GET /.well-known/appspecific/com.chrome.devtools.json HTTP/1.1" 404 13603
2026-03-10 18:41:34,830 [INFO] django.server: "GET /static/main/css/style.css HTTP/1.1" 200 18797
2026-03-10 18:41:34,832 [INFO] django.server: "GET /static/main/scripts/app_feedback.js HTTP/1.1" 200 1259
2026-03-10 18:41:34,833 [INFO] django.server: "GET /static/main/images/icon.png HTTP/1.1" 200 49378
2026-03-10 18:41:35,565 [INFO] django.server: "GET /static/main/images/favicon.ico HTTP/1.1" 200 15406
2026-03-10 18:47:27,463 [INFO] django.server: "GET /?tab=researchers&researcher_last_name=%D0%90%D1%8F%D0%BF%D0%BE%D0%B2&researcher_first_name=%D0%95%D1%80%D0%BB%D0%B0%D0%BD&research_q=www.yerlan4%40gmail.com&researcher_department=&researcher_scope=&researcher_gender= HTTP/1.1" 200 12797
2026-03-10 18:47:27,494 [WARNING] django.request: Not Found: /.well-known/appspecific/com.chrome.devtools.json
2026-03-10 18:47:27,494 [WARNING] django.server: "GET /.well-known/appspecific/com.chrome.devtools.json HTTP/1.1" 404 13603
2026-03-10 18:47:27,507 [INFO] django.server: "GET /static/main/css/style.css HTTP/1.1" 200 18797
2026-03-10 18:47:27,514 [INFO] django.server: "GET /static/main/images/icon.png HTTP/1.1" 200 49378
2026-03-10 18:47:27,518 [INFO] django.server: "GET /static/main/scripts/app_feedback.js HTTP/1.1" 200 1259
2026-03-10 18:47:30,734 [INFO] django.server: "GET /static/main/images/favicon.ico HTTP/1.1" 200 15406
2026-03-10 18:55:55,716 [INFO] django.server: "GET /?tab=researchers&researcher_last_name=%D0%90%D1%8F%D0%BF%D0%BE%D0%B2&researcher_first_name=%D0%95%D1%80%D0%BB%D0%B0%D0%BD&research_q=www.yerlan4%40gmail.com&researcher_department=&researcher_scope=&researcher_gender= HTTP/1.1" 200 12968
2026-03-10 18:55:55,742 [WARNING] django.request: Not Found: /.well-known/appspecific/com.chrome.devtools.json
2026-03-10 18:55:55,743 [WARNING] django.server: "GET /.well-known/appspecific/com.chrome.devtools.json HTTP/1.1" 404 13603
2026-03-10 18:55:55,762 [INFO] django.server: "GET /static/main/css/style.css HTTP/1.1" 200 18797
2026-03-10 18:55:55,763 [INFO] django.server: "GET /static/main/images/icon.png HTTP/1.1" 200 49378
2026-03-10 18:55:55,780 [INFO] django.server: "GET /static/main/scripts/app_feedback.js HTTP/1.1" 200 1259
2026-03-10 18:55:58,628 [INFO] django.server: "GET /static/main/images/favicon.ico HTTP/1.1" 200 15406
2026-03-10 18:56:14,577 [INFO] django.server: "GET /?tab=documents HTTP/1.1" 200 8246
2026-03-10 18:56:14,595 [WARNING] django.request: Not Found: /.well-known/appspecific/com.chrome.devtools.json
2026-03-10 18:56:14,596 [WARNING] django.server: "GET /.well-known/appspecific/com.chrome.devtools.json HTTP/1.1" 404 13603
2026-03-10 18:56:15,247 [INFO] django.server: "GET /?tab=researchers HTTP/1.1" 200 8918
2026-03-10 18:56:15,268 [WARNING] django.request: Not Found: /.well-known/appspecific/com.chrome.devtools.json
2026-03-10 18:56:15,269 [WARNING] django.server: "GET /.well-known/appspecific/com.chrome.devtools.json HTTP/1.1" 404 13603
2026-03-10 18:56:16,196 [INFO] django.server: "GET /documents HTTP/1.1" 200 31573
2026-03-10 18:56:16,228 [WARNING] django.request: Not Found: /.well-known/appspecific/com.chrome.devtools.json
2026-03-10 18:56:16,228 [WARNING] django.server: "GET /.well-known/appspecific/com.chrome.devtools.json HTTP/1.1" 404 13603
2026-03-10 18:56:16,693 [INFO] django.server: "GET /account/ HTTP/1.1" 302 0
2026-03-10 18:56:16,711 [INFO] django.server: "GET /employees/74/ HTTP/1.1" 200 19053
2026-03-10 18:56:17,222 [INFO] django.server: "GET /account/ HTTP/1.1" 302 0
2026-03-10 18:56:17,236 [INFO] django.server: "GET /employees/74/ HTTP/1.1" 200 19053
2026-03-10 18:56:17,408 [WARNING] django.request: Not Found: /.well-known/appspecific/com.chrome.devtools.json
2026-03-10 18:56:17,410 [INFO] django.server: "GET /media/user_photos/WhatsApp_Image_2025-11-10_at_12.37.23.jpeg HTTP/1.1" 304 0
2026-03-10 18:56:17,417 [WARNING] django.server: "GET /.well-known/appspecific/com.chrome.devtools.json HTTP/1.1" 404 13603
2026-03-10 18:56:17,617 [INFO] django.server: "GET /documents HTTP/1.1" 200 31573
2026-03-10 18:56:17,645 [WARNING] django.request: Not Found: /.well-known/appspecific/com.chrome.devtools.json
2026-03-10 18:56:17,645 [WARNING] django.server: "GET /.well-known/appspecific/com.chrome.devtools.json HTTP/1.1" 404 13603
2026-03-10 18:56:18,221 [INFO] django.server: "GET /account/ HTTP/1.1" 302 0
2026-03-10 18:56:18,238 [INFO] django.server: "GET /employees/74/ HTTP/1.1" 200 19053
2026-03-10 18:56:18,266 [WARNING] django.request: Not Found: /.well-known/appspecific/com.chrome.devtools.json
2026-03-10 18:56:18,267 [WARNING] django.server: "GET /.well-known/appspecific/com.chrome.devtools.json HTTP/1.1" 404 13603
2026-03-10 18:56:20,010 [INFO] django.server: "GET /documents HTTP/1.1" 200 31573
2026-03-10 18:56:20,038 [WARNING] django.request: Not Found: /.well-known/appspecific/com.chrome.devtools.json
2026-03-10 18:56:20,039 [WARNING] django.server: "GET /.well-known/appspecific/com.chrome.devtools.json HTTP/1.1" 404 13603
2026-03-10 18:57:59,695 [ERROR] django.request: Internal Server Error: /
Traceback (most recent call last):
  File "D:\PROJECTs\su_science\venv\Lib\site-packages\django\core\handlers\exception.py", line 55, in inner
    response = get_response(request)
               ^^^^^^^^^^^^^^^^^^^^^
  File "D:\PROJECTs\su_science\venv\Lib\site-packages\django\core\handlers\base.py", line 198, in _get_response
    response = wrapped_callback(request, *callback_args, **callback_kwargs)
               ^^^^^^^^^^^^^^^^^^^^^^^^^^^^^^^^^^^^^^^^^^^^^^^^^^^^^^^^^^^^
  File "D:\PROJECTs\su_science\venv\Lib\site-packages\django\views\generic\base.py", line 106, in view
    return self.dispatch(request, *args, **kwargs)
           ^^^^^^^^^^^^^^^^^^^^^^^^^^^^^^^^^^^^^^^
  File "D:\PROJECTs\su_science\venv\Lib\site-packages\django\views\generic\base.py", line 145, in dispatch
    return handler(request, *args, **kwargs)
           ^^^^^^^^^^^^^^^^^^^^^^^^^^^^^^^^^
  File "D:\PROJECTs\su_science\project\main\views.py", line 19, in get
    return render(request, self.template_name, context)
           ^^^^^^^^^^^^^^^^^^^^^^^^^^^^^^^^^^^^^^^^^^^^
  File "D:\PROJECTs\su_science\venv\Lib\site-packages\django\shortcuts.py", line 25, in render
    content = loader.render_to_string(template_name, context, request, using=using)
              ^^^^^^^^^^^^^^^^^^^^^^^^^^^^^^^^^^^^^^^^^^^^^^^^^^^^^^^^^^^^^^^^^^^^^
  File "D:\PROJECTs\su_science\venv\Lib\site-packages\django\template\loader.py", line 61, in render_to_string
    template = get_template(template_name, using=using)
               ^^^^^^^^^^^^^^^^^^^^^^^^^^^^^^^^^^^^^^^^
  File "D:\PROJECTs\su_science\venv\Lib\site-packages\django\template\loader.py", line 19, in get_template
    raise TemplateDoesNotExist(template_name, chain=chain)
django.template.exceptions.TemplateDoesNotExist: main/main.html
2026-03-10 18:57:59,696 [ERROR] django.server: "GET / HTTP/1.1" 500 106697
2026-03-10 18:57:59,725 [WARNING] django.request: Not Found: /.well-known/appspecific/com.chrome.devtools.json
2026-03-10 18:57:59,725 [WARNING] django.server: "GET /.well-known/appspecific/com.chrome.devtools.json HTTP/1.1" 404 13603
2026-03-10 18:57:59,795 [WARNING] django.request: Not Found: /favicon.ico
2026-03-10 18:57:59,796 [WARNING] django.server: "GET /favicon.ico HTTP/1.1" 404 13492
2026-03-10 18:58:51,934 [INFO] django.server: "GET / HTTP/1.1" 200 15020
2026-03-10 18:58:51,988 [WARNING] django.request: Not Found: /.well-known/appspecific/com.chrome.devtools.json
2026-03-10 18:58:51,988 [WARNING] django.server: "GET /.well-known/appspecific/com.chrome.devtools.json HTTP/1.1" 404 13603
2026-03-10 18:58:51,989 [INFO] django.server: "GET /static/main/css/style.css HTTP/1.1" 200 18797
2026-03-10 18:58:51,990 [INFO] django.server: "GET /static/main/images/icon.png HTTP/1.1" 200 49378
2026-03-10 18:58:51,996 [INFO] django.server: "GET /static/main/scripts/app_feedback.js HTTP/1.1" 200 1259
2026-03-10 18:58:52,009 [WARNING] django.server: "GET /static/main/scripts/result_view_toggle.js HTTP/1.1" 404 1916
2026-03-10 18:58:57,260 [INFO] django.server: "GET /?tab=researchers HTTP/1.1" 200 8999
2026-03-10 18:58:57,291 [WARNING] django.request: Not Found: /.well-known/appspecific/com.chrome.devtools.json
2026-03-10 18:58:57,291 [WARNING] django.server: "GET /.well-known/appspecific/com.chrome.devtools.json HTTP/1.1" 404 13603
2026-03-10 18:58:57,300 [WARNING] django.server: "GET /static/main/scripts/result_view_toggle.js HTTP/1.1" 404 1916
2026-03-10 18:58:57,795 [INFO] django.server: "GET /?tab=documents HTTP/1.1" 200 15020
2026-03-10 18:58:57,822 [WARNING] django.request: Not Found: /.well-known/appspecific/com.chrome.devtools.json
2026-03-10 18:58:57,823 [WARNING] django.server: "GET /.well-known/appspecific/com.chrome.devtools.json HTTP/1.1" 404 13603
2026-03-10 18:58:57,833 [WARNING] django.server: "GET /static/main/scripts/result_view_toggle.js HTTP/1.1" 404 1916
2026-03-10 18:59:17,035 [INFO] django.server: "GET /?tab=documents&search=&status=&type=&lang=2&oa=&y_min=2010&y_max=2026&db=&quartile=&area=&venue= HTTP/1.1" 200 20454
2026-03-10 18:59:17,062 [WARNING] django.request: Not Found: /.well-known/appspecific/com.chrome.devtools.json
2026-03-10 18:59:17,063 [WARNING] django.server: "GET /.well-known/appspecific/com.chrome.devtools.json HTTP/1.1" 404 13603
2026-03-10 18:59:17,076 [WARNING] django.server: "GET /static/main/scripts/result_view_toggle.js HTTP/1.1" 404 1916
2026-03-10 18:59:23,061 [INFO] django.server: "GET /?tab=researchers HTTP/1.1" 200 8999
2026-03-10 18:59:23,091 [WARNING] django.request: Not Found: /.well-known/appspecific/com.chrome.devtools.json
2026-03-10 18:59:23,092 [WARNING] django.server: "GET /.well-known/appspecific/com.chrome.devtools.json HTTP/1.1" 404 13603
2026-03-10 18:59:23,102 [WARNING] django.server: "GET /static/main/scripts/result_view_toggle.js HTTP/1.1" 404 1916
2026-03-10 18:59:24,980 [INFO] django.server: "GET /?tab=documents HTTP/1.1" 200 15020
2026-03-10 18:59:25,008 [WARNING] django.request: Not Found: /.well-known/appspecific/com.chrome.devtools.json
2026-03-10 18:59:25,009 [WARNING] django.server: "GET /.well-known/appspecific/com.chrome.devtools.json HTTP/1.1" 404 13603
2026-03-10 18:59:25,015 [WARNING] django.server: "GET /static/main/scripts/result_view_toggle.js HTTP/1.1" 404 1916
2026-03-10 18:59:26,651 [INFO] django.server: "GET /?tab=researchers HTTP/1.1" 200 8999
2026-03-10 18:59:26,686 [WARNING] django.request: Not Found: /.well-known/appspecific/com.chrome.devtools.json
2026-03-10 18:59:26,686 [WARNING] django.server: "GET /.well-known/appspecific/com.chrome.devtools.json HTTP/1.1" 404 13603
2026-03-10 18:59:26,694 [WARNING] django.server: "GET /static/main/scripts/result_view_toggle.js HTTP/1.1" 404 1916
2026-03-10 18:59:32,811 [INFO] django.server: "GET /?tab=researchers&researcher_last_name=%D0%90%D1%8F%D0%BF%D0%BE%D0%B2&researcher_first_name=%D0%95%D1%80%D0%BB%D0%B0%D0%BD&research_q=www.yerlan4%40gmail.com&researcher_department=&researcher_scope=&researcher_gender= HTTP/1.1" 200 13255
2026-03-10 18:59:32,841 [WARNING] django.request: Not Found: /.well-known/appspecific/com.chrome.devtools.json
2026-03-10 18:59:32,843 [WARNING] django.server: "GET /.well-known/appspecific/com.chrome.devtools.json HTTP/1.1" 404 13603
2026-03-10 18:59:32,846 [INFO] django.server: "GET /static/main/scripts/result_view_toggle.js HTTP/1.1" 200 2215
2026-03-10 18:59:36,905 [INFO] django.server: "GET /employees/74/ HTTP/1.1" 200 19053
2026-03-10 18:59:36,936 [WARNING] django.request: Not Found: /.well-known/appspecific/com.chrome.devtools.json
2026-03-10 18:59:36,936 [WARNING] django.server: "GET /.well-known/appspecific/com.chrome.devtools.json HTTP/1.1" 404 13603
2026-03-10 18:59:38,265 [WARNING] django.request: Not Found: /.well-known/appspecific/com.chrome.devtools.json
2026-03-10 18:59:38,266 [WARNING] django.server: "GET /.well-known/appspecific/com.chrome.devtools.json HTTP/1.1" 404 13603
2026-03-10 18:59:38,278 [WARNING] django.request: Not Found: /.well-known/appspecific/com.chrome.devtools.json
2026-03-10 18:59:38,278 [WARNING] django.server: "GET /.well-known/appspecific/com.chrome.devtools.json HTTP/1.1" 404 13603
2026-03-10 18:59:46,178 [INFO] django.server: "GET /?tab=documents HTTP/1.1" 200 15020
2026-03-10 18:59:46,207 [WARNING] django.request: Not Found: /.well-known/appspecific/com.chrome.devtools.json
2026-03-10 18:59:46,207 [WARNING] django.server: "GET /.well-known/appspecific/com.chrome.devtools.json HTTP/1.1" 404 13603
2026-03-10 18:59:46,210 [INFO] django.server: "GET /static/main/scripts/result_view_toggle.js HTTP/1.1" 304 0
2026-03-10 18:59:49,100 [INFO] django.server: "GET /?tab=documents&search=%D0%9D%D1%83%D1%80%D1%82%D0%B0%D0%B9&status=&type=&lang=&oa=&y_min=2010&y_max=2026&db=&quartile=&area=&venue= HTTP/1.1" 200 46332
2026-03-10 18:59:49,126 [WARNING] django.request: Not Found: /.well-known/appspecific/com.chrome.devtools.json
2026-03-10 18:59:49,127 [WARNING] django.server: "GET /.well-known/appspecific/com.chrome.devtools.json HTTP/1.1" 404 13603
2026-03-10 18:59:49,135 [INFO] django.server: "GET /static/main/scripts/result_view_toggle.js HTTP/1.1" 304 0
2026-03-10 19:11:34,492 [INFO] django.server: "GET /?tab=documents&search=%D0%9D%D1%83%D1%80%D1%82%D0%B0%D0%B9&status=&type=&lang=&oa=&y_min=2010&y_max=2026&db=&quartile=&area=&venue= HTTP/1.1" 200 46332
2026-03-10 19:11:34,512 [WARNING] django.request: Not Found: /.well-known/appspecific/com.chrome.devtools.json
2026-03-10 19:11:34,513 [WARNING] django.server: "GET /.well-known/appspecific/com.chrome.devtools.json HTTP/1.1" 404 13603
2026-03-10 19:11:34,534 [INFO] django.server: "GET /static/main/css/style.css HTTP/1.1" 200 20637
2026-03-10 19:11:34,534 [INFO] django.server: "GET /static/main/images/icon.png HTTP/1.1" 200 49378
2026-03-10 19:11:34,540 [INFO] django.server: "GET /static/main/scripts/app_feedback.js HTTP/1.1" 200 1259
2026-03-10 19:11:34,540 [INFO] django.server: "GET /static/main/scripts/result_view_toggle.js HTTP/1.1" 200 1763
2026-03-10 19:11:36,282 [INFO] django.server: "GET /static/main/images/favicon.ico HTTP/1.1" 200 15406
2026-03-10 19:11:42,499 [INFO] django.server: "GET /?tab=documents HTTP/1.1" 200 15020
2026-03-10 19:11:42,517 [WARNING] django.request: Not Found: /.well-known/appspecific/com.chrome.devtools.json
2026-03-10 19:11:42,518 [WARNING] django.server: "GET /.well-known/appspecific/com.chrome.devtools.json HTTP/1.1" 404 13603
2026-03-10 19:12:00,207 [INFO] django.server: "GET /?tab=researchers HTTP/1.1" 200 8999
2026-03-10 19:12:00,227 [WARNING] django.request: Not Found: /.well-known/appspecific/com.chrome.devtools.json
2026-03-10 19:12:00,228 [WARNING] django.server: "GET /.well-known/appspecific/com.chrome.devtools.json HTTP/1.1" 404 13603
2026-03-10 19:12:02,668 [INFO] django.server: "GET /?tab=researchers&researcher_last_name=&researcher_first_name=&research_q=&researcher_department=&researcher_scope=&researcher_gender=&researcher_has_orcid=1 HTTP/1.1" 200 44902
2026-03-10 19:12:02,694 [WARNING] django.request: Not Found: /.well-known/appspecific/com.chrome.devtools.json
2026-03-10 19:12:02,695 [WARNING] django.server: "GET /.well-known/appspecific/com.chrome.devtools.json HTTP/1.1" 404 13603
2026-03-10 19:12:10,355 [INFO] django.server: "GET /?tab=documents HTTP/1.1" 200 15020
2026-03-10 19:12:10,381 [WARNING] django.request: Not Found: /.well-known/appspecific/com.chrome.devtools.json
2026-03-10 19:12:10,382 [WARNING] django.server: "GET /.well-known/appspecific/com.chrome.devtools.json HTTP/1.1" 404 13603
2026-03-10 19:14:13,830 [INFO] django.server: "GET /?tab=researchers HTTP/1.1" 200 8999
2026-03-10 19:14:13,859 [WARNING] django.request: Not Found: /.well-known/appspecific/com.chrome.devtools.json
2026-03-10 19:14:13,859 [WARNING] django.server: "GET /.well-known/appspecific/com.chrome.devtools.json HTTP/1.1" 404 13603
2026-03-10 19:14:13,866 [INFO] django.server: "GET /static/main/css/style.css HTTP/1.1" 304 0
2026-03-10 19:14:13,868 [INFO] django.server: "GET /static/main/scripts/result_view_toggle.js HTTP/1.1" 304 0
2026-03-10 19:16:01,390 [INFO] django.server: "GET /?tab=documents HTTP/1.1" 200 14868
2026-03-10 19:16:01,415 [WARNING] django.request: Not Found: /.well-known/appspecific/com.chrome.devtools.json
2026-03-10 19:16:01,415 [WARNING] django.server: "GET /.well-known/appspecific/com.chrome.devtools.json HTTP/1.1" 404 13603
2026-03-10 19:16:01,427 [INFO] django.server: "GET /static/main/css/style.css HTTP/1.1" 304 0
2026-03-10 19:16:01,433 [INFO] django.server: "GET /static/main/scripts/result_view_toggle.js HTTP/1.1" 304 0
2026-03-10 19:16:08,049 [INFO] django.server: "GET /?tab=documents HTTP/1.1" 200 14868
2026-03-10 19:16:08,068 [WARNING] django.request: Not Found: /.well-known/appspecific/com.chrome.devtools.json
2026-03-10 19:16:08,069 [WARNING] django.server: "GET /.well-known/appspecific/com.chrome.devtools.json HTTP/1.1" 404 13603
2026-03-10 19:16:08,101 [INFO] django.server: "GET /static/main/css/style.css HTTP/1.1" 200 20637
2026-03-10 19:16:08,102 [INFO] django.server: "GET /static/main/images/icon.png HTTP/1.1" 200 49378
2026-03-10 19:16:08,112 [INFO] django.server: "GET /static/main/scripts/app_feedback.js HTTP/1.1" 200 1259
2026-03-10 19:16:08,116 [INFO] django.server: "GET /static/main/scripts/result_view_toggle.js HTTP/1.1" 200 1763
2026-03-10 19:16:08,246 [INFO] django.server: "GET /?tab=documents HTTP/1.1" 200 14868
2026-03-10 19:16:08,270 [WARNING] django.request: Not Found: /.well-known/appspecific/com.chrome.devtools.json
2026-03-10 19:16:08,271 [WARNING] django.server: "GET /.well-known/appspecific/com.chrome.devtools.json HTTP/1.1" 404 13603
2026-03-10 19:16:08,281 [INFO] django.server: "GET /static/main/css/style.css HTTP/1.1" 200 20637
2026-03-10 19:16:08,284 [INFO] django.server: "GET /static/main/images/icon.png HTTP/1.1" 200 49378
2026-03-10 19:16:08,290 [INFO] django.server: "GET /static/main/scripts/app_feedback.js HTTP/1.1" 200 1259
2026-03-10 19:16:08,290 [INFO] django.server: "GET /static/main/scripts/result_view_toggle.js HTTP/1.1" 200 1763
2026-03-10 19:16:10,033 [INFO] django.server: "GET /static/main/images/favicon.ico HTTP/1.1" 200 15406
2026-03-10 19:16:17,116 [INFO] django.server: "GET /?tab=documents HTTP/1.1" 200 14868
2026-03-10 19:16:17,145 [WARNING] django.request: Not Found: /.well-known/appspecific/com.chrome.devtools.json
2026-03-10 19:16:17,145 [WARNING] django.server: "GET /.well-known/appspecific/com.chrome.devtools.json HTTP/1.1" 404 13603
2026-03-10 19:16:17,159 [INFO] django.server: "GET /static/main/css/style.css HTTP/1.1" 200 20637
2026-03-10 19:16:17,159 [INFO] django.server: "GET /static/main/images/icon.png HTTP/1.1" 200 49378
2026-03-10 19:16:17,165 [INFO] django.server: "GET /static/main/scripts/app_feedback.js HTTP/1.1" 200 1259
2026-03-10 19:16:17,165 [INFO] django.server: "GET /static/main/scripts/result_view_toggle.js HTTP/1.1" 200 1763
2026-03-10 19:16:18,281 [INFO] django.server: "GET /static/main/images/favicon.ico HTTP/1.1" 200 15406
2026-03-10 19:17:03,955 [INFO] django.server: "GET /?tab=documents HTTP/1.1" 200 14847
2026-03-10 19:17:03,981 [WARNING] django.request: Not Found: /.well-known/appspecific/com.chrome.devtools.json
2026-03-10 19:17:03,981 [WARNING] django.server: "GET /.well-known/appspecific/com.chrome.devtools.json HTTP/1.1" 404 13603
2026-03-10 19:17:03,997 [INFO] django.server: "GET /static/main/css/style.css HTTP/1.1" 200 20637
2026-03-10 19:17:03,998 [INFO] django.server: "GET /static/main/images/icon.png HTTP/1.1" 200 49378
2026-03-10 19:17:04,003 [INFO] django.server: "GET /static/main/scripts/app_feedback.js HTTP/1.1" 200 1259
2026-03-10 19:17:04,003 [INFO] django.server: "GET /static/main/scripts/result_view_toggle.js HTTP/1.1" 200 1763
2026-03-10 19:17:08,542 [INFO] django.server: "GET /static/main/images/favicon.ico HTTP/1.1" 200 15406
2026-03-10 19:17:29,613 [INFO] django.server: "GET /?tab=documents HTTP/1.1" 200 14827
2026-03-10 19:17:29,649 [WARNING] django.request: Not Found: /.well-known/appspecific/com.chrome.devtools.json
2026-03-10 19:17:29,651 [WARNING] django.server: "GET /.well-known/appspecific/com.chrome.devtools.json HTTP/1.1" 404 13603
2026-03-10 19:17:29,676 [INFO] django.server: "GET /static/main/css/style.css HTTP/1.1" 200 20637
2026-03-10 19:17:29,677 [INFO] django.server: "GET /static/main/images/icon.png HTTP/1.1" 200 49378
2026-03-10 19:17:29,688 [INFO] django.server: "GET /static/main/scripts/app_feedback.js HTTP/1.1" 200 1259
2026-03-10 19:17:29,693 [INFO] django.server: "GET /static/main/scripts/result_view_toggle.js HTTP/1.1" 200 1763
2026-03-10 19:17:33,446 [INFO] django.server: "GET /static/main/images/favicon.ico HTTP/1.1" 200 15406
2026-03-10 19:18:08,896 [INFO] django.server: "GET /?tab=documents HTTP/1.1" 200 14911
2026-03-10 19:18:08,923 [WARNING] django.request: Not Found: /.well-known/appspecific/com.chrome.devtools.json
2026-03-10 19:18:08,923 [WARNING] django.server: "GET /.well-known/appspecific/com.chrome.devtools.json HTTP/1.1" 404 13603
2026-03-10 19:18:08,943 [INFO] django.server: "GET /static/main/css/style.css HTTP/1.1" 200 20637
2026-03-10 19:18:08,943 [INFO] django.server: "GET /static/main/images/icon.png HTTP/1.1" 200 49378
2026-03-10 19:18:08,948 [INFO] django.server: "GET /static/main/scripts/app_feedback.js HTTP/1.1" 200 1259
2026-03-10 19:18:08,950 [INFO] django.server: "GET /static/main/scripts/result_view_toggle.js HTTP/1.1" 200 1763
2026-03-10 19:18:14,106 [INFO] django.server: "GET /static/main/images/favicon.ico HTTP/1.1" 200 15406
2026-03-10 19:19:21,749 [INFO] django.server: "GET /?tab=documents HTTP/1.1" 200 15256
2026-03-10 19:19:21,776 [WARNING] django.request: Not Found: /.well-known/appspecific/com.chrome.devtools.json
2026-03-10 19:19:21,777 [WARNING] django.server: "GET /.well-known/appspecific/com.chrome.devtools.json HTTP/1.1" 404 13603
2026-03-10 19:19:21,800 [INFO] django.server: "GET /static/main/css/style.css HTTP/1.1" 200 20637
2026-03-10 19:19:21,801 [INFO] django.server: "GET /static/main/images/icon.png HTTP/1.1" 200 49378
2026-03-10 19:19:21,805 [INFO] django.server: "GET /static/main/scripts/app_feedback.js HTTP/1.1" 200 1259
2026-03-10 19:19:21,807 [INFO] django.server: "GET /static/main/scripts/result_view_toggle.js HTTP/1.1" 200 1763
2026-03-10 19:19:24,083 [INFO] django.server: "GET /static/main/images/favicon.ico HTTP/1.1" 200 15406
2026-03-10 19:19:31,331 [INFO] django.server: "GET /?tab=documents HTTP/1.1" 200 14931
2026-03-10 19:19:31,361 [WARNING] django.request: Not Found: /.well-known/appspecific/com.chrome.devtools.json
2026-03-10 19:19:31,361 [WARNING] django.server: "GET /.well-known/appspecific/com.chrome.devtools.json HTTP/1.1" 404 13603
2026-03-10 19:19:31,381 [INFO] django.server: "GET /static/main/css/style.css HTTP/1.1" 200 20637
2026-03-10 19:19:31,381 [INFO] django.server: "GET /static/main/images/icon.png HTTP/1.1" 200 49378
2026-03-10 19:19:31,387 [INFO] django.server: "GET /static/main/scripts/app_feedback.js HTTP/1.1" 200 1259
2026-03-10 19:19:31,388 [INFO] django.server: "GET /static/main/scripts/result_view_toggle.js HTTP/1.1" 200 1763
2026-03-10 19:19:32,112 [INFO] django.server: "GET /static/main/images/favicon.ico HTTP/1.1" 200 15406
2026-03-10 19:19:54,474 [INFO] django.server: "GET /?tab=documents HTTP/1.1" 200 14941
2026-03-10 19:19:54,499 [WARNING] django.request: Not Found: /.well-known/appspecific/com.chrome.devtools.json
2026-03-10 19:19:54,500 [WARNING] django.server: "GET /.well-known/appspecific/com.chrome.devtools.json HTTP/1.1" 404 13603
2026-03-10 19:19:54,515 [INFO] django.server: "GET /static/main/css/style.css HTTP/1.1" 200 20637
2026-03-10 19:19:54,515 [INFO] django.server: "GET /static/main/images/icon.png HTTP/1.1" 200 49378
2026-03-10 19:19:54,524 [INFO] django.server: "GET /static/main/scripts/app_feedback.js HTTP/1.1" 200 1259
2026-03-10 19:19:54,524 [INFO] django.server: "GET /static/main/scripts/result_view_toggle.js HTTP/1.1" 200 1763
2026-03-10 19:19:55,329 [INFO] django.server: "GET /static/main/images/favicon.ico HTTP/1.1" 200 15406
2026-03-10 19:19:57,030 [INFO] django.server: "GET /?tab=researchers HTTP/1.1" 200 9009
2026-03-10 19:19:57,057 [WARNING] django.request: Not Found: /.well-known/appspecific/com.chrome.devtools.json
2026-03-10 19:19:57,057 [WARNING] django.server: "GET /.well-known/appspecific/com.chrome.devtools.json HTTP/1.1" 404 13603
2026-03-10 19:19:57,654 [INFO] django.server: "GET /?tab=documents HTTP/1.1" 200 14941
2026-03-10 19:19:57,674 [WARNING] django.request: Not Found: /.well-known/appspecific/com.chrome.devtools.json
2026-03-10 19:19:57,675 [WARNING] django.server: "GET /.well-known/appspecific/com.chrome.devtools.json HTTP/1.1" 404 13603
2026-03-10 19:19:58,422 [INFO] django.server: "GET /?tab=researchers HTTP/1.1" 200 9009
2026-03-10 19:19:58,447 [WARNING] django.request: Not Found: /.well-known/appspecific/com.chrome.devtools.json
2026-03-10 19:19:58,448 [WARNING] django.server: "GET /.well-known/appspecific/com.chrome.devtools.json HTTP/1.1" 404 13603
2026-03-10 19:19:59,472 [INFO] django.server: "GET /?tab=documents HTTP/1.1" 200 14941
2026-03-10 19:19:59,504 [WARNING] django.request: Not Found: /.well-known/appspecific/com.chrome.devtools.json
2026-03-10 19:19:59,504 [WARNING] django.server: "GET /.well-known/appspecific/com.chrome.devtools.json HTTP/1.1" 404 13603
2026-03-10 19:20:00,094 [INFO] django.server: "GET /?tab=researchers HTTP/1.1" 200 9009
2026-03-10 19:20:00,120 [WARNING] django.request: Not Found: /.well-known/appspecific/com.chrome.devtools.json
2026-03-10 19:20:00,120 [WARNING] django.server: "GET /.well-known/appspecific/com.chrome.devtools.json HTTP/1.1" 404 13603
2026-03-10 19:20:00,788 [INFO] django.server: "GET /?tab=documents HTTP/1.1" 200 14941
2026-03-10 19:20:00,814 [WARNING] django.request: Not Found: /.well-known/appspecific/com.chrome.devtools.json
2026-03-10 19:20:00,814 [WARNING] django.server: "GET /.well-known/appspecific/com.chrome.devtools.json HTTP/1.1" 404 13603
2026-03-10 19:20:01,229 [INFO] django.server: "GET /?tab=researchers HTTP/1.1" 200 9009
2026-03-10 19:20:01,257 [WARNING] django.request: Not Found: /.well-known/appspecific/com.chrome.devtools.json
2026-03-10 19:20:01,258 [WARNING] django.server: "GET /.well-known/appspecific/com.chrome.devtools.json HTTP/1.1" 404 13603
2026-03-10 19:20:03,372 [INFO] django.server: "GET /?tab=documents HTTP/1.1" 200 14941
2026-03-10 19:20:03,401 [WARNING] django.request: Not Found: /.well-known/appspecific/com.chrome.devtools.json
2026-03-10 19:20:03,401 [WARNING] django.server: "GET /.well-known/appspecific/com.chrome.devtools.json HTTP/1.1" 404 13603
2026-03-10 19:20:04,286 [INFO] django.server: "GET /documents HTTP/1.1" 200 31573
2026-03-10 19:20:04,314 [WARNING] django.request: Not Found: /.well-known/appspecific/com.chrome.devtools.json
2026-03-10 19:20:04,315 [WARNING] django.server: "GET /.well-known/appspecific/com.chrome.devtools.json HTTP/1.1" 404 13603
2026-03-10 19:20:08,162 [INFO] django.server: "GET / HTTP/1.1" 200 14941
2026-03-10 19:20:08,191 [WARNING] django.request: Not Found: /.well-known/appspecific/com.chrome.devtools.json
2026-03-10 19:20:08,192 [WARNING] django.server: "GET /.well-known/appspecific/com.chrome.devtools.json HTTP/1.1" 404 13603
2026-03-10 19:20:09,046 [INFO] django.server: "GET /?tab=researchers HTTP/1.1" 200 9009
2026-03-10 19:20:09,077 [WARNING] django.request: Not Found: /.well-known/appspecific/com.chrome.devtools.json
2026-03-10 19:20:09,078 [WARNING] django.server: "GET /.well-known/appspecific/com.chrome.devtools.json HTTP/1.1" 404 13603
2026-03-10 19:20:09,635 [INFO] django.server: "GET /?tab=documents HTTP/1.1" 200 14941
2026-03-10 19:20:09,668 [WARNING] django.request: Not Found: /.well-known/appspecific/com.chrome.devtools.json
2026-03-10 19:20:09,668 [WARNING] django.server: "GET /.well-known/appspecific/com.chrome.devtools.json HTTP/1.1" 404 13603
2026-03-10 19:20:11,244 [INFO] django.server: "GET /?tab=researchers HTTP/1.1" 200 9009
2026-03-10 19:20:11,276 [WARNING] django.request: Not Found: /.well-known/appspecific/com.chrome.devtools.json
2026-03-10 19:20:11,277 [WARNING] django.server: "GET /.well-known/appspecific/com.chrome.devtools.json HTTP/1.1" 404 13603
2026-03-10 19:20:11,764 [INFO] django.server: "GET /?tab=documents HTTP/1.1" 200 14941
2026-03-10 19:20:11,795 [WARNING] django.request: Not Found: /.well-known/appspecific/com.chrome.devtools.json
2026-03-10 19:20:11,796 [WARNING] django.server: "GET /.well-known/appspecific/com.chrome.devtools.json HTTP/1.1" 404 13603
2026-03-10 19:20:12,351 [INFO] django.server: "GET /?tab=researchers HTTP/1.1" 200 9009
2026-03-10 19:20:12,383 [WARNING] django.request: Not Found: /.well-known/appspecific/com.chrome.devtools.json
2026-03-10 19:20:12,384 [WARNING] django.server: "GET /.well-known/appspecific/com.chrome.devtools.json HTTP/1.1" 404 13603
2026-03-10 19:20:14,323 [INFO] django.server: "GET /?tab=documents HTTP/1.1" 200 14941
2026-03-10 19:20:14,355 [WARNING] django.request: Not Found: /.well-known/appspecific/com.chrome.devtools.json
2026-03-10 19:20:14,356 [WARNING] django.server: "GET /.well-known/appspecific/com.chrome.devtools.json HTTP/1.1" 404 13603
2026-03-10 19:20:20,091 [INFO] django.server: "GET /?tab=documents&search=&status=&type=&y_min=2010&y_max=2026&lang=&oa=&db=&quartile=&area=&venue= HTTP/1.1" 200 71668
2026-03-10 19:20:20,339 [WARNING] django.request: Not Found: /.well-known/appspecific/com.chrome.devtools.json
2026-03-10 19:20:20,339 [WARNING] django.server: "GET /.well-known/appspecific/com.chrome.devtools.json HTTP/1.1" 404 13603
2026-03-10 19:20:50,075 [INFO] django.server: "GET /?tab=documents&search=&status=&type=&y_min=2010&y_max=2026&lang=&oa=&db=&quartile=&area=&venue=&page=2 HTTP/1.1" 200 71612
2026-03-10 19:20:50,103 [WARNING] django.request: Not Found: /.well-known/appspecific/com.chrome.devtools.json
2026-03-10 19:20:50,103 [WARNING] django.server: "GET /.well-known/appspecific/com.chrome.devtools.json HTTP/1.1" 404 13603
2026-03-10 19:20:56,192 [INFO] django.server: "GET /?tab=documents&search=&status=&type=&y_min=2010&y_max=2026&lang=&oa=&db=&quartile=&area=&venue=&page=3 HTTP/1.1" 200 70743
2026-03-10 19:20:56,218 [WARNING] django.request: Not Found: /.well-known/appspecific/com.chrome.devtools.json
2026-03-10 19:20:56,218 [WARNING] django.server: "GET /.well-known/appspecific/com.chrome.devtools.json HTTP/1.1" 404 13603
2026-03-10 19:20:58,668 [INFO] django.server: "GET /?tab=documents&search=&status=&type=&y_min=2010&y_max=2026&lang=&oa=&db=&quartile=&area=&venue=&page=4 HTTP/1.1" 200 70198
2026-03-10 19:20:58,694 [WARNING] django.request: Not Found: /.well-known/appspecific/com.chrome.devtools.json
2026-03-10 19:20:58,695 [WARNING] django.server: "GET /.well-known/appspecific/com.chrome.devtools.json HTTP/1.1" 404 13603
2026-03-10 19:21:01,029 [INFO] django.server: "GET /?tab=documents&search=&status=&type=&y_min=2010&y_max=2026&lang=&oa=&db=&quartile=&area=&venue=&page=5 HTTP/1.1" 200 70287
2026-03-10 19:21:01,059 [WARNING] django.request: Not Found: /.well-known/appspecific/com.chrome.devtools.json
2026-03-10 19:21:01,059 [WARNING] django.server: "GET /.well-known/appspecific/com.chrome.devtools.json HTTP/1.1" 404 13603
2026-03-10 19:21:17,240 [INFO] django.server: "GET /?tab=researchers HTTP/1.1" 200 9009
2026-03-10 19:21:17,274 [WARNING] django.request: Not Found: /.well-known/appspecific/com.chrome.devtools.json
2026-03-10 19:21:17,279 [WARNING] django.server: "GET /.well-known/appspecific/com.chrome.devtools.json HTTP/1.1" 404 13603
2026-03-10 19:21:20,892 [INFO] django.server: "GET /?tab=researchers&researcher_last_name=%D0%90%D1%8F%D0%BF%D0%BE%D0%B2&researcher_first_name=%D0%95%D1%80%D0%BB%D0%B0%D0%BD&research_q=www.yerlan4%40gmail.com&researcher_department=&researcher_scope=&researcher_gender= HTTP/1.1" 200 13265
2026-03-10 19:21:20,918 [WARNING] django.request: Not Found: /.well-known/appspecific/com.chrome.devtools.json
2026-03-10 19:21:20,918 [WARNING] django.server: "GET /.well-known/appspecific/com.chrome.devtools.json HTTP/1.1" 404 13603
2026-03-10 19:21:35,529 [INFO] django.server: "GET /?tab=researchers&researcher_last_name=%D0%9D%D1%83%D1%80%D1%82%D0%B0%D0%B9&researcher_first_name=&research_q=&researcher_department=&researcher_scope=&researcher_gender= HTTP/1.1" 200 10749
2026-03-10 19:21:35,558 [WARNING] django.request: Not Found: /.well-known/appspecific/com.chrome.devtools.json
2026-03-10 19:21:35,558 [WARNING] django.server: "GET /.well-known/appspecific/com.chrome.devtools.json HTTP/1.1" 404 13603
2026-03-10 19:21:47,726 [INFO] django.server: "GET /?tab=researchers&researcher_last_name=%D0%90%D0%BB%D0%B1%D0%B0%D0%BD%D0%B1%D0%B0%D0%B9&researcher_first_name=&research_q=&researcher_department=&researcher_scope=&researcher_gender= HTTP/1.1" 200 13318
2026-03-10 19:21:47,758 [WARNING] django.request: Not Found: /.well-known/appspecific/com.chrome.devtools.json
2026-03-10 19:21:47,759 [WARNING] django.server: "GET /.well-known/appspecific/com.chrome.devtools.json HTTP/1.1" 404 13603
2026-03-10 19:21:47,759 [INFO] django.server: "GET /static/main/scripts/result_view_toggle.js HTTP/1.1" 304 0
2026-03-10 19:21:54,351 [INFO] django.server: "GET /employees/39/ HTTP/1.1" 200 21145
2026-03-10 19:21:54,383 [WARNING] django.request: Not Found: /.well-known/appspecific/com.chrome.devtools.json
2026-03-10 19:21:54,383 [WARNING] django.server: "GET /.well-known/appspecific/com.chrome.devtools.json HTTP/1.1" 404 13603
2026-03-10 19:21:54,388 [INFO] django.server: "GET /static/main/css/style.css HTTP/1.1" 304 0
2026-03-10 19:22:49,515 [INFO] django.server: "GET / HTTP/1.1" 200 14941
2026-03-10 19:22:49,546 [WARNING] django.request: Not Found: /.well-known/appspecific/com.chrome.devtools.json
2026-03-10 19:22:49,546 [WARNING] django.server: "GET /.well-known/appspecific/com.chrome.devtools.json HTTP/1.1" 404 13603
2026-03-10 19:22:55,244 [INFO] django.server: "GET / HTTP/1.1" 200 14941
2026-03-10 19:22:55,274 [WARNING] django.request: Not Found: /.well-known/appspecific/com.chrome.devtools.json
2026-03-10 19:22:55,275 [WARNING] django.server: "GET /.well-known/appspecific/com.chrome.devtools.json HTTP/1.1" 404 13603
2026-03-10 19:22:56,061 [INFO] django.server: "GET / HTTP/1.1" 200 14941
2026-03-10 19:22:56,089 [WARNING] django.request: Not Found: /.well-known/appspecific/com.chrome.devtools.json
2026-03-10 19:22:56,090 [WARNING] django.server: "GET /.well-known/appspecific/com.chrome.devtools.json HTTP/1.1" 404 13603
2026-03-10 19:22:56,970 [INFO] django.server: "GET / HTTP/1.1" 200 14941
2026-03-10 19:22:57,003 [WARNING] django.request: Not Found: /.well-known/appspecific/com.chrome.devtools.json
2026-03-10 19:22:57,004 [WARNING] django.server: "GET /.well-known/appspecific/com.chrome.devtools.json HTTP/1.1" 404 13603
2026-03-10 19:23:07,701 [INFO] django.server: "GET /documents HTTP/1.1" 200 31573
2026-03-10 19:23:07,731 [WARNING] django.request: Not Found: /.well-known/appspecific/com.chrome.devtools.json
2026-03-10 19:23:07,732 [WARNING] django.server: "GET /.well-known/appspecific/com.chrome.devtools.json HTTP/1.1" 404 13603
2026-03-10 19:23:09,788 [INFO] django.server: "GET /generators/13/edit HTTP/1.1" 200 228133
2026-03-10 19:23:09,820 [WARNING] django.request: Not Found: /.well-known/appspecific/com.chrome.devtools.json
2026-03-10 19:23:09,820 [WARNING] django.server: "GET /.well-known/appspecific/com.chrome.devtools.json HTTP/1.1" 404 13603
2026-03-10 19:23:09,849 [INFO] document.views: ONLYOFFICE config generator=13 user=74 mode=edit key=gen-13-1772885817-s28439
2026-03-10 19:23:09,850 [INFO] django.server: "GET /onlyoffice/generator/config/13 HTTP/1.1" 200 1712
2026-03-10 19:23:10,762 [INFO] document.views: ONLYOFFICE callback generator=13 status=1
2026-03-10 19:23:10,762 [INFO] django.server: "POST /onlyoffice/generator/callback/13 HTTP/1.1" 200 12
2026-03-10 19:23:25,894 [INFO] django.server: "GET / HTTP/1.1" 200 14941
2026-03-10 19:23:25,918 [INFO] document.views: ONLYOFFICE callback generator=13 status=4
2026-03-10 19:23:25,919 [INFO] django.server: "POST /onlyoffice/generator/callback/13 HTTP/1.1" 200 12
2026-03-10 19:23:25,935 [WARNING] django.request: Not Found: /.well-known/appspecific/com.chrome.devtools.json
2026-03-10 19:23:25,935 [WARNING] django.server: "GET /.well-known/appspecific/com.chrome.devtools.json HTTP/1.1" 404 13603
2026-03-10 19:23:31,490 [INFO] django.server: "GET /?tab=documents HTTP/1.1" 200 14941
2026-03-10 19:23:31,520 [WARNING] django.request: Not Found: /.well-known/appspecific/com.chrome.devtools.json
2026-03-10 19:23:31,520 [WARNING] django.server: "GET /.well-known/appspecific/com.chrome.devtools.json HTTP/1.1" 404 13603
2026-03-10 19:23:32,262 [INFO] django.server: "GET /?tab=documents HTTP/1.1" 200 14941
2026-03-10 19:23:32,294 [WARNING] django.request: Not Found: /.well-known/appspecific/com.chrome.devtools.json
2026-03-10 19:23:32,295 [WARNING] django.server: "GET /.well-known/appspecific/com.chrome.devtools.json HTTP/1.1" 404 13603
2026-03-10 19:23:32,598 [INFO] django.server: "GET /?tab=documents&search=&status=&type=&y_min=2010&y_max=2026&lang=&oa=&db=&quartile=&area=&venue= HTTP/1.1" 200 71668
2026-03-10 19:23:32,633 [WARNING] django.request: Not Found: /.well-known/appspecific/com.chrome.devtools.json
2026-03-10 19:23:32,633 [WARNING] django.server: "GET /.well-known/appspecific/com.chrome.devtools.json HTTP/1.1" 404 13603
2026-03-10 19:24:13,843 [INFO] django.server: "GET /documents HTTP/1.1" 200 31573
2026-03-10 19:24:13,886 [WARNING] django.request: Not Found: /.well-known/appspecific/com.chrome.devtools.json
2026-03-10 19:24:13,887 [WARNING] django.server: "GET /.well-known/appspecific/com.chrome.devtools.json HTTP/1.1" 404 13603
2026-03-10 19:24:13,890 [INFO] django.server: "GET /static/main/css/style.css HTTP/1.1" 304 0
2026-03-10 19:24:22,133 [INFO] django.server: "GET / HTTP/1.1" 200 14941
2026-03-10 19:24:22,161 [WARNING] django.request: Not Found: /.well-known/appspecific/com.chrome.devtools.json
2026-03-10 19:24:22,161 [WARNING] django.server: "GET /.well-known/appspecific/com.chrome.devtools.json HTTP/1.1" 404 13603
2026-03-10 19:24:22,165 [INFO] django.server: "GET /static/main/scripts/result_view_toggle.js HTTP/1.1" 304 0
2026-03-10 19:24:24,486 [INFO] django.server: "GET /?tab=researchers HTTP/1.1" 200 9009
2026-03-10 19:24:24,513 [WARNING] django.request: Not Found: /.well-known/appspecific/com.chrome.devtools.json
2026-03-10 19:24:24,513 [WARNING] django.server: "GET /.well-known/appspecific/com.chrome.devtools.json HTTP/1.1" 404 13603
2026-03-10 19:24:25,802 [INFO] django.server: "GET /?tab=documents HTTP/1.1" 200 14941
2026-03-10 19:24:25,829 [WARNING] django.request: Not Found: /.well-known/appspecific/com.chrome.devtools.json
2026-03-10 19:24:25,829 [WARNING] django.server: "GET /.well-known/appspecific/com.chrome.devtools.json HTTP/1.1" 404 13603
2026-03-10 19:24:32,146 [INFO] django.server: "GET /documents HTTP/1.1" 200 31573
2026-03-10 19:24:32,174 [WARNING] django.request: Not Found: /.well-known/appspecific/com.chrome.devtools.json
2026-03-10 19:24:32,175 [WARNING] django.server: "GET /.well-known/appspecific/com.chrome.devtools.json HTTP/1.1" 404 13603
2026-03-10 19:24:34,692 [INFO] django.server: "GET /generators/13/edit HTTP/1.1" 200 228133
2026-03-10 19:24:34,722 [WARNING] django.request: Not Found: /.well-known/appspecific/com.chrome.devtools.json
2026-03-10 19:24:34,723 [WARNING] django.server: "GET /.well-known/appspecific/com.chrome.devtools.json HTTP/1.1" 404 13603
2026-03-10 19:24:34,758 [INFO] document.views: ONLYOFFICE config generator=13 user=74 mode=edit key=gen-13-1772885817-s28439
2026-03-10 19:24:34,758 [INFO] django.server: "GET /onlyoffice/generator/config/13 HTTP/1.1" 200 1712
2026-03-10 19:24:35,751 [INFO] document.views: ONLYOFFICE callback generator=13 status=1
2026-03-10 19:24:35,751 [INFO] django.server: "POST /onlyoffice/generator/callback/13 HTTP/1.1" 200 12
2026-03-10 19:24:44,936 [INFO] document.views: Template updated id=13 owner=74 file_type=docx has_file=True content_len=0
2026-03-10 19:24:44,937 [INFO] django.server: "POST /generators/13/edit HTTP/1.1" 302 0
2026-03-10 19:24:44,950 [INFO] django.server: "GET /generators/13/edit HTTP/1.1" 200 228133
2026-03-10 19:24:44,978 [INFO] document.views: ONLYOFFICE callback generator=13 status=4
2026-03-10 19:24:44,979 [INFO] django.server: "POST /onlyoffice/generator/callback/13 HTTP/1.1" 200 12
2026-03-10 19:24:44,987 [WARNING] django.request: Not Found: /.well-known/appspecific/com.chrome.devtools.json
2026-03-10 19:24:44,988 [WARNING] django.server: "GET /.well-known/appspecific/com.chrome.devtools.json HTTP/1.1" 404 13603
2026-03-10 19:24:45,017 [INFO] document.views: ONLYOFFICE config generator=13 user=74 mode=edit key=gen-13-1772885817-s28439
2026-03-10 19:24:45,017 [INFO] django.server: "GET /onlyoffice/generator/config/13 HTTP/1.1" 200 1712
2026-03-10 19:24:45,843 [INFO] document.views: ONLYOFFICE callback generator=13 status=1
2026-03-10 19:24:45,844 [INFO] django.server: "POST /onlyoffice/generator/callback/13 HTTP/1.1" 200 12
2026-03-10 19:24:46,851 [INFO] django.server: "GET / HTTP/1.1" 200 14941
2026-03-10 19:24:46,874 [INFO] document.views: ONLYOFFICE callback generator=13 status=4
2026-03-10 19:24:46,874 [INFO] django.server: "POST /onlyoffice/generator/callback/13 HTTP/1.1" 200 12
2026-03-10 19:24:46,889 [WARNING] django.request: Not Found: /.well-known/appspecific/com.chrome.devtools.json
2026-03-10 19:24:46,890 [WARNING] django.server: "GET /.well-known/appspecific/com.chrome.devtools.json HTTP/1.1" 404 13603
2026-03-10 19:24:47,854 [INFO] django.server: "GET /?tab=researchers HTTP/1.1" 200 9009
2026-03-10 19:24:47,887 [WARNING] django.request: Not Found: /.well-known/appspecific/com.chrome.devtools.json
2026-03-10 19:24:47,887 [WARNING] django.server: "GET /.well-known/appspecific/com.chrome.devtools.json HTTP/1.1" 404 13603
2026-03-10 19:24:48,724 [INFO] django.server: "GET /?tab=documents HTTP/1.1" 200 14941
2026-03-10 19:24:48,755 [WARNING] django.request: Not Found: /.well-known/appspecific/com.chrome.devtools.json
2026-03-10 19:24:48,756 [WARNING] django.server: "GET /.well-known/appspecific/com.chrome.devtools.json HTTP/1.1" 404 13603
2026-03-10 19:27:36,159 [INFO] django.server: "GET /?tab=researchers HTTP/1.1" 200 9009
2026-03-10 19:27:36,182 [WARNING] django.request: Not Found: /.well-known/appspecific/com.chrome.devtools.json
2026-03-10 19:27:36,183 [WARNING] django.server: "GET /.well-known/appspecific/com.chrome.devtools.json HTTP/1.1" 404 13603
2026-03-10 19:27:36,193 [INFO] django.server: "GET /static/main/css/style.css HTTP/1.1" 304 0
2026-03-10 19:27:36,209 [INFO] django.server: "GET /static/main/scripts/result_view_toggle.js HTTP/1.1" 304 0
2026-03-10 19:27:36,334 [INFO] django.server: "GET /?tab=researchers HTTP/1.1" 200 9009
2026-03-10 19:27:36,393 [WARNING] django.request: Not Found: /.well-known/appspecific/com.chrome.devtools.json
2026-03-10 19:27:36,394 [WARNING] django.server: "GET /.well-known/appspecific/com.chrome.devtools.json HTTP/1.1" 404 13603
2026-03-10 19:27:36,684 [INFO] django.server: "GET /?tab=researchers HTTP/1.1" 200 9009
2026-03-10 19:27:36,707 [WARNING] django.request: Not Found: /.well-known/appspecific/com.chrome.devtools.json
2026-03-10 19:27:36,708 [WARNING] django.server: "GET /.well-known/appspecific/com.chrome.devtools.json HTTP/1.1" 404 13603
2026-03-10 19:27:36,835 [INFO] django.server: "GET /?tab=researchers HTTP/1.1" 200 9009
2026-03-10 19:27:36,857 [WARNING] django.request: Not Found: /.well-known/appspecific/com.chrome.devtools.json
2026-03-10 19:27:36,857 [WARNING] django.server: "GET /.well-known/appspecific/com.chrome.devtools.json HTTP/1.1" 404 13603
2026-03-10 19:27:38,319 [INFO] django.server: "GET /documents HTTP/1.1" 200 31573
2026-03-10 19:27:38,346 [WARNING] django.request: Not Found: /.well-known/appspecific/com.chrome.devtools.json
2026-03-10 19:27:38,347 [WARNING] django.server: "GET /.well-known/appspecific/com.chrome.devtools.json HTTP/1.1" 404 13603
2026-03-10 19:27:39,015 [INFO] django.server: "GET /account/ HTTP/1.1" 302 0
2026-03-10 19:27:39,034 [INFO] django.server: "GET /employees/74/ HTTP/1.1" 200 19053
2026-03-10 19:27:41,635 [INFO] django.server: "GET /documents/44/edit HTTP/1.1" 200 21613
2026-03-10 19:27:41,661 [WARNING] django.request: Not Found: /.well-known/appspecific/com.chrome.devtools.json
2026-03-10 19:27:41,661 [WARNING] django.server: "GET /.well-known/appspecific/com.chrome.devtools.json HTTP/1.1" 404 13603
2026-03-10 19:27:41,695 [INFO] document.views: ONLYOFFICE config document=44 user=74 mode=edit key=doc-44-v1
2026-03-10 19:27:41,696 [INFO] django.server: "GET /onlyoffice/config/44 HTTP/1.1" 200 1659
2026-03-10 19:27:42,522 [INFO] document.views: ONLYOFFICE callback document=44 status=1
2026-03-10 19:27:42,522 [INFO] django.server: "POST /onlyoffice/callback/44 HTTP/1.1" 200 12
2026-03-10 19:27:42,534 [INFO] document.views: Document file served document=44
2026-03-10 19:27:42,535 [INFO] django.server: "GET /files/44?access_token=eyJkb2N1bWVudF9pZCI6NDQsInVzZXJfaWQiOjc0LCJ2ZXJzaW9uIjoxfQ%3A1vzy3h%3AG-9F1SX2bNNZs0k7is6cZZ9geeuLnmy5lPXQyVDkh58 HTTP/1.1" 200 29658
2026-03-10 19:27:45,003 [INFO] document.views: Document deleted id=44 user=74
2026-03-10 19:27:45,004 [INFO] django.server: "DELETE /documents/44 HTTP/1.1" 200 21
2026-03-10 19:27:45,038 [INFO] django.server: "GET /documents HTTP/1.1" 200 31610
2026-03-10 19:27:45,074 [WARNING] django.request: Not Found: /onlyoffice/callback/44
2026-03-10 19:27:45,074 [WARNING] django.server: "POST /onlyoffice/callback/44 HTTP/1.1" 404 12
2026-03-10 19:27:45,079 [WARNING] django.request: Not Found: /.well-known/appspecific/com.chrome.devtools.json
2026-03-10 19:27:45,079 [WARNING] django.server: "GET /.well-known/appspecific/com.chrome.devtools.json HTTP/1.1" 404 13603
2026-03-10 19:27:59,105 [INFO] django.server: "GET / HTTP/1.1" 200 14941
2026-03-10 19:27:59,136 [WARNING] django.request: Not Found: /.well-known/appspecific/com.chrome.devtools.json
2026-03-10 19:27:59,137 [WARNING] django.server: "GET /.well-known/appspecific/com.chrome.devtools.json HTTP/1.1" 404 13603
2026-03-10 19:28:00,229 [INFO] django.server: "GET /?tab=researchers HTTP/1.1" 200 9009
2026-03-10 19:28:00,257 [WARNING] django.request: Not Found: /.well-known/appspecific/com.chrome.devtools.json
2026-03-10 19:28:00,258 [WARNING] django.server: "GET /.well-known/appspecific/com.chrome.devtools.json HTTP/1.1" 404 13603
2026-03-10 19:28:00,779 [INFO] django.server: "GET /?tab=documents HTTP/1.1" 200 14941
2026-03-10 19:28:00,807 [WARNING] django.request: Not Found: /.well-known/appspecific/com.chrome.devtools.json
2026-03-10 19:28:00,808 [WARNING] django.server: "GET /.well-known/appspecific/com.chrome.devtools.json HTTP/1.1" 404 13603
2026-03-10 19:55:16,618 [INFO] django.server: "GET /account/ HTTP/1.1" 302 0
2026-03-10 19:55:16,638 [INFO] django.server: "GET /employees/74/ HTTP/1.1" 200 19053
2026-03-10 19:55:17,536 [INFO] django.server: "GET /account/ HTTP/1.1" 302 0
2026-03-10 19:55:17,552 [INFO] django.server: "GET /employees/74/ HTTP/1.1" 200 19053
2026-03-10 19:55:22,231 [WARNING] django.request: Not Found: /.well-known/appspecific/com.chrome.devtools.json
2026-03-10 19:55:22,232 [WARNING] django.server: "GET /.well-known/appspecific/com.chrome.devtools.json HTTP/1.1" 404 13603
2026-03-10 19:55:22,235 [INFO] django.server: "GET /static/main/css/style.css HTTP/1.1" 200 20655
2026-03-10 19:55:22,235 [INFO] django.server: "GET /media/user_photos/WhatsApp_Image_2025-11-10_at_12.37.23.jpeg HTTP/1.1" 304 0
2026-03-10 20:16:56,197 [INFO] django.server: "GET /employees/74/ HTTP/1.1" 200 19053
2026-03-10 20:16:56,222 [WARNING] django.request: Not Found: /.well-known/appspecific/com.chrome.devtools.json
2026-03-10 20:16:56,223 [INFO] django.server: "GET /static/main/css/style.css HTTP/1.1" 304 0
2026-03-10 20:16:56,224 [WARNING] django.server: "GET /.well-known/appspecific/com.chrome.devtools.json HTTP/1.1" 404 13603
2026-03-10 20:16:56,224 [INFO] django.server: "GET /media/user_photos/WhatsApp_Image_2025-11-10_at_12.37.23.jpeg HTTP/1.1" 304 0
2026-03-10 20:17:02,442 [INFO] django.server: "GET /employees/74/ HTTP/1.1" 200 19053
2026-03-10 20:17:02,466 [WARNING] django.request: Not Found: /.well-known/appspecific/com.chrome.devtools.json
2026-03-10 20:17:02,467 [WARNING] django.server: "GET /.well-known/appspecific/com.chrome.devtools.json HTTP/1.1" 404 13603
2026-03-10 20:17:02,484 [INFO] django.server: "GET /static/main/css/style.css HTTP/1.1" 200 20655
2026-03-10 20:17:02,484 [INFO] django.server: "GET /static/main/images/icon.png HTTP/1.1" 200 49378
2026-03-10 20:17:02,486 [INFO] django.server: "GET /media/user_photos/WhatsApp_Image_2025-11-10_at_12.37.23.jpeg HTTP/1.1" 200 146758
2026-03-10 20:17:02,491 [INFO] django.server: "GET /static/main/scripts/app_feedback.js HTTP/1.1" 200 1259
2026-03-10 20:17:04,409 [INFO] django.server: "GET /static/main/images/favicon.ico HTTP/1.1" 200 15406
2026-03-10 20:17:05,446 [INFO] django.server: "GET / HTTP/1.1" 200 15029
2026-03-10 20:17:05,465 [WARNING] django.request: Not Found: /.well-known/appspecific/com.chrome.devtools.json
2026-03-10 20:17:05,465 [WARNING] django.server: "GET /.well-known/appspecific/com.chrome.devtools.json HTTP/1.1" 404 13603
2026-03-10 20:17:05,477 [INFO] django.server: "GET /static/main/scripts/result_view_toggle.js HTTP/1.1" 304 0
2026-03-10 20:17:07,944 [INFO] django.server: "GET /?tab=documents HTTP/1.1" 200 15029
2026-03-10 20:17:07,967 [WARNING] django.request: Not Found: /.well-known/appspecific/com.chrome.devtools.json
2026-03-10 20:17:07,968 [WARNING] django.server: "GET /.well-known/appspecific/com.chrome.devtools.json HTTP/1.1" 404 13603
2026-03-10 20:17:08,132 [INFO] django.server: "GET /?tab=documents HTTP/1.1" 200 15029
2026-03-10 20:17:08,161 [WARNING] django.request: Not Found: /.well-known/appspecific/com.chrome.devtools.json
2026-03-10 20:17:08,162 [WARNING] django.server: "GET /.well-known/appspecific/com.chrome.devtools.json HTTP/1.1" 404 13603
2026-03-10 20:19:06,565 [INFO] django.server: "GET /?tab=documents&search=&status=&type=&y_min=2010&y_max=2026&lang=&oa=&db=&quartile=&area=&venue= HTTP/1.1" 200 71756
2026-03-10 20:19:06,590 [WARNING] django.request: Not Found: /.well-known/appspecific/com.chrome.devtools.json
2026-03-10 20:19:06,591 [WARNING] django.server: "GET /.well-known/appspecific/com.chrome.devtools.json HTTP/1.1" 404 13603
2026-03-10 20:19:10,556 [INFO] django.server: "GET /documents HTTP/1.1" 200 31610
2026-03-10 20:19:10,580 [WARNING] django.request: Not Found: /.well-known/appspecific/com.chrome.devtools.json
2026-03-10 20:19:10,580 [WARNING] django.server: "GET /.well-known/appspecific/com.chrome.devtools.json HTTP/1.1" 404 13603
2026-03-10 20:19:16,251 [INFO] django.server: "GET / HTTP/1.1" 200 15029
2026-03-10 20:19:16,279 [WARNING] django.request: Not Found: /.well-known/appspecific/com.chrome.devtools.json
2026-03-10 20:19:16,279 [WARNING] django.server: "GET /.well-known/appspecific/com.chrome.devtools.json HTTP/1.1" 404 13603
2026-03-10 20:19:17,084 [INFO] django.server: "GET /documents HTTP/1.1" 200 31610
2026-03-10 20:19:17,113 [WARNING] django.request: Not Found: /.well-known/appspecific/com.chrome.devtools.json
2026-03-10 20:19:17,114 [WARNING] django.server: "GET /.well-known/appspecific/com.chrome.devtools.json HTTP/1.1" 404 13603
2026-03-10 20:19:18,694 [WARNING] django.request: Not Found: /.well-known/appspecific/com.chrome.devtools.json
2026-03-10 20:19:18,695 [WARNING] django.server: "GET /.well-known/appspecific/com.chrome.devtools.json HTTP/1.1" 404 13603
2026-03-10 20:19:18,709 [WARNING] django.request: Not Found: /.well-known/appspecific/com.chrome.devtools.json
2026-03-10 20:19:18,709 [WARNING] django.server: "GET /.well-known/appspecific/com.chrome.devtools.json HTTP/1.1" 404 13603
2026-03-10 20:19:20,555 [INFO] django.server: "GET /?tab=researchers HTTP/1.1" 200 9097
2026-03-10 20:19:20,582 [WARNING] django.request: Not Found: /.well-known/appspecific/com.chrome.devtools.json
2026-03-10 20:19:20,583 [WARNING] django.server: "GET /.well-known/appspecific/com.chrome.devtools.json HTTP/1.1" 404 13603
2026-03-10 20:19:21,412 [INFO] django.server: "GET /?tab=documents HTTP/1.1" 200 15029
2026-03-10 20:19:21,443 [WARNING] django.request: Not Found: /.well-known/appspecific/com.chrome.devtools.json
2026-03-10 20:19:21,443 [WARNING] django.server: "GET /.well-known/appspecific/com.chrome.devtools.json HTTP/1.1" 404 13603
2026-03-10 20:23:15,885 [INFO] django.server: "GET /?tab=documents HTTP/1.1" 200 14941
2026-03-10 20:23:15,905 [WARNING] django.request: Not Found: /.well-known/appspecific/com.chrome.devtools.json
2026-03-10 20:23:15,906 [WARNING] django.server: "GET /.well-known/appspecific/com.chrome.devtools.json HTTP/1.1" 404 13603
2026-03-10 20:23:15,926 [INFO] django.server: "GET /static/main/css/style.css HTTP/1.1" 200 20655
2026-03-10 20:23:15,928 [INFO] django.server: "GET /static/main/images/icon.png HTTP/1.1" 200 49378
2026-03-10 20:23:15,933 [INFO] django.server: "GET /static/main/scripts/app_feedback.js HTTP/1.1" 200 1259
2026-03-10 20:23:15,934 [INFO] django.server: "GET /static/main/scripts/result_view_toggle.js HTTP/1.1" 200 1763
2026-03-10 20:23:16,649 [INFO] django.server: "GET /static/main/images/favicon.ico HTTP/1.1" 200 15406
2026-03-10 20:23:18,721 [INFO] django.server: "GET /?tab=documents&search=&status=&type=&y_min=2010&y_max=2026&lang=&oa=&db=&quartile=&area=&venue= HTTP/1.1" 200 76366
2026-03-10 20:23:18,743 [WARNING] django.request: Not Found: /.well-known/appspecific/com.chrome.devtools.json
2026-03-10 20:23:18,743 [WARNING] django.server: "GET /.well-known/appspecific/com.chrome.devtools.json HTTP/1.1" 404 13603
2026-03-10 20:23:20,587 [INFO] main.utils: Generation request accepted user=74 template_id=13 filters_tags=0
2026-03-10 20:23:20,588 [INFO] main.utils: Generation start template_id=13 user=74 template_file_type=docx publications_count=153 requested_title=
2026-03-10 20:23:20,588 [INFO] utils.document_generator: Template render start template_id=13 base_len=0
2026-03-10 20:23:20,589 [INFO] utils.document_generator: Template render after synonyms template_id=13 len=0
2026-03-10 20:23:20,589 [WARNING] utils.document_generator: Template render result is empty template_id=13
2026-03-10 20:23:20,589 [INFO] main.utils: Text render result template_id=13 text_len=0 non_empty=False
2026-03-10 20:23:20,589 [INFO] main.utils: DOCX render branch template_id=13 source_file=synthetic_documents/template-from-document-5.docx
2026-03-10 20:23:20,639 [INFO] utils.document_generator: DOCX render start template_id=13 source=D:\PROJECTs\su_science\project\media\synthetic_documents\template-from-document-5.docx output=C:\Users\admin\AppData\Local\Temp\tmpsrkc45dd.docx
2026-03-10 20:23:20,897 [INFO] utils.document_generator: DOCX render finished template_id=13 output=C:\Users\admin\AppData\Local\Temp\tmpsrkc45dd.docx
2026-03-10 20:23:20,920 [INFO] main.utils: Generation finished document_id=45 generated_by=13 file_type=docx file_name=documents/report-20260310152320.docx
2026-03-10 20:23:20,921 [INFO] django.server: "POST /search/ HTTP/1.1" 302 0
2026-03-10 20:23:20,929 [INFO] document.views: Document file served document=45
2026-03-10 20:23:20,929 [INFO] django.server: "GET /files/45?download=1 HTTP/1.1" 200 63575
2026-03-10 20:23:31,449 [INFO] django.server: "GET /?tab=documents&search=&status=submitted&type=&y_min=2010&y_max=2026&lang=&oa=&db=&quartile=&area=&venue= HTTP/1.1" 200 21423
2026-03-10 20:23:31,474 [WARNING] django.request: Not Found: /.well-known/appspecific/com.chrome.devtools.json
2026-03-10 20:23:31,474 [WARNING] django.server: "GET /.well-known/appspecific/com.chrome.devtools.json HTTP/1.1" 404 13603
2026-03-10 20:23:31,484 [INFO] django.server: "GET /static/main/css/style.css HTTP/1.1" 304 0
2026-03-10 20:23:34,329 [INFO] django.server: "GET /?tab=documents&search=&status=accepted&type=&y_min=2010&y_max=2026&lang=&oa=&db=&quartile=&area=&venue= HTTP/1.1" 200 21422
2026-03-10 20:23:34,358 [WARNING] django.request: Not Found: /.well-known/appspecific/com.chrome.devtools.json
2026-03-10 20:23:34,359 [WARNING] django.server: "GET /.well-known/appspecific/com.chrome.devtools.json HTTP/1.1" 404 13603
2026-03-10 20:23:35,483 [INFO] django.server: "GET /?tab=documents&search=&status=accepted&type=&y_min=2010&y_max=2026&lang=&oa=&db=&quartile=&area=&venue= HTTP/1.1" 200 21422
2026-03-10 20:23:35,513 [WARNING] django.request: Not Found: /.well-known/appspecific/com.chrome.devtools.json
2026-03-10 20:23:35,513 [WARNING] django.server: "GET /.well-known/appspecific/com.chrome.devtools.json HTTP/1.1" 404 13603
2026-03-10 20:23:38,583 [INFO] django.server: "GET /?tab=documents&search=&status=accepted&type=1&y_min=2010&y_max=2026&lang=&oa=&db=&quartile=&area=&venue= HTTP/1.1" 200 21431
2026-03-10 20:23:38,614 [WARNING] django.request: Not Found: /.well-known/appspecific/com.chrome.devtools.json
2026-03-10 20:23:38,615 [WARNING] django.server: "GET /.well-known/appspecific/com.chrome.devtools.json HTTP/1.1" 404 13603
2026-03-10 20:23:42,166 [INFO] django.server: "GET /?tab=documents&search=&status=published&type=1&y_min=2010&y_max=2026&lang=&oa=&db=&quartile=&area=&venue= HTTP/1.1" 200 76904
2026-03-10 20:23:42,193 [WARNING] django.request: Not Found: /.well-known/appspecific/com.chrome.devtools.json
2026-03-10 20:23:42,193 [WARNING] django.server: "GET /.well-known/appspecific/com.chrome.devtools.json HTTP/1.1" 404 13603
2026-03-10 20:23:44,898 [INFO] django.server: "GET /?tab=documents&search=&status=published&type=2&y_min=2010&y_max=2026&lang=&oa=&db=&quartile=&area=&venue= HTTP/1.1" 200 42755
2026-03-10 20:23:44,930 [WARNING] django.request: Not Found: /.well-known/appspecific/com.chrome.devtools.json
2026-03-10 20:23:44,931 [WARNING] django.server: "GET /.well-known/appspecific/com.chrome.devtools.json HTTP/1.1" 404 13603
2026-03-10 20:23:46,063 [INFO] main.utils: Generation request accepted user=74 template_id=13 filters_tags=0
2026-03-10 20:23:46,064 [INFO] main.utils: Generation start template_id=13 user=74 template_file_type=docx publications_count=8 requested_title=
2026-03-10 20:23:46,064 [INFO] utils.document_generator: Template render start template_id=13 base_len=0
2026-03-10 20:23:46,064 [INFO] utils.document_generator: Template render after synonyms template_id=13 len=0
2026-03-10 20:23:46,064 [WARNING] utils.document_generator: Template render result is empty template_id=13
2026-03-10 20:23:46,064 [INFO] main.utils: Text render result template_id=13 text_len=0 non_empty=False
2026-03-10 20:23:46,065 [INFO] main.utils: DOCX render branch template_id=13 source_file=synthetic_documents/template-from-document-5.docx
2026-03-10 20:23:46,065 [INFO] utils.document_generator: DOCX render start template_id=13 source=D:\PROJECTs\su_science\project\media\synthetic_documents\template-from-document-5.docx output=C:\Users\admin\AppData\Local\Temp\tmpjcfmw5ei.docx
2026-03-10 20:23:46,125 [INFO] utils.document_generator: DOCX render finished template_id=13 output=C:\Users\admin\AppData\Local\Temp\tmpjcfmw5ei.docx
2026-03-10 20:23:46,140 [INFO] main.utils: Generation finished document_id=46 generated_by=13 file_type=docx file_name=documents/report-20260310152346.docx
2026-03-10 20:23:46,141 [INFO] django.server: "POST /search/ HTTP/1.1" 302 0
2026-03-10 20:23:46,146 [INFO] document.views: Document file served document=46
2026-03-10 20:23:46,147 [INFO] django.server: "GET /files/46?download=1 HTTP/1.1" 200 26160
2026-03-10 20:24:22,092 [INFO] django.server: "GET /?tab=researchers HTTP/1.1" 200 9009
2026-03-10 20:24:22,127 [WARNING] django.request: Not Found: /.well-known/appspecific/com.chrome.devtools.json
2026-03-10 20:24:22,127 [WARNING] django.server: "GET /.well-known/appspecific/com.chrome.devtools.json HTTP/1.1" 404 13603
2026-03-10 20:24:22,129 [INFO] django.server: "GET /static/main/css/style.css HTTP/1.1" 304 0
2026-03-11 11:51:25,281 [INFO] django.server: "GET / HTTP/1.1" 200 14941
2026-03-11 11:51:25,323 [INFO] django.server: "GET /static/main/css/style.css HTTP/1.1" 200 20655
2026-03-11 11:51:25,323 [INFO] django.server: "GET /static/main/images/icon.png HTTP/1.1" 304 0
2026-03-11 11:51:25,490 [INFO] django.server: "GET /static/main/scripts/app_feedback.js HTTP/1.1" 304 0
2026-03-11 11:51:25,491 [INFO] django.server: "GET /static/main/scripts/result_view_toggle.js HTTP/1.1" 200 1763
2026-03-11 11:51:30,550 [INFO] django.server: "GET /?tab=documents&search=&status=&type=&y_min=2010&y_max=2026&lang=&oa=&db=&quartile=&area=&venue= HTTP/1.1" 200 76366
2026-03-11 11:51:36,113 [INFO] django.server: "GET /?tab=researchers HTTP/1.1" 200 9009
2026-03-11 11:51:38,342 [INFO] django.server: "GET /?tab=researchers&researcher_last_name=&researcher_first_name=&research_q=&researcher_department=&researcher_scope=&researcher_gender= HTTP/1.1" 200 9009
2026-03-11 11:51:58,755 [INFO] django.server: "GET /?tab=researchers&researcher_last_name=&researcher_first_name=&research_q=&researcher_department=&researcher_scope=&researcher_gender= HTTP/1.1" 200 9009
2026-03-11 11:52:02,947 [INFO] django.server: "GET /?tab=documents HTTP/1.1" 200 14941
2026-03-11 11:52:16,456 [INFO] django.server: "GET / HTTP/1.1" 200 14941
2026-03-11 11:52:18,194 [INFO] django.server: "GET /documents HTTP/1.1" 200 31573
2026-03-11 11:52:18,225 [INFO] django.server: "GET /static/document/css/style.css HTTP/1.1" 304 0
2026-03-11 11:52:21,430 [INFO] django.server: "GET /account/ HTTP/1.1" 302 0
2026-03-11 11:52:21,498 [INFO] django.server: "GET /employees/74/ HTTP/1.1" 200 19053
2026-03-11 11:52:21,580 [INFO] django.server: "GET /media/user_photos/WhatsApp_Image_2025-11-10_at_12.37.23.jpeg HTTP/1.1" 200 146758
2026-03-11 11:52:37,710 [INFO] django.server: "GET / HTTP/1.1" 200 14941
2026-03-11 11:52:39,376 [INFO] django.server: "GET / HTTP/1.1" 200 14941
2026-03-11 11:52:44,458 [INFO] django.server: "GET /?tab=researchers HTTP/1.1" 200 9009
2026-03-11 11:52:47,447 [INFO] django.server: "GET /?tab=researchers&researcher_last_name=&researcher_first_name=&research_q=&researcher_department=&researcher_scope=&researcher_gender= HTTP/1.1" 200 9009
2026-03-11 11:52:54,393 [INFO] django.server: "GET /?tab=researchers&researcher_last_name=%D0%90%D0%BB%D0%B1%D0%B0%D0%BD%D0%B1%D0%B0%D0%B9&researcher_first_name=&research_q=&researcher_department=&researcher_scope=&researcher_gender= HTTP/1.1" 200 13318
2026-03-11 11:53:00,066 [INFO] django.server: "GET /employees/39/ HTTP/1.1" 200 21145
2026-03-11 11:53:00,093 [INFO] django.server: "GET /static/main/images/man-user-color-icon.svg HTTP/1.1" 304 0
2026-03-11 11:53:24,539 [INFO] django.server: "GET /publications/76/ HTTP/1.1" 200 11261
2026-03-11 11:53:32,794 [INFO] django.server: "GET / HTTP/1.1" 200 14941
2026-03-11 11:53:34,403 [INFO] django.server: "GET /?tab=researchers HTTP/1.1" 200 9009
2026-03-11 11:53:35,485 [INFO] django.server: "GET /?tab=documents HTTP/1.1" 200 14941
2026-03-11 11:53:36,003 [INFO] django.server: "GET / HTTP/1.1" 200 14941
2026-03-11 11:55:27,263 [INFO] django.server: "GET /?tab=researchers HTTP/1.1" 200 9009
2026-03-11 11:55:28,207 [INFO] django.server: "GET /?tab=documents HTTP/1.1" 200 14941
2026-03-11 11:56:06,493 [INFO] django.server: "GET /?tab=documents&search=%D0%90%D0%BB%D0%B1%D0%B0%D0%BD%D0%B1%D0%B0%D0%B9&status=&type=&y_min=2010&y_max=2026&lang=&oa=&db=&quartile=&area=&venue= HTTP/1.1" 200 50968
2026-03-11 11:56:19,703 [INFO] django.server: "GET /?tab=documents&search=%D0%95%D0%B2%D0%B3%D0%B5%D0%BD%D0%B8&status=&type=&y_min=2010&y_max=2026&lang=&oa=&db=&quartile=&area=&venue= HTTP/1.1" 200 21430
2026-03-11 11:56:27,095 [INFO] django.server: "GET /?tab=documents&search=%D0%96%D0%B0%D0%BC%D0%B0%D0%BB%D1%85%D0%B0%D0%BD&status=&type=&y_min=2010&y_max=2026&lang=&oa=&db=&quartile=&area=&venue= HTTP/1.1" 200 21438
2026-03-11 11:56:34,213 [INFO] django.server: "GET /?tab=documents&search=%D0%90%D1%81%D0%B5%D0%BB&status=&type=&y_min=2010&y_max=2026&lang=&oa=&db=&quartile=&area=&venue= HTTP/1.1" 200 49038
2026-03-11 11:57:31,010 [INFO] django.server: "GET /?tab=researchers HTTP/1.1" 200 9009
2026-03-11 11:57:34,013 [INFO] django.server: "GET /?tab=documents HTTP/1.1" 200 14941
2026-03-11 11:57:41,128 [INFO] django.server: "GET /?tab=documents&search=%D0%B0%D1%81%D0%B5%D0%BA%D0%BB&status=&type=&y_min=2010&y_max=2026&lang=&oa=&db=&quartile=&area=&venue= HTTP/1.1" 200 21426
2026-03-11 11:57:46,078 [INFO] django.server: "GET /?tab=documents&search=%D0%90%D1%81%D0%B5%D0%BB&status=&type=&y_min=2010&y_max=2026&lang=&oa=&db=&quartile=&area=&venue= HTTP/1.1" 200 49038
2026-03-11 11:57:50,313 [INFO] main.utils: Generation request accepted user=74 template_id=13 filters_tags=0
2026-03-11 11:57:50,314 [INFO] main.utils: Generation start template_id=13 user=74 template_file_type=docx publications_count=10 requested_title=
2026-03-11 11:57:50,314 [INFO] utils.document_generator: Template render start template_id=13 base_len=0
2026-03-11 11:57:50,314 [INFO] utils.document_generator: Template render after synonyms template_id=13 len=0
2026-03-11 11:57:50,314 [WARNING] utils.document_generator: Template render result is empty template_id=13
2026-03-11 11:57:50,314 [INFO] main.utils: Text render result template_id=13 text_len=0 non_empty=False
2026-03-11 11:57:50,315 [INFO] main.utils: DOCX render branch template_id=13 source_file=synthetic_documents/template-from-document-5.docx
2026-03-11 11:57:50,315 [INFO] utils.document_generator: DOCX render start template_id=13 source=D:\PROJECTs\su_science\project\media\synthetic_documents\template-from-document-5.docx output=C:\Users\admin\AppData\Local\Temp\tmpg2wg_9mz.docx
2026-03-11 11:57:50,382 [INFO] utils.document_generator: DOCX render finished template_id=13 output=C:\Users\admin\AppData\Local\Temp\tmpg2wg_9mz.docx
2026-03-11 11:57:50,399 [INFO] main.utils: Generation finished document_id=47 generated_by=13 file_type=docx file_name=documents/report-20260311065750.docx
2026-03-11 11:57:50,400 [INFO] django.server: "POST /search/ HTTP/1.1" 302 0
2026-03-11 11:57:50,454 [INFO] document.views: Document file served document=47
2026-03-11 11:57:50,455 [INFO] django.server: "GET /files/47?download=1 HTTP/1.1" 200 26061
2026-03-11 11:58:02,886 [INFO] main.utils: Generation request accepted user=74 template_id=13 filters_tags=0
2026-03-11 11:58:02,887 [INFO] main.utils: Generation start template_id=13 user=74 template_file_type=docx publications_count=10 requested_title=
2026-03-11 11:58:02,888 [INFO] utils.document_generator: Template render start template_id=13 base_len=0
2026-03-11 11:58:02,888 [INFO] utils.document_generator: Template render after synonyms template_id=13 len=0
2026-03-11 11:58:02,888 [WARNING] utils.document_generator: Template render result is empty template_id=13
2026-03-11 11:58:02,888 [INFO] main.utils: Text render result template_id=13 text_len=0 non_empty=False
2026-03-11 11:58:02,888 [INFO] main.utils: DOCX render branch template_id=13 source_file=synthetic_documents/template-from-document-5.docx
2026-03-11 11:58:02,889 [INFO] utils.document_generator: DOCX render start template_id=13 source=D:\PROJECTs\su_science\project\media\synthetic_documents\template-from-document-5.docx output=C:\Users\admin\AppData\Local\Temp\tmpp5dlfp_4.docx
2026-03-11 11:58:02,961 [INFO] utils.document_generator: DOCX render finished template_id=13 output=C:\Users\admin\AppData\Local\Temp\tmpp5dlfp_4.docx
2026-03-11 11:58:02,978 [INFO] main.utils: Generation finished document_id=48 generated_by=13 file_type=docx file_name=documents/report-20260311065802.docx
2026-03-11 11:58:02,979 [INFO] django.server: "POST /search/ HTTP/1.1" 302 0
2026-03-11 11:58:03,030 [INFO] document.views: Document file served document=48
2026-03-11 11:58:03,031 [INFO] django.server: "GET /files/48?download=1 HTTP/1.1" 200 26061
2026-03-11 12:02:29,866 [INFO] django.server: "GET /?tab=documents HTTP/1.1" 200 14941
2026-03-11 12:02:29,890 [WARNING] django.request: Not Found: /.well-known/appspecific/com.chrome.devtools.json
2026-03-11 12:02:29,891 [WARNING] django.server: "GET /.well-known/appspecific/com.chrome.devtools.json HTTP/1.1" 404 13603
2026-03-11 12:02:29,902 [INFO] django.server: "GET /static/main/css/style.css HTTP/1.1" 304 0
2026-03-11 12:02:29,903 [INFO] django.server: "GET /static/main/images/icon.png HTTP/1.1" 304 0
2026-03-11 12:02:29,914 [INFO] django.server: "GET /static/main/scripts/app_feedback.js HTTP/1.1" 304 0
2026-03-11 12:02:29,915 [INFO] django.server: "GET /static/main/scripts/result_view_toggle.js HTTP/1.1" 304 0
2026-03-11 12:02:31,987 [INFO] django.server: "GET /?tab=researchers HTTP/1.1" 200 9009
2026-03-11 12:02:32,011 [WARNING] django.request: Not Found: /.well-known/appspecific/com.chrome.devtools.json
2026-03-11 12:02:32,011 [WARNING] django.server: "GET /.well-known/appspecific/com.chrome.devtools.json HTTP/1.1" 404 13603
2026-03-11 12:02:35,253 [INFO] django.server: "GET /documents HTTP/1.1" 200 31573
2026-03-11 12:02:35,281 [WARNING] django.request: Not Found: /.well-known/appspecific/com.chrome.devtools.json
2026-03-11 12:02:35,281 [WARNING] django.server: "GET /.well-known/appspecific/com.chrome.devtools.json HTTP/1.1" 404 13603
2026-03-11 12:02:35,292 [INFO] django.server: "GET /static/document/css/style.css HTTP/1.1" 304 0
2026-03-11 12:02:35,896 [INFO] django.server: "GET /account/ HTTP/1.1" 302 0
2026-03-11 12:02:35,913 [INFO] django.server: "GET /employees/74/ HTTP/1.1" 200 19053
2026-03-11 12:02:36,297 [INFO] django.server: "GET /documents HTTP/1.1" 200 31573
2026-03-11 12:02:36,325 [WARNING] django.request: Not Found: /.well-known/appspecific/com.chrome.devtools.json
2026-03-11 12:02:36,326 [WARNING] django.server: "GET /.well-known/appspecific/com.chrome.devtools.json HTTP/1.1" 404 13603
2026-03-11 12:02:36,704 [INFO] django.server: "GET /account/ HTTP/1.1" 302 0
2026-03-11 12:02:36,723 [INFO] django.server: "GET /employees/74/ HTTP/1.1" 200 19053
2026-03-11 12:02:36,753 [WARNING] django.request: Not Found: /.well-known/appspecific/com.chrome.devtools.json
2026-03-11 12:02:36,754 [WARNING] django.server: "GET /.well-known/appspecific/com.chrome.devtools.json HTTP/1.1" 404 13603
2026-03-11 12:02:36,757 [INFO] django.server: "GET /media/user_photos/WhatsApp_Image_2025-11-10_at_12.37.23.jpeg HTTP/1.1" 304 0
2026-03-11 12:02:36,956 [INFO] django.server: "GET /account/ HTTP/1.1" 302 0
2026-03-11 12:02:36,971 [INFO] django.server: "GET /employees/74/ HTTP/1.1" 200 19053
2026-03-11 12:02:37,014 [WARNING] django.request: Not Found: /.well-known/appspecific/com.chrome.devtools.json
2026-03-11 12:02:37,015 [WARNING] django.server: "GET /.well-known/appspecific/com.chrome.devtools.json HTTP/1.1" 404 13603
2026-03-11 12:02:37,165 [INFO] django.server: "GET /account/ HTTP/1.1" 302 0
2026-03-11 12:02:37,182 [INFO] django.server: "GET /employees/74/ HTTP/1.1" 200 19053
2026-03-11 12:02:37,215 [WARNING] django.request: Not Found: /.well-known/appspecific/com.chrome.devtools.json
2026-03-11 12:02:37,216 [WARNING] django.server: "GET /.well-known/appspecific/com.chrome.devtools.json HTTP/1.1" 404 13603
2026-03-11 12:02:37,403 [INFO] django.server: "GET /account/ HTTP/1.1" 302 0
2026-03-11 12:02:37,425 [INFO] django.server: "GET /employees/74/ HTTP/1.1" 200 19053
2026-03-11 12:02:37,461 [WARNING] django.request: Not Found: /.well-known/appspecific/com.chrome.devtools.json
2026-03-11 12:02:37,462 [WARNING] django.server: "GET /.well-known/appspecific/com.chrome.devtools.json HTTP/1.1" 404 13603
2026-03-11 12:02:38,067 [INFO] django.server: "GET /documents HTTP/1.1" 200 31573
2026-03-11 12:02:38,099 [WARNING] django.request: Not Found: /.well-known/appspecific/com.chrome.devtools.json
2026-03-11 12:02:38,100 [WARNING] django.server: "GET /.well-known/appspecific/com.chrome.devtools.json HTTP/1.1" 404 13603
2026-03-11 12:02:38,461 [INFO] django.server: "GET /documents HTTP/1.1" 200 31573
2026-03-11 12:02:38,498 [WARNING] django.request: Not Found: /.well-known/appspecific/com.chrome.devtools.json
2026-03-11 12:02:38,499 [WARNING] django.server: "GET /.well-known/appspecific/com.chrome.devtools.json HTTP/1.1" 404 13603
2026-03-11 12:02:38,837 [INFO] django.server: "GET /account/ HTTP/1.1" 302 0
2026-03-11 12:02:38,858 [INFO] django.server: "GET /employees/74/ HTTP/1.1" 200 19053
2026-03-11 12:02:38,887 [WARNING] django.request: Not Found: /.well-known/appspecific/com.chrome.devtools.json
2026-03-11 12:02:38,888 [WARNING] django.server: "GET /.well-known/appspecific/com.chrome.devtools.json HTTP/1.1" 404 13603
2026-03-11 12:02:39,533 [INFO] django.server: "GET /documents HTTP/1.1" 200 31573
2026-03-11 12:02:39,563 [WARNING] django.request: Not Found: /.well-known/appspecific/com.chrome.devtools.json
2026-03-11 12:02:39,564 [WARNING] django.server: "GET /.well-known/appspecific/com.chrome.devtools.json HTTP/1.1" 404 13603
2026-03-11 12:02:39,866 [INFO] django.server: "GET / HTTP/1.1" 200 14941
2026-03-11 12:02:39,897 [WARNING] django.request: Not Found: /.well-known/appspecific/com.chrome.devtools.json
2026-03-11 12:02:39,897 [WARNING] django.server: "GET /.well-known/appspecific/com.chrome.devtools.json HTTP/1.1" 404 13603
2026-03-11 12:03:12,084 [INFO] django.server: "GET /?tab=researchers HTTP/1.1" 200 9009
2026-03-11 12:03:12,915 [INFO] django.server: "GET /?tab=documents HTTP/1.1" 200 14941
2026-03-11 12:03:19,866 [INFO] django.server: "GET /?tab=researchers HTTP/1.1" 200 9009
2026-03-11 12:03:19,898 [WARNING] django.request: Not Found: /.well-known/appspecific/com.chrome.devtools.json
2026-03-11 12:03:19,899 [WARNING] django.server: "GET /.well-known/appspecific/com.chrome.devtools.json HTTP/1.1" 404 13603
2026-03-11 12:03:20,528 [INFO] django.server: "GET /?tab=documents HTTP/1.1" 200 14941
2026-03-11 12:03:20,565 [WARNING] django.request: Not Found: /.well-known/appspecific/com.chrome.devtools.json
2026-03-11 12:03:20,565 [WARNING] django.server: "GET /.well-known/appspecific/com.chrome.devtools.json HTTP/1.1" 404 13603
2026-03-11 12:03:20,903 [INFO] django.server: "GET /?tab=researchers HTTP/1.1" 200 9009
2026-03-11 12:03:20,936 [WARNING] django.request: Not Found: /.well-known/appspecific/com.chrome.devtools.json
2026-03-11 12:03:20,936 [WARNING] django.server: "GET /.well-known/appspecific/com.chrome.devtools.json HTTP/1.1" 404 13603
2026-03-11 12:03:22,807 [INFO] django.server: "GET /?tab=documents HTTP/1.1" 200 14941
2026-03-11 12:03:22,952 [WARNING] django.request: Not Found: /.well-known/appspecific/com.chrome.devtools.json
2026-03-11 12:03:22,953 [WARNING] django.server: "GET /.well-known/appspecific/com.chrome.devtools.json HTTP/1.1" 404 13603
2026-03-11 12:03:46,808 [INFO] django.server: "GET /?tab=documents HTTP/1.1" 200 14941
2026-03-11 12:03:51,168 [INFO] django.server: "GET /?tab=documents&search=%D0%B0%D1%81%D0%B5%D0%BB&status=&type=&y_min=2010&y_max=2026&lang=&oa=&db=&quartile=&area=&venue= HTTP/1.1" 200 49038
2026-03-11 12:04:29,265 [INFO] main.utils: Generation request accepted user=74 template_id=13 filters_tags=0
2026-03-11 12:04:29,266 [INFO] main.utils: Generation start template_id=13 user=74 template_file_type=docx publications_count=10 requested_title=
2026-03-11 12:04:29,266 [INFO] utils.document_generator: Template render start template_id=13 base_len=0
2026-03-11 12:04:29,266 [INFO] utils.document_generator: Template render after synonyms template_id=13 len=0
2026-03-11 12:04:29,267 [WARNING] utils.document_generator: Template render result is empty template_id=13
2026-03-11 12:04:29,267 [INFO] main.utils: Text render result template_id=13 text_len=0 non_empty=False
2026-03-11 12:04:29,267 [INFO] main.utils: DOCX render branch template_id=13 source_file=synthetic_documents/template-from-document-5.docx
2026-03-11 12:04:29,268 [INFO] utils.document_generator: DOCX render start template_id=13 source=D:\PROJECTs\su_science\project\media\synthetic_documents\template-from-document-5.docx output=C:\Users\admin\AppData\Local\Temp\tmp4djunb23.docx
2026-03-11 12:04:29,339 [INFO] utils.document_generator: DOCX render finished template_id=13 output=C:\Users\admin\AppData\Local\Temp\tmp4djunb23.docx
2026-03-11 12:04:29,357 [INFO] main.utils: Generation finished document_id=49 generated_by=13 file_type=docx file_name=documents/report-20260311070429.docx
2026-03-11 12:04:29,357 [INFO] django.server: "POST /search/ HTTP/1.1" 302 0
2026-03-11 12:04:29,412 [INFO] document.views: Document file served document=49
2026-03-11 12:04:29,413 [INFO] django.server: "GET /files/49?download=1 HTTP/1.1" 200 26061
2026-03-11 12:06:35,640 [INFO] django.server: "GET /?tab=documents HTTP/1.1" 200 14941
2026-03-11 12:10:13,706 [INFO] django.server: "GET /?tab=documents HTTP/1.1" 200 14941
2026-03-11 12:11:20,577 [INFO] django.server: "GET /?tab=documents&search=%D0%90%D0%BB%D0%B1%D0%B0%D0%BD%D0%B1%D0%B0%D0%B9&status=&type=&y_min=2010&y_max=2026&lang=&oa=&db=&quartile=&area=&venue=12 HTTP/1.1" 200 25015
2026-03-11 12:11:32,119 [INFO] django.server: "GET /?tab=documents&search=%D0%90%D0%BB%D0%B1%D0%B0%D0%BD%D0%B1%D0%B0%D0%B9&status=&type=&y_min=2010&y_max=2026&lang=&oa=&db=&quartile=&area=&venue= HTTP/1.1" 200 50968
2026-03-11 12:13:05,069 [INFO] django.server: "GET /?tab=researchers HTTP/1.1" 200 9009
2026-03-11 12:13:06,360 [INFO] django.server: "GET /?tab=documents HTTP/1.1" 200 14941
2026-03-11 12:13:30,806 [INFO] django.server: "GET /?tab=researchers HTTP/1.1" 200 9009
2026-03-11 12:13:30,840 [WARNING] django.request: Not Found: /.well-known/appspecific/com.chrome.devtools.json
2026-03-11 12:13:30,840 [WARNING] django.server: "GET /.well-known/appspecific/com.chrome.devtools.json HTTP/1.1" 404 13603
2026-03-11 12:14:37,694 [INFO] django.server: "GET /?tab=researchers HTTP/1.1" 200 9009
2026-03-11 12:14:37,725 [WARNING] django.request: Not Found: /.well-known/appspecific/com.chrome.devtools.json
2026-03-11 12:14:37,725 [WARNING] django.server: "GET /.well-known/appspecific/com.chrome.devtools.json HTTP/1.1" 404 13603
2026-03-11 12:14:37,783 [INFO] django.server: "GET /static/main/images/favicon.ico HTTP/1.1" 304 0
2026-03-11 12:14:37,948 [INFO] django.server: "GET /?tab=researchers HTTP/1.1" 200 9009
2026-03-11 12:14:37,975 [WARNING] django.request: Not Found: /.well-known/appspecific/com.chrome.devtools.json
2026-03-11 12:14:37,976 [WARNING] django.server: "GET /.well-known/appspecific/com.chrome.devtools.json HTTP/1.1" 404 13603
2026-03-11 12:14:38,188 [INFO] django.server: "GET /?tab=researchers HTTP/1.1" 200 9009
2026-03-11 12:14:38,231 [WARNING] django.request: Not Found: /.well-known/appspecific/com.chrome.devtools.json
2026-03-11 12:14:38,232 [WARNING] django.server: "GET /.well-known/appspecific/com.chrome.devtools.json HTTP/1.1" 404 13603
2026-03-11 12:14:39,326 [INFO] django.server: "GET /?tab=researchers HTTP/1.1" 200 9009
2026-03-11 12:14:39,356 [WARNING] django.request: Not Found: /.well-known/appspecific/com.chrome.devtools.json
2026-03-11 12:14:39,356 [WARNING] django.server: "GET /.well-known/appspecific/com.chrome.devtools.json HTTP/1.1" 404 13603
2026-03-11 12:14:39,837 [INFO] django.server: "GET /?tab=documents HTTP/1.1" 200 14941
2026-03-11 12:14:39,864 [WARNING] django.request: Not Found: /.well-known/appspecific/com.chrome.devtools.json
2026-03-11 12:14:39,864 [WARNING] django.server: "GET /.well-known/appspecific/com.chrome.devtools.json HTTP/1.1" 404 13603
2026-03-11 12:14:40,109 [INFO] django.server: "GET /?tab=documents HTTP/1.1" 200 14941
2026-03-11 12:14:40,142 [WARNING] django.request: Not Found: /.well-known/appspecific/com.chrome.devtools.json
2026-03-11 12:14:40,143 [WARNING] django.server: "GET /.well-known/appspecific/com.chrome.devtools.json HTTP/1.1" 404 13603
2026-03-11 12:14:40,293 [INFO] django.server: "GET /?tab=documents HTTP/1.1" 200 14941
2026-03-11 12:14:40,328 [WARNING] django.request: Not Found: /.well-known/appspecific/com.chrome.devtools.json
2026-03-11 12:14:40,329 [WARNING] django.server: "GET /.well-known/appspecific/com.chrome.devtools.json HTTP/1.1" 404 13603
2026-03-11 12:14:40,733 [INFO] django.server: "GET /?tab=researchers HTTP/1.1" 200 9009
2026-03-11 12:14:40,764 [WARNING] django.request: Not Found: /.well-known/appspecific/com.chrome.devtools.json
2026-03-11 12:14:40,765 [WARNING] django.server: "GET /.well-known/appspecific/com.chrome.devtools.json HTTP/1.1" 404 13603
2026-03-11 12:14:41,212 [INFO] django.server: "GET /?tab=documents HTTP/1.1" 200 14941
2026-03-11 12:14:41,244 [WARNING] django.request: Not Found: /.well-known/appspecific/com.chrome.devtools.json
2026-03-11 12:14:41,244 [WARNING] django.server: "GET /.well-known/appspecific/com.chrome.devtools.json HTTP/1.1" 404 13603
2026-03-11 12:14:42,089 [INFO] django.server: "GET /?tab=researchers HTTP/1.1" 200 9009
2026-03-11 12:14:42,121 [WARNING] django.request: Not Found: /.well-known/appspecific/com.chrome.devtools.json
2026-03-11 12:14:42,121 [WARNING] django.server: "GET /.well-known/appspecific/com.chrome.devtools.json HTTP/1.1" 404 13603
2026-03-11 12:14:43,549 [INFO] django.server: "GET /?tab=documents HTTP/1.1" 200 14941
2026-03-11 12:14:43,577 [WARNING] django.request: Not Found: /.well-known/appspecific/com.chrome.devtools.json
2026-03-11 12:14:43,577 [WARNING] django.server: "GET /.well-known/appspecific/com.chrome.devtools.json HTTP/1.1" 404 13603
2026-03-11 12:14:48,022 [INFO] django.server: "GET /?tab=researchers HTTP/1.1" 200 9009
2026-03-11 12:14:48,054 [WARNING] django.request: Not Found: /.well-known/appspecific/com.chrome.devtools.json
2026-03-11 12:14:48,054 [WARNING] django.server: "GET /.well-known/appspecific/com.chrome.devtools.json HTTP/1.1" 404 13603
2026-03-11 12:16:48,365 [INFO] django.server: "GET /?tab=researchers&researcher_last_name=&researcher_first_name=&research_q=&researcher_department=&researcher_scope=&researcher_gender= HTTP/1.1" 200 9009
2026-03-11 12:16:48,395 [WARNING] django.request: Not Found: /.well-known/appspecific/com.chrome.devtools.json
2026-03-11 12:16:48,395 [WARNING] django.server: "GET /.well-known/appspecific/com.chrome.devtools.json HTTP/1.1" 404 13603
2026-03-11 12:16:55,511 [INFO] django.server: "GET /?tab=researchers HTTP/1.1" 200 9009
2026-03-11 12:16:55,542 [WARNING] django.request: Not Found: /.well-known/appspecific/com.chrome.devtools.json
2026-03-11 12:16:55,543 [WARNING] django.server: "GET /.well-known/appspecific/com.chrome.devtools.json HTTP/1.1" 404 13603
2026-03-11 12:16:56,034 [INFO] django.server: "GET /?tab=documents HTTP/1.1" 200 14941
2026-03-11 12:16:56,067 [WARNING] django.request: Not Found: /.well-known/appspecific/com.chrome.devtools.json
2026-03-11 12:16:56,067 [WARNING] django.server: "GET /.well-known/appspecific/com.chrome.devtools.json HTTP/1.1" 404 13603
2026-03-11 12:16:56,397 [INFO] django.server: "GET /?tab=documents HTTP/1.1" 200 14941
2026-03-11 12:16:56,431 [WARNING] django.request: Not Found: /.well-known/appspecific/com.chrome.devtools.json
2026-03-11 12:16:56,432 [WARNING] django.server: "GET /.well-known/appspecific/com.chrome.devtools.json HTTP/1.1" 404 13603
2026-03-11 12:16:56,862 [INFO] django.server: "GET /?tab=researchers HTTP/1.1" 200 9009
2026-03-11 12:16:56,895 [WARNING] django.request: Not Found: /.well-known/appspecific/com.chrome.devtools.json
2026-03-11 12:16:56,896 [WARNING] django.server: "GET /.well-known/appspecific/com.chrome.devtools.json HTTP/1.1" 404 13603
2026-03-11 12:16:57,703 [INFO] django.server: "GET /account/ HTTP/1.1" 302 0
2026-03-11 12:16:57,724 [INFO] django.server: "GET /employees/74/ HTTP/1.1" 200 19053
2026-03-11 12:16:59,458 [INFO] django.server: "GET /?tab=researchers HTTP/1.1" 200 9009
2026-03-11 12:16:59,491 [WARNING] django.request: Not Found: /.well-known/appspecific/com.chrome.devtools.json
2026-03-11 12:16:59,491 [WARNING] django.server: "GET /.well-known/appspecific/com.chrome.devtools.json HTTP/1.1" 404 13603
2026-03-11 12:17:00,135 [INFO] django.server: "GET /?tab=researchers HTTP/1.1" 200 9009
2026-03-11 12:17:00,169 [WARNING] django.request: Not Found: /.well-known/appspecific/com.chrome.devtools.json
2026-03-11 12:17:00,170 [WARNING] django.server: "GET /.well-known/appspecific/com.chrome.devtools.json HTTP/1.1" 404 13603
2026-03-11 12:17:00,623 [INFO] django.server: "GET /?tab=documents HTTP/1.1" 200 14941
2026-03-11 12:17:00,658 [WARNING] django.request: Not Found: /.well-known/appspecific/com.chrome.devtools.json
2026-03-11 12:17:00,658 [WARNING] django.server: "GET /.well-known/appspecific/com.chrome.devtools.json HTTP/1.1" 404 13603
2026-03-11 12:17:01,031 [INFO] django.server: "GET /?tab=researchers HTTP/1.1" 200 9009
2026-03-11 12:17:01,066 [WARNING] django.request: Not Found: /.well-known/appspecific/com.chrome.devtools.json
2026-03-11 12:17:01,067 [WARNING] django.server: "GET /.well-known/appspecific/com.chrome.devtools.json HTTP/1.1" 404 13603
2026-03-11 12:17:01,863 [INFO] django.server: "GET /?tab=researchers&researcher_last_name=&researcher_first_name=&research_q=&researcher_department=&researcher_scope=&researcher_gender= HTTP/1.1" 200 9009
2026-03-11 12:17:01,899 [WARNING] django.request: Not Found: /.well-known/appspecific/com.chrome.devtools.json
2026-03-11 12:17:01,900 [WARNING] django.server: "GET /.well-known/appspecific/com.chrome.devtools.json HTTP/1.1" 404 13603
2026-03-11 12:17:04,814 [INFO] django.server: "GET /?tab=researchers HTTP/1.1" 200 9009
2026-03-11 12:17:04,847 [WARNING] django.request: Not Found: /.well-known/appspecific/com.chrome.devtools.json
2026-03-11 12:17:04,847 [WARNING] django.server: "GET /.well-known/appspecific/com.chrome.devtools.json HTTP/1.1" 404 13603
2026-03-11 12:17:05,044 [INFO] django.server: "GET /?tab=researchers HTTP/1.1" 200 9009
2026-03-11 12:17:05,085 [WARNING] django.request: Not Found: /.well-known/appspecific/com.chrome.devtools.json
2026-03-11 12:17:05,085 [WARNING] django.server: "GET /.well-known/appspecific/com.chrome.devtools.json HTTP/1.1" 404 13603
2026-03-11 12:17:20,006 [INFO] django.server: "GET /?tab=researchers&researcher_last_name=%D0%95%D1%80%D0%BB%D0%B0%D0%BD%D1%8A&researcher_first_name=&research_q=&researcher_department=&researcher_scope=&researcher_gender= HTTP/1.1" 200 10749
2026-03-11 12:17:20,034 [WARNING] django.request: Not Found: /.well-known/appspecific/com.chrome.devtools.json
2026-03-11 12:17:20,034 [WARNING] django.server: "GET /.well-known/appspecific/com.chrome.devtools.json HTTP/1.1" 404 13603
2026-03-11 12:17:23,860 [INFO] django.server: "GET /?tab=researchers&researcher_last_name=%D0%90%D1%8F%D0%BF&researcher_first_name=&research_q=&researcher_department=&researcher_scope=&researcher_gender= HTTP/1.1" 200 13230
2026-03-11 12:17:23,891 [WARNING] django.request: Not Found: /.well-known/appspecific/com.chrome.devtools.json
2026-03-11 12:17:23,891 [WARNING] django.server: "GET /.well-known/appspecific/com.chrome.devtools.json HTTP/1.1" 404 13603
2026-03-11 12:17:28,521 [INFO] django.server: "GET /employees/74/ HTTP/1.1" 200 19053
2026-03-11 12:17:28,567 [WARNING] django.request: Not Found: /.well-known/appspecific/com.chrome.devtools.json
2026-03-11 12:17:28,567 [WARNING] django.server: "GET /.well-known/appspecific/com.chrome.devtools.json HTTP/1.1" 404 13603
2026-03-11 12:17:31,338 [INFO] django.server: "GET / HTTP/1.1" 200 14941
2026-03-11 12:17:31,374 [WARNING] django.request: Not Found: /.well-known/appspecific/com.chrome.devtools.json
2026-03-11 12:17:31,375 [WARNING] django.server: "GET /.well-known/appspecific/com.chrome.devtools.json HTTP/1.1" 404 13603
2026-03-11 12:17:31,740 [INFO] django.server: "GET / HTTP/1.1" 200 14941
2026-03-11 12:17:31,776 [WARNING] django.request: Not Found: /.well-known/appspecific/com.chrome.devtools.json
2026-03-11 12:17:31,777 [WARNING] django.server: "GET /.well-known/appspecific/com.chrome.devtools.json HTTP/1.1" 404 13603
2026-03-11 12:17:31,936 [INFO] django.server: "GET / HTTP/1.1" 200 14941
2026-03-11 12:17:31,971 [WARNING] django.request: Not Found: /.well-known/appspecific/com.chrome.devtools.json
2026-03-11 12:17:31,972 [WARNING] django.server: "GET /.well-known/appspecific/com.chrome.devtools.json HTTP/1.1" 404 13603
2026-03-11 12:17:33,268 [INFO] django.server: "GET /account/ HTTP/1.1" 302 0
2026-03-11 12:17:33,286 [INFO] django.server: "GET /employees/74/ HTTP/1.1" 200 19053
2026-03-11 12:17:33,327 [WARNING] django.request: Not Found: /.well-known/appspecific/com.chrome.devtools.json
2026-03-11 12:17:33,327 [WARNING] django.server: "GET /.well-known/appspecific/com.chrome.devtools.json HTTP/1.1" 404 13603
2026-03-11 12:17:33,951 [INFO] django.server: "GET /documents HTTP/1.1" 200 31573
2026-03-11 12:17:33,988 [WARNING] django.request: Not Found: /.well-known/appspecific/com.chrome.devtools.json
2026-03-11 12:17:33,989 [WARNING] django.server: "GET /.well-known/appspecific/com.chrome.devtools.json HTTP/1.1" 404 13603
2026-03-11 12:17:35,367 [INFO] django.server: "GET / HTTP/1.1" 200 14941
2026-03-11 12:17:35,399 [WARNING] django.request: Not Found: /.well-known/appspecific/com.chrome.devtools.json
2026-03-11 12:17:35,400 [WARNING] django.server: "GET /.well-known/appspecific/com.chrome.devtools.json HTTP/1.1" 404 13603
2026-03-11 12:19:24,205 [INFO] django.server: "GET /documents HTTP/1.1" 200 31573
2026-03-11 12:19:24,245 [WARNING] django.request: Not Found: /.well-known/appspecific/com.chrome.devtools.json
2026-03-11 12:19:24,246 [WARNING] django.server: "GET /.well-known/appspecific/com.chrome.devtools.json HTTP/1.1" 404 13603
2026-03-11 12:19:24,886 [INFO] django.server: "GET / HTTP/1.1" 200 14941
2026-03-11 12:19:24,920 [WARNING] django.request: Not Found: /.well-known/appspecific/com.chrome.devtools.json
2026-03-11 12:19:24,921 [WARNING] django.server: "GET /.well-known/appspecific/com.chrome.devtools.json HTTP/1.1" 404 13603
2026-03-11 12:19:38,870 [INFO] django.server: "GET /employees HTTP/1.1" 301 0
2026-03-11 12:19:38,879 [INFO] django.server: "GET /employees/ HTTP/1.1" 200 51664
2026-03-11 12:19:38,911 [WARNING] django.request: Not Found: /.well-known/appspecific/com.chrome.devtools.json
2026-03-11 12:19:38,912 [WARNING] django.server: "GET /.well-known/appspecific/com.chrome.devtools.json HTTP/1.1" 404 13603
2026-03-11 12:19:38,918 [INFO] django.server: "GET /static/main/images/woman-user-color-icon.svg HTTP/1.1" 304 0
2026-03-11 12:19:38,921 [INFO] django.server: "GET /static/main/images/man-user-color-icon.svg HTTP/1.1" 304 0
2026-03-11 12:19:41,383 [INFO] django.server: "GET /employees/57/ HTTP/1.1" 200 8465
2026-03-11 12:19:41,415 [WARNING] django.request: Not Found: /.well-known/appspecific/com.chrome.devtools.json
2026-03-11 12:19:41,416 [WARNING] django.server: "GET /.well-known/appspecific/com.chrome.devtools.json HTTP/1.1" 404 13603
2026-03-11 12:19:47,632 [WARNING] django.request: Not Found: /.well-known/appspecific/com.chrome.devtools.json
2026-03-11 12:19:47,633 [WARNING] django.server: "GET /.well-known/appspecific/com.chrome.devtools.json HTTP/1.1" 404 13603
2026-03-11 12:19:47,646 [WARNING] django.request: Not Found: /.well-known/appspecific/com.chrome.devtools.json
2026-03-11 12:19:47,646 [WARNING] django.server: "GET /.well-known/appspecific/com.chrome.devtools.json HTTP/1.1" 404 13603
2026-03-11 12:19:51,390 [INFO] django.server: "GET /employees/58/ HTTP/1.1" 200 18511
2026-03-11 12:22:22,845 [INFO] django.server: "GET / HTTP/1.1" 200 14941
2026-03-11 12:22:24,809 [INFO] django.server: "GET /?tab=documents HTTP/1.1" 200 14941
2026-03-11 12:22:25,710 [INFO] django.server: "GET /?tab=documents&search=&status=&type=&y_min=2010&y_max=2026&lang=&oa=&db=&quartile=&area=&venue= HTTP/1.1" 200 76366
2026-03-11 12:22:31,339 [WARNING] django.request: Not Found: /.well-known/appspecific/com.chrome.devtools.json
2026-03-11 12:22:31,339 [WARNING] django.server: "GET /.well-known/appspecific/com.chrome.devtools.json HTTP/1.1" 404 13603
2026-03-11 12:22:53,361 [INFO] django.server: "GET /?tab=documents&search=&status=&type=&y_min=2010&y_max=2026&lang=&oa=&db=&quartile=&area=&venue= HTTP/1.1" 200 76366
2026-03-11 12:22:53,391 [WARNING] django.request: Not Found: /.well-known/appspecific/com.chrome.devtools.json
2026-03-11 12:22:53,392 [WARNING] django.server: "GET /.well-known/appspecific/com.chrome.devtools.json HTTP/1.1" 404 13603
2026-03-11 12:22:53,405 [INFO] django.server: "GET /static/main/images/icon.png HTTP/1.1" 200 49378
2026-03-11 12:22:53,405 [INFO] django.server: "GET /static/main/css/style.css HTTP/1.1" 200 20699
2026-03-11 12:22:53,411 [INFO] django.server: "GET /static/main/scripts/app_feedback.js HTTP/1.1" 200 1259
2026-03-11 12:22:53,412 [INFO] django.server: "GET /static/main/scripts/result_view_toggle.js HTTP/1.1" 200 1763
2026-03-11 12:22:54,011 [INFO] django.server: "GET /static/main/images/favicon.ico HTTP/1.1" 200 15406
2026-03-11 12:23:08,477 [INFO] django.server: "GET /?tab=documents&search=&status=&type=&y_min=2010&y_max=2026&lang=&oa=&db=&quartile=&area=&venue= HTTP/1.1" 200 76366
2026-03-11 12:23:08,507 [WARNING] django.request: Not Found: /.well-known/appspecific/com.chrome.devtools.json
2026-03-11 12:23:08,507 [WARNING] django.server: "GET /.well-known/appspecific/com.chrome.devtools.json HTTP/1.1" 404 13603
2026-03-11 12:23:08,519 [INFO] django.server: "GET /static/main/css/style.css HTTP/1.1" 200 20685
2026-03-11 12:23:08,519 [INFO] django.server: "GET /static/main/images/icon.png HTTP/1.1" 200 49378
2026-03-11 12:23:08,528 [INFO] django.server: "GET /static/main/scripts/result_view_toggle.js HTTP/1.1" 200 1763
2026-03-11 12:23:08,528 [INFO] django.server: "GET /static/main/scripts/app_feedback.js HTTP/1.1" 200 1259
2026-03-11 12:23:08,941 [INFO] django.server: "GET /static/main/images/favicon.ico HTTP/1.1" 200 15406
2026-03-11 12:23:15,853 [INFO] django.server: "GET /?tab=documents&search=&status=&type=&y_min=2010&y_max=2026&lang=&oa=&db=&quartile=&area=&venue= HTTP/1.1" 200 76366
2026-03-11 12:23:15,885 [WARNING] django.request: Not Found: /.well-known/appspecific/com.chrome.devtools.json
2026-03-11 12:23:15,886 [WARNING] django.server: "GET /.well-known/appspecific/com.chrome.devtools.json HTTP/1.1" 404 13603
2026-03-11 12:23:15,900 [INFO] django.server: "GET /static/main/css/style.css HTTP/1.1" 200 20686
2026-03-11 12:23:15,901 [INFO] django.server: "GET /static/main/images/icon.png HTTP/1.1" 200 49378
2026-03-11 12:23:15,906 [INFO] django.server: "GET /static/main/scripts/result_view_toggle.js HTTP/1.1" 200 1763
2026-03-11 12:23:15,906 [INFO] django.server: "GET /static/main/scripts/app_feedback.js HTTP/1.1" 200 1259
2026-03-11 12:23:16,431 [INFO] django.server: "GET /static/main/images/favicon.ico HTTP/1.1" 200 15406
2026-03-11 12:23:31,384 [INFO] django.server: "GET /?tab=documents&search=&status=&type=&y_min=2010&y_max=2026&lang=&oa=&db=&quartile=&area=&venue= HTTP/1.1" 200 76366
2026-03-11 12:23:31,415 [WARNING] django.request: Not Found: /.well-known/appspecific/com.chrome.devtools.json
2026-03-11 12:23:31,415 [WARNING] django.server: "GET /.well-known/appspecific/com.chrome.devtools.json HTTP/1.1" 404 13603
2026-03-11 12:23:31,429 [INFO] django.server: "GET /static/main/css/style.css HTTP/1.1" 200 20686
2026-03-11 12:23:31,430 [INFO] django.server: "GET /static/main/images/icon.png HTTP/1.1" 200 49378
2026-03-11 12:23:31,436 [INFO] django.server: "GET /static/main/scripts/result_view_toggle.js HTTP/1.1" 200 1763
2026-03-11 12:23:31,436 [INFO] django.server: "GET /static/main/scripts/app_feedback.js HTTP/1.1" 200 1259
2026-03-11 12:23:31,839 [INFO] django.server: "GET /static/main/images/favicon.ico HTTP/1.1" 200 15406
2026-03-11 12:23:44,989 [INFO] django.server: "GET /?tab=documents&search=&status=&type=&y_min=2010&y_max=2026&lang=&oa=&db=&quartile=&area=&venue= HTTP/1.1" 200 76366
2026-03-11 12:23:45,018 [WARNING] django.request: Not Found: /.well-known/appspecific/com.chrome.devtools.json
2026-03-11 12:23:45,018 [WARNING] django.server: "GET /.well-known/appspecific/com.chrome.devtools.json HTTP/1.1" 404 13603
2026-03-11 12:23:45,037 [INFO] django.server: "GET /static/main/css/style.css HTTP/1.1" 200 20689
2026-03-11 12:23:45,038 [INFO] django.server: "GET /static/main/images/icon.png HTTP/1.1" 200 49378
2026-03-11 12:23:45,045 [INFO] django.server: "GET /static/main/scripts/app_feedback.js HTTP/1.1" 200 1259
2026-03-11 12:23:45,045 [INFO] django.server: "GET /static/main/scripts/result_view_toggle.js HTTP/1.1" 200 1763
2026-03-11 12:23:45,488 [INFO] django.server: "GET /static/main/images/favicon.ico HTTP/1.1" 200 15406
2026-03-11 12:24:12,265 [INFO] django.server: "GET /?tab=documents&search=&status=&type=&y_min=2010&y_max=2026&lang=&oa=&db=&quartile=&area=&venue= HTTP/1.1" 200 76366
2026-03-11 12:24:12,295 [WARNING] django.request: Not Found: /.well-known/appspecific/com.chrome.devtools.json
2026-03-11 12:24:12,296 [WARNING] django.server: "GET /.well-known/appspecific/com.chrome.devtools.json HTTP/1.1" 404 13603
2026-03-11 12:24:12,308 [INFO] django.server: "GET /static/main/css/style.css HTTP/1.1" 200 20717
2026-03-11 12:24:12,308 [INFO] django.server: "GET /static/main/images/icon.png HTTP/1.1" 200 49378
2026-03-11 12:24:12,317 [INFO] django.server: "GET /static/main/scripts/result_view_toggle.js HTTP/1.1" 200 1763
2026-03-11 12:24:12,317 [INFO] django.server: "GET /static/main/scripts/app_feedback.js HTTP/1.1" 200 1259
2026-03-11 12:24:12,768 [INFO] django.server: "GET /static/main/images/favicon.ico HTTP/1.1" 200 15406
2026-03-11 12:24:18,886 [INFO] django.server: "GET /?tab=documents&search=&status=&type=&y_min=2010&y_max=2026&lang=&oa=&db=&quartile=&area=&venue= HTTP/1.1" 200 76366
2026-03-11 12:24:18,907 [WARNING] django.request: Not Found: /.well-known/appspecific/com.chrome.devtools.json
2026-03-11 12:24:18,907 [WARNING] django.server: "GET /.well-known/appspecific/com.chrome.devtools.json HTTP/1.1" 404 13603
2026-03-11 12:24:18,933 [INFO] django.server: "GET /static/main/images/icon.png HTTP/1.1" 200 49378
2026-03-11 12:24:18,933 [INFO] django.server: "GET /static/main/css/style.css HTTP/1.1" 200 20689
2026-03-11 12:24:18,940 [INFO] django.server: "GET /static/main/scripts/result_view_toggle.js HTTP/1.1" 200 1763
2026-03-11 12:24:18,940 [INFO] django.server: "GET /static/main/scripts/app_feedback.js HTTP/1.1" 200 1259
2026-03-11 12:24:19,327 [INFO] django.server: "GET /static/main/images/favicon.ico HTTP/1.1" 200 15406
2026-03-11 12:24:44,031 [INFO] django.server: "GET /?tab=researchers HTTP/1.1" 200 9009
2026-03-11 12:24:44,051 [WARNING] django.request: Not Found: /.well-known/appspecific/com.chrome.devtools.json
2026-03-11 12:24:44,052 [WARNING] django.server: "GET /.well-known/appspecific/com.chrome.devtools.json HTTP/1.1" 404 13603
2026-03-11 12:24:44,063 [INFO] django.server: "GET /static/main/css/style.css HTTP/1.1" 200 20689
2026-03-11 12:24:45,251 [INFO] django.server: "GET /?tab=researchers&researcher_last_name=&researcher_first_name=&research_q=&researcher_department=&researcher_scope=&researcher_gender= HTTP/1.1" 200 9009
2026-03-11 12:24:45,280 [WARNING] django.request: Not Found: /.well-known/appspecific/com.chrome.devtools.json
2026-03-11 12:24:45,281 [WARNING] django.server: "GET /.well-known/appspecific/com.chrome.devtools.json HTTP/1.1" 404 13603
2026-03-11 12:24:47,887 [INFO] django.server: "GET /?tab=researchers&researcher_last_name=%D0%90%D1%8F%D0%BF%D0%BE%D0%B2&researcher_first_name=%D0%95%D1%80%D0%BB%D0%B0%D0%BD&research_q=www.yerlan4%40gmail.com&researcher_department=&researcher_scope=&researcher_gender= HTTP/1.1" 200 13265
2026-03-11 12:24:47,916 [WARNING] django.request: Not Found: /.well-known/appspecific/com.chrome.devtools.json
2026-03-11 12:24:47,917 [WARNING] django.server: "GET /.well-known/appspecific/com.chrome.devtools.json HTTP/1.1" 404 13603
2026-03-11 12:24:47,924 [INFO] django.server: "GET /static/main/css/style.css HTTP/1.1" 304 0
2026-03-11 12:25:02,910 [INFO] django.server: "GET /?tab=documents HTTP/1.1" 200 14941
2026-03-11 12:25:02,937 [WARNING] django.request: Not Found: /.well-known/appspecific/com.chrome.devtools.json
2026-03-11 12:25:02,937 [WARNING] django.server: "GET /.well-known/appspecific/com.chrome.devtools.json HTTP/1.1" 404 13603
2026-03-11 12:25:02,944 [INFO] django.server: "GET /static/main/css/style.css HTTP/1.1" 304 0
2026-03-11 12:25:17,274 [INFO] django.utils.autoreload: D:\PROJECTs\su_science\project\main\views.py changed, reloading.
2026-03-11 12:25:17,819 [INFO] django.utils.autoreload: Watching for file changes with StatReloader
2026-03-11 12:32:34,456 [INFO] django.server: "GET /employees/load/?page=2 HTTP/1.1" 200 50960
2026-03-11 12:32:35,844 [INFO] django.server: "GET /employees/load/?page=3 HTTP/1.1" 200 50988
2026-03-11 12:32:36,738 [INFO] django.server: "GET /employees/load/?page=4 HTTP/1.1" 200 33418
2026-03-11 12:32:39,625 [INFO] django.server: "GET /employees/34/ HTTP/1.1" 200 11110
2026-03-11 12:32:39,654 [WARNING] django.request: Not Found: /.well-known/appspecific/com.chrome.devtools.json
2026-03-11 12:32:39,655 [WARNING] django.server: "GET /.well-known/appspecific/com.chrome.devtools.json HTTP/1.1" 404 13603
2026-03-11 12:32:39,660 [INFO] django.server: "GET /static/main/css/style.css HTTP/1.1" 304 0
2026-03-11 12:32:41,845 [WARNING] django.request: Not Found: /.well-known/appspecific/com.chrome.devtools.json
2026-03-11 12:32:41,845 [WARNING] django.server: "GET /.well-known/appspecific/com.chrome.devtools.json HTTP/1.1" 404 13603
2026-03-11 12:32:41,858 [WARNING] django.request: Not Found: /.well-known/appspecific/com.chrome.devtools.json
2026-03-11 12:32:41,859 [WARNING] django.server: "GET /.well-known/appspecific/com.chrome.devtools.json HTTP/1.1" 404 13603
2026-03-11 12:32:58,357 [INFO] django.server: "GET /documents HTTP/1.1" 200 31573
2026-03-11 12:32:58,398 [WARNING] django.request: Not Found: /.well-known/appspecific/com.chrome.devtools.json
2026-03-11 12:32:58,398 [WARNING] django.server: "GET /.well-known/appspecific/com.chrome.devtools.json HTTP/1.1" 404 13603
2026-03-11 12:32:59,116 [INFO] django.server: "GET / HTTP/1.1" 200 14941
2026-03-11 12:32:59,145 [WARNING] django.request: Not Found: /.well-known/appspecific/com.chrome.devtools.json
2026-03-11 12:32:59,146 [WARNING] django.server: "GET /.well-known/appspecific/com.chrome.devtools.json HTTP/1.1" 404 13603
2026-03-11 12:33:01,865 [INFO] django.server: "GET /?tab=documents&search=&status=&type=&y_min=2010&y_max=2026&lang=&oa=&db=&quartile=&area=&venue= HTTP/1.1" 200 76366
2026-03-11 12:33:01,896 [WARNING] django.request: Not Found: /.well-known/appspecific/com.chrome.devtools.json
2026-03-11 12:33:01,897 [WARNING] django.server: "GET /.well-known/appspecific/com.chrome.devtools.json HTTP/1.1" 404 13603
2026-03-11 12:33:09,977 [INFO] django.server: "GET /publications/18/ HTTP/1.1" 200 11300
2026-03-11 12:33:10,007 [WARNING] django.request: Not Found: /.well-known/appspecific/com.chrome.devtools.json
2026-03-11 12:33:10,007 [WARNING] django.server: "GET /.well-known/appspecific/com.chrome.devtools.json HTTP/1.1" 404 13603
2026-03-11 12:33:19,734 [WARNING] django.request: Not Found: /.well-known/appspecific/com.chrome.devtools.json
2026-03-11 12:33:19,735 [WARNING] django.server: "GET /.well-known/appspecific/com.chrome.devtools.json HTTP/1.1" 404 13603
2026-03-11 12:33:19,748 [WARNING] django.request: Not Found: /.well-known/appspecific/com.chrome.devtools.json
2026-03-11 12:33:19,748 [WARNING] django.server: "GET /.well-known/appspecific/com.chrome.devtools.json HTTP/1.1" 404 13603
2026-03-11 12:33:23,119 [INFO] django.server: "GET /?tab=researchers HTTP/1.1" 200 9009
2026-03-11 12:33:23,151 [WARNING] django.request: Not Found: /.well-known/appspecific/com.chrome.devtools.json
2026-03-11 12:33:23,151 [WARNING] django.server: "GET /.well-known/appspecific/com.chrome.devtools.json HTTP/1.1" 404 13603
2026-03-11 12:33:23,644 [INFO] django.server: "GET /?tab=documents HTTP/1.1" 200 14941
2026-03-11 12:33:23,675 [WARNING] django.request: Not Found: /.well-known/appspecific/com.chrome.devtools.json
2026-03-11 12:33:23,675 [WARNING] django.server: "GET /.well-known/appspecific/com.chrome.devtools.json HTTP/1.1" 404 13603
2026-03-11 12:35:16,351 [INFO] django.server: "GET /?tab=researchers HTTP/1.1" 200 9009
2026-03-11 12:35:16,383 [WARNING] django.request: Not Found: /.well-known/appspecific/com.chrome.devtools.json
2026-03-11 12:35:16,384 [WARNING] django.server: "GET /.well-known/appspecific/com.chrome.devtools.json HTTP/1.1" 404 13603
2026-03-11 12:35:16,392 [INFO] django.server: "GET /static/main/css/style.css HTTP/1.1" 304 0
2026-03-11 12:35:16,920 [INFO] django.server: "GET /?tab=documents HTTP/1.1" 200 14941
2026-03-11 12:35:16,955 [WARNING] django.request: Not Found: /.well-known/appspecific/com.chrome.devtools.json
2026-03-11 12:35:16,956 [WARNING] django.server: "GET /.well-known/appspecific/com.chrome.devtools.json HTTP/1.1" 404 13603
2026-03-11 12:38:35,843 [INFO] scholarly: Getting https://scholar.google.com/citations?hl=en&user=AwXK__cAAAAJ&pagesize=100
2026-03-11 12:38:39,035 [INFO] httpx: HTTP Request: GET https://scholar.google.com/citations?hl=en&user=AwXK__cAAAAJ&pagesize=100 "HTTP/1.1 200 OK"
2026-03-11 12:38:41,275 [INFO] scholarly: Getting https://scholar.google.com/citations?hl=en&user=AwXK__cAAAAJ&pagesize=100
2026-03-11 12:38:43,158 [INFO] httpx: HTTP Request: GET https://scholar.google.com/citations?hl=en&user=AwXK__cAAAAJ&pagesize=100 "HTTP/1.1 200 OK"
2026-03-11 12:44:50,107 [INFO] django.server: "GET /documents HTTP/1.1" 200 31573
2026-03-11 12:44:50,139 [WARNING] django.request: Not Found: /.well-known/appspecific/com.chrome.devtools.json
2026-03-11 12:44:50,140 [WARNING] django.server: "GET /.well-known/appspecific/com.chrome.devtools.json HTTP/1.1" 404 13603
2026-03-11 12:44:50,144 [INFO] django.server: "GET /static/main/css/style.css HTTP/1.1" 304 0
2026-03-11 12:44:51,592 [INFO] django.server: "GET / HTTP/1.1" 200 15101
2026-03-11 12:44:51,622 [WARNING] django.request: Not Found: /.well-known/appspecific/com.chrome.devtools.json
2026-03-11 12:44:51,623 [WARNING] django.server: "GET /.well-known/appspecific/com.chrome.devtools.json HTTP/1.1" 404 13603
2026-03-11 12:44:52,622 [INFO] django.server: "GET /?tab=researchers HTTP/1.1" 200 9009
2026-03-11 12:44:52,651 [WARNING] django.request: Not Found: /.well-known/appspecific/com.chrome.devtools.json
2026-03-11 12:44:52,651 [WARNING] django.server: "GET /.well-known/appspecific/com.chrome.devtools.json HTTP/1.1" 404 13603
2026-03-11 12:44:58,747 [INFO] django.server: "GET /?tab=researchers&researcher_last_name=%D0%90%D0%BB%D0%B1%D0%B0%D0%BD%D0%B1%D0%B0%D0%B9&researcher_first_name=&research_q=&researcher_department=&researcher_scope=&researcher_gender= HTTP/1.1" 200 13318
2026-03-11 12:44:58,775 [WARNING] django.request: Not Found: /.well-known/appspecific/com.chrome.devtools.json
2026-03-11 12:44:58,776 [WARNING] django.server: "GET /.well-known/appspecific/com.chrome.devtools.json HTTP/1.1" 404 13603
2026-03-11 12:45:02,449 [INFO] django.server: "GET /employees/39/ HTTP/1.1" 200 22313
2026-03-11 12:45:02,484 [WARNING] django.request: Not Found: /.well-known/appspecific/com.chrome.devtools.json
2026-03-11 12:45:02,485 [WARNING] django.server: "GET /.well-known/appspecific/com.chrome.devtools.json HTTP/1.1" 404 13603
2026-03-11 12:45:06,352 [INFO] django.server: "GET /?staff_user=39&status=published HTTP/1.1" 200 75085
2026-03-11 12:45:06,396 [WARNING] django.request: Not Found: /.well-known/appspecific/com.chrome.devtools.json
2026-03-11 12:45:06,397 [WARNING] django.server: "GET /.well-known/appspecific/com.chrome.devtools.json HTTP/1.1" 404 13603
2026-03-11 12:45:21,820 [INFO] django.server: "GET /?staff_user=39&status=published&page=2 HTTP/1.1" 200 59077
2026-03-11 12:45:21,856 [WARNING] django.request: Not Found: /.well-known/appspecific/com.chrome.devtools.json
2026-03-11 12:45:21,857 [WARNING] django.server: "GET /.well-known/appspecific/com.chrome.devtools.json HTTP/1.1" 404 13603
2026-03-11 12:45:29,545 [INFO] django.server: "GET /publications/262/ HTTP/1.1" 200 12744
2026-03-11 12:45:29,579 [WARNING] django.request: Not Found: /.well-known/appspecific/com.chrome.devtools.json
2026-03-11 12:45:29,580 [WARNING] django.server: "GET /.well-known/appspecific/com.chrome.devtools.json HTTP/1.1" 404 13603
2026-03-11 12:46:06,014 [INFO] django.server: "GET / HTTP/1.1" 200 15101
2026-03-11 12:46:06,047 [WARNING] django.request: Not Found: /.well-known/appspecific/com.chrome.devtools.json
2026-03-11 12:46:06,048 [WARNING] django.server: "GET /.well-known/appspecific/com.chrome.devtools.json HTTP/1.1" 404 13603
2026-03-11 12:46:10,990 [INFO] django.server: "GET /?tab=researchers HTTP/1.1" 200 9009
2026-03-11 12:46:11,020 [WARNING] django.request: Not Found: /.well-known/appspecific/com.chrome.devtools.json
2026-03-11 12:46:11,021 [WARNING] django.server: "GET /.well-known/appspecific/com.chrome.devtools.json HTTP/1.1" 404 13603
2026-03-11 12:46:11,792 [INFO] django.server: "GET /?tab=documents HTTP/1.1" 200 15101
2026-03-11 12:46:11,826 [WARNING] django.request: Not Found: /.well-known/appspecific/com.chrome.devtools.json
2026-03-11 12:46:11,826 [WARNING] django.server: "GET /.well-known/appspecific/com.chrome.devtools.json HTTP/1.1" 404 13603
2026-03-11 12:46:13,391 [INFO] django.server: "GET /account/ HTTP/1.1" 302 0
2026-03-11 12:46:13,416 [INFO] django.server: "GET /employees/74/ HTTP/1.1" 200 19053
2026-03-11 12:46:14,503 [INFO] django.server: "GET /documents HTTP/1.1" 200 31573
2026-03-11 12:46:14,542 [WARNING] django.request: Not Found: /.well-known/appspecific/com.chrome.devtools.json
2026-03-11 12:46:14,543 [WARNING] django.server: "GET /.well-known/appspecific/com.chrome.devtools.json HTTP/1.1" 404 13603
2026-03-11 12:46:24,297 [INFO] django.server: "GET /account/ HTTP/1.1" 302 0
2026-03-11 12:46:24,317 [INFO] django.server: "GET /employees/74/ HTTP/1.1" 200 19053
2026-03-11 12:46:24,355 [WARNING] django.request: Not Found: /.well-known/appspecific/com.chrome.devtools.json
2026-03-11 12:46:24,356 [WARNING] django.server: "GET /.well-known/appspecific/com.chrome.devtools.json HTTP/1.1" 404 13603
2026-03-11 12:46:25,431 [INFO] django.server: "GET /documents HTTP/1.1" 200 31573
2026-03-11 12:46:25,475 [WARNING] django.request: Not Found: /.well-known/appspecific/com.chrome.devtools.json
2026-03-11 12:46:25,476 [WARNING] django.server: "GET /.well-known/appspecific/com.chrome.devtools.json HTTP/1.1" 404 13603
2026-03-11 12:46:26,009 [INFO] django.server: "GET / HTTP/1.1" 200 15101
2026-03-11 12:46:26,042 [WARNING] django.request: Not Found: /.well-known/appspecific/com.chrome.devtools.json
2026-03-11 12:46:26,043 [WARNING] django.server: "GET /.well-known/appspecific/com.chrome.devtools.json HTTP/1.1" 404 13603
2026-03-11 12:46:26,848 [INFO] django.server: "GET / HTTP/1.1" 200 15101
2026-03-11 12:46:26,884 [WARNING] django.request: Not Found: /.well-known/appspecific/com.chrome.devtools.json
2026-03-11 12:46:26,885 [WARNING] django.server: "GET /.well-known/appspecific/com.chrome.devtools.json HTTP/1.1" 404 13603
2026-03-11 12:46:58,326 [INFO] django.server: "GET /?tab=researchers HTTP/1.1" 200 9009
2026-03-11 12:46:58,359 [WARNING] django.request: Not Found: /.well-known/appspecific/com.chrome.devtools.json
2026-03-11 12:46:58,360 [WARNING] django.server: "GET /.well-known/appspecific/com.chrome.devtools.json HTTP/1.1" 404 13603
2026-03-11 12:46:58,364 [INFO] django.server: "GET /static/main/css/style.css HTTP/1.1" 304 0
2026-03-11 12:47:00,086 [INFO] django.server: "GET /?tab=documents HTTP/1.1" 200 15101
2026-03-11 12:47:00,118 [WARNING] django.request: Not Found: /.well-known/appspecific/com.chrome.devtools.json
2026-03-11 12:47:00,118 [WARNING] django.server: "GET /.well-known/appspecific/com.chrome.devtools.json HTTP/1.1" 404 13603
2026-03-11 12:47:17,014 [INFO] django.server: "GET /?tab=documents HTTP/1.1" 200 15101
2026-03-11 12:47:17,050 [WARNING] django.request: Not Found: /.well-known/appspecific/com.chrome.devtools.json
2026-03-11 12:47:17,050 [WARNING] django.server: "GET /.well-known/appspecific/com.chrome.devtools.json HTTP/1.1" 404 13603
2026-03-11 12:47:17,701 [INFO] django.server: "GET /?tab=researchers HTTP/1.1" 200 9009
2026-03-11 12:47:17,732 [WARNING] django.request: Not Found: /.well-known/appspecific/com.chrome.devtools.json
2026-03-11 12:47:17,733 [WARNING] django.server: "GET /.well-known/appspecific/com.chrome.devtools.json HTTP/1.1" 404 13603
2026-03-11 12:47:35,598 [INFO] django.server: "GET /?tab=documents HTTP/1.1" 200 15101
2026-03-11 12:47:35,628 [WARNING] django.request: Not Found: /.well-known/appspecific/com.chrome.devtools.json
2026-03-11 12:47:35,629 [WARNING] django.server: "GET /.well-known/appspecific/com.chrome.devtools.json HTTP/1.1" 404 13603
2026-03-11 12:47:38,224 [INFO] django.server: "GET /?tab=documents&search=&status=&type=&y_min=1995&y_max=2026&lang=&oa=&db=&quartile=&area=&venue= HTTP/1.1" 200 73986
2026-03-11 12:47:38,258 [WARNING] django.request: Not Found: /.well-known/appspecific/com.chrome.devtools.json
2026-03-11 12:47:38,258 [WARNING] django.server: "GET /.well-known/appspecific/com.chrome.devtools.json HTTP/1.1" 404 13603
2026-03-11 12:48:14,836 [INFO] django.server: "GET /?tab=documents&search=%D0%9D%D1%83%D1%80%D1%82%D0%B0%D0%B9&status=&type=&y_min=1995&y_max=2026&lang=&oa=&db=&quartile=&area=&venue= HTTP/1.1" 200 75188
2026-03-11 12:48:14,866 [WARNING] django.request: Not Found: /.well-known/appspecific/com.chrome.devtools.json
2026-03-11 12:48:14,867 [WARNING] django.server: "GET /.well-known/appspecific/com.chrome.devtools.json HTTP/1.1" 404 13603
2026-03-11 12:48:23,749 [INFO] django.server: "GET /?tab=documents&search=%D0%9D%D1%83%D1%80%D1%82%D0%B0%D0%B9&status=&type=&y_min=1995&y_max=2026&lang=&oa=&db=&quartile=&area=&venue=&page=2 HTTP/1.1" 200 59180
2026-03-11 12:48:23,782 [WARNING] django.request: Not Found: /.well-known/appspecific/com.chrome.devtools.json
2026-03-11 12:48:23,782 [WARNING] django.server: "GET /.well-known/appspecific/com.chrome.devtools.json HTTP/1.1" 404 13603
2026-03-11 12:48:48,060 [INFO] django.server: "GET /?tab=documents&search=%D0%9D%D1%83%D1%80%D1%82%D0%B0%D0%B9&status=&type=&y_min=1995&y_max=2026&lang=&oa=&db=&quartile=&area=&venue=&page=1 HTTP/1.1" 200 75188
2026-03-11 12:48:48,091 [WARNING] django.request: Not Found: /.well-known/appspecific/com.chrome.devtools.json
2026-03-11 12:48:48,091 [WARNING] django.server: "GET /.well-known/appspecific/com.chrome.devtools.json HTTP/1.1" 404 13603
2026-03-11 12:48:51,282 [INFO] django.server: "GET /?tab=documents&search=%D0%9D%D1%83%D1%80%D1%82%D0%B0%D0%B9&status=&type=&y_min=1995&y_max=2026&lang=&oa=&db=&quartile=&area=&venue=&page=2 HTTP/1.1" 200 59180
2026-03-11 12:48:51,319 [WARNING] django.request: Not Found: /.well-known/appspecific/com.chrome.devtools.json
2026-03-11 12:48:51,319 [WARNING] django.server: "GET /.well-known/appspecific/com.chrome.devtools.json HTTP/1.1" 404 13603
2026-03-11 12:48:53,617 [INFO] django.server: "GET /?tab=documents&search=%D0%9D%D1%83%D1%80%D1%82%D0%B0%D0%B9&status=&type=&y_min=1995&y_max=2026&lang=&oa=&db=&quartile=&area=&venue=&page=1 HTTP/1.1" 200 75188
2026-03-11 12:48:53,650 [WARNING] django.request: Not Found: /.well-known/appspecific/com.chrome.devtools.json
2026-03-11 12:48:53,650 [WARNING] django.server: "GET /.well-known/appspecific/com.chrome.devtools.json HTTP/1.1" 404 13603
2026-03-11 12:49:04,728 [INFO] django.server: "GET /?tab=documents&search=%D0%9D%D1%83%D1%80%D1%82%D0%B0%D0%B9&status=&type=&y_min=1995&y_max=2026&lang=&oa=&db=&quartile=&area=&venue=&page=2 HTTP/1.1" 200 59180
2026-03-11 12:49:04,763 [WARNING] django.request: Not Found: /.well-known/appspecific/com.chrome.devtools.json
2026-03-11 12:49:04,764 [WARNING] django.server: "GET /.well-known/appspecific/com.chrome.devtools.json HTTP/1.1" 404 13603
2026-03-11 12:49:06,348 [INFO] django.server: "GET /?tab=documents&search=%D0%9D%D1%83%D1%80%D1%82%D0%B0%D0%B9&status=&type=&y_min=1995&y_max=2026&lang=&oa=&db=&quartile=&area=&venue=&page=1 HTTP/1.1" 200 75188
2026-03-11 12:49:06,382 [WARNING] django.request: Not Found: /.well-known/appspecific/com.chrome.devtools.json
2026-03-11 12:49:06,383 [WARNING] django.server: "GET /.well-known/appspecific/com.chrome.devtools.json HTTP/1.1" 404 13603
2026-03-11 12:49:30,409 [INFO] django.server: "GET /publications/257/ HTTP/1.1" 200 13395
2026-03-11 12:49:30,440 [WARNING] django.request: Not Found: /.well-known/appspecific/com.chrome.devtools.json
2026-03-11 12:49:30,441 [WARNING] django.server: "GET /.well-known/appspecific/com.chrome.devtools.json HTTP/1.1" 404 13603
2026-03-11 12:49:30,443 [INFO] django.server: "GET /static/main/css/style.css HTTP/1.1" 304 0
2026-03-11 12:51:14,181 [WARNING] django.request: Not Found: /.well-known/appspecific/com.chrome.devtools.json
2026-03-11 12:51:14,182 [WARNING] django.server: "GET /.well-known/appspecific/com.chrome.devtools.json HTTP/1.1" 404 13603
2026-03-11 12:51:14,193 [WARNING] django.request: Not Found: /.well-known/appspecific/com.chrome.devtools.json
2026-03-11 12:51:14,194 [WARNING] django.server: "GET /.well-known/appspecific/com.chrome.devtools.json HTTP/1.1" 404 13603
2026-03-11 12:51:53,686 [INFO] django.server: "GET /?tab=documents&search=%D0%9D%D1%83%D1%80%D1%82%D0%B0%D0%B9&status=&type=&y_min=1995&y_max=2026&lang=&oa=&db=&quartile=&area=&venue=&page=2 HTTP/1.1" 200 59180
2026-03-11 12:51:53,728 [WARNING] django.request: Not Found: /.well-known/appspecific/com.chrome.devtools.json
2026-03-11 12:51:53,729 [WARNING] django.server: "GET /.well-known/appspecific/com.chrome.devtools.json HTTP/1.1" 404 13603
2026-03-11 12:56:00,894 [INFO] django.utils.autoreload: D:\PROJECTs\su_science\project\project\settings.py changed, reloading.
2026-03-11 12:56:01,410 [INFO] django.utils.autoreload: Watching for file changes with StatReloader
2026-03-11 12:56:19,884 [WARNING] jazzmin.utils: Could not reverse url from superman
2026-03-11 12:56:19,884 [WARNING] jazzmin.utils: Could not reverse url from superman
2026-03-11 12:56:19,889 [INFO] django.server: "GET /admin/ HTTP/1.1" 200 32703
2026-03-11 12:56:19,923 [WARNING] django.request: Not Found: /.well-known/appspecific/com.chrome.devtools.json
2026-03-11 12:56:19,924 [WARNING] django.server: "GET /.well-known/appspecific/com.chrome.devtools.json HTTP/1.1" 404 13603
2026-03-11 12:56:20,018 [INFO] django.server: "GET /static/vendor/fontawesome-free/css/all.min.css HTTP/1.1" 200 103010
2026-03-11 12:56:20,027 [INFO] django.server: "GET /static/vendor/adminlte/css/adminlte.min.css HTTP/1.1" 200 298755
2026-03-11 12:56:20,029 [INFO] django.server: "GET /static/jazzmin/css/main.css HTTP/1.1" 200 14372
2026-03-11 12:56:20,031 [INFO] django.server: "GET /static/vendor/adminlte/img/AdminLTELogo.png HTTP/1.1" 200 2637
2026-03-11 12:56:20,034 [INFO] django.server: "GET /static/vendor/bootstrap/js/bootstrap.bundle.min.js HTTP/1.1" 200 80721
2026-03-11 12:56:20,036 [INFO] django.server: "GET /static/vendor/adminlte/js/adminlte.min.js HTTP/1.1" 200 18270
2026-03-11 12:56:20,037 [INFO] django.server: "GET /static/admin/js/vendor/jquery/jquery.js HTTP/1.1" 200 285314
2026-03-11 12:56:20,038 [INFO] django.server: "GET /static/jazzmin/js/main.js HTTP/1.1" 200 4542
2026-03-11 12:56:20,812 [INFO] django.server: "GET /static/vendor/adminlte/css/adminlte.min.css.map HTTP/1.1" 200 763885
2026-03-11 12:56:20,815 [INFO] django.server: "GET /static/vendor/fontawesome-free/webfonts/fa-regular-400.woff2 HTTP/1.1" 200 25392
2026-03-11 12:56:20,815 [INFO] django.server: "GET /static/vendor/fontawesome-free/webfonts/fa-solid-900.woff2 HTTP/1.1" 200 156400
2026-03-11 12:56:21,763 [INFO] django.server: "GET /static/vendor/adminlte/js/adminlte.min.js.map HTTP/1.1" 200 19962
2026-03-11 12:56:21,763 [WARNING] django.server: "GET /static/vendor/bootstrap/js/bootstrap.bundle.min.js.map HTTP/1.1" 404 1955
2026-03-11 12:56:34,673 [WARNING] jazzmin.utils: Could not reverse url from superman
2026-03-11 12:56:34,674 [WARNING] jazzmin.utils: Could not reverse url from superman
2026-03-11 12:56:34,681 [INFO] django.server: "GET /admin/auth/group/ HTTP/1.1" 200 16446
2026-03-11 12:56:34,716 [WARNING] django.request: Not Found: /.well-known/appspecific/com.chrome.devtools.json
2026-03-11 12:56:34,717 [INFO] django.server: "GET /static/vendor/fontawesome-free/css/all.min.css HTTP/1.1" 304 0
2026-03-11 12:56:34,717 [WARNING] django.server: "GET /.well-known/appspecific/com.chrome.devtools.json HTTP/1.1" 404 13603
2026-03-11 12:56:34,721 [INFO] django.server: "GET /static/vendor/adminlte/css/adminlte.min.css HTTP/1.1" 304 0
2026-03-11 12:56:34,722 [INFO] django.server: "GET /static/jazzmin/css/main.css HTTP/1.1" 304 0
2026-03-11 12:56:34,723 [INFO] django.server: "GET /static/vendor/select2/css/select2.min.css HTTP/1.1" 200 16264
2026-03-11 12:56:34,725 [INFO] django.server: "GET /static/admin/js/jquery.init.js HTTP/1.1" 200 347
2026-03-11 12:56:34,726 [INFO] django.server: "GET /static/admin/js/core.js HTTP/1.1" 200 6208
2026-03-11 12:56:34,726 [INFO] django.server: "GET /static/admin/js/admin/RelatedObjectLookups.js HTTP/1.1" 200 9777
2026-03-11 12:56:34,728 [INFO] django.server: "GET /admin/jsi18n/ HTTP/1.1" 200 3342
2026-03-11 12:56:34,735 [INFO] django.server: "GET /static/admin/js/prepopulate.js HTTP/1.1" 200 1531
2026-03-11 12:56:34,735 [INFO] django.server: "GET /static/admin/js/urlify.js HTTP/1.1" 200 7887
2026-03-11 12:56:34,735 [INFO] django.server: "GET /static/admin/js/actions.js HTTP/1.1" 200 8076
2026-03-11 12:56:34,738 [INFO] django.server: "GET /static/vendor/adminlte/img/AdminLTELogo.png HTTP/1.1" 304 0
2026-03-11 12:56:34,738 [INFO] django.server: "GET /static/vendor/bootstrap/js/bootstrap.bundle.min.js HTTP/1.1" 304 0
2026-03-11 12:56:34,740 [INFO] django.server: "GET /static/admin/js/vendor/xregexp/xregexp.js HTTP/1.1" 200 325171
2026-03-11 12:56:34,758 [INFO] django.server: "GET /static/vendor/adminlte/css/adminlte.min.css.map HTTP/1.1" 304 0
2026-03-11 12:56:34,758 [INFO] django.server: "GET /static/vendor/adminlte/js/adminlte.min.js HTTP/1.1" 304 0
2026-03-11 12:56:34,773 [INFO] django.server: "GET /static/jazzmin/js/main.js HTTP/1.1" 304 0
2026-03-11 12:56:34,773 [INFO] django.server: "GET /static/jazzmin/js/change_list.js HTTP/1.1" 200 2205
2026-03-11 12:56:34,774 [INFO] django.server: "GET /static/vendor/select2/js/select2.min.js HTTP/1.1" 200 73170
2026-03-11 12:56:34,802 [WARNING] django.server: "GET /static/vendor/bootstrap/js/bootstrap.bundle.min.js.map HTTP/1.1" 404 1955
2026-03-11 12:56:34,850 [INFO] django.server: "GET /static/vendor/adminlte/js/adminlte.min.js.map HTTP/1.1" 304 0
2026-03-11 12:56:35,495 [WARNING] jazzmin.utils: Could not reverse url from superman
2026-03-11 12:56:35,497 [WARNING] jazzmin.utils: Could not reverse url from superman
2026-03-11 12:56:35,503 [INFO] django.server: "GET /admin/ HTTP/1.1" 200 32703
2026-03-11 12:56:35,538 [WARNING] django.request: Not Found: /.well-known/appspecific/com.chrome.devtools.json
2026-03-11 12:56:35,539 [WARNING] django.server: "GET /.well-known/appspecific/com.chrome.devtools.json HTTP/1.1" 404 13603
2026-03-11 12:56:35,574 [WARNING] django.server: "GET /static/vendor/bootstrap/js/bootstrap.bundle.min.js.map HTTP/1.1" 404 1955
2026-03-11 12:56:36,239 [WARNING] jazzmin.utils: Could not reverse url from superman
2026-03-11 12:56:36,240 [WARNING] jazzmin.utils: Could not reverse url from superman
2026-03-11 12:56:36,250 [INFO] django.server: "GET /admin/document/documentgenerator/ HTTP/1.1" 200 18630
2026-03-11 12:56:36,282 [WARNING] django.request: Not Found: /.well-known/appspecific/com.chrome.devtools.json
2026-03-11 12:56:36,284 [WARNING] django.server: "GET /.well-known/appspecific/com.chrome.devtools.json HTTP/1.1" 404 13603
2026-03-11 12:56:36,286 [INFO] django.server: "GET /admin/jsi18n/ HTTP/1.1" 200 3342
2026-03-11 12:56:36,344 [WARNING] django.server: "GET /static/vendor/bootstrap/js/bootstrap.bundle.min.js.map HTTP/1.1" 404 1955
2026-03-11 12:56:36,765 [WARNING] jazzmin.utils: Could not reverse url from superman
2026-03-11 12:56:36,766 [WARNING] jazzmin.utils: Could not reverse url from superman
2026-03-11 12:56:36,769 [INFO] django.server: "GET /admin/document/documentpermission/ HTTP/1.1" 200 16160
2026-03-11 12:56:36,806 [WARNING] django.request: Not Found: /.well-known/appspecific/com.chrome.devtools.json
2026-03-11 12:56:36,807 [WARNING] django.server: "GET /.well-known/appspecific/com.chrome.devtools.json HTTP/1.1" 404 13603
2026-03-11 12:56:36,810 [INFO] django.server: "GET /admin/jsi18n/ HTTP/1.1" 200 3342
2026-03-11 12:56:36,848 [WARNING] django.server: "GET /static/vendor/bootstrap/js/bootstrap.bundle.min.js.map HTTP/1.1" 404 1955
2026-03-11 12:56:37,231 [WARNING] jazzmin.utils: Could not reverse url from superman
2026-03-11 12:56:37,232 [WARNING] jazzmin.utils: Could not reverse url from superman
2026-03-11 12:56:37,247 [INFO] django.server: "GET /admin/document/document/ HTTP/1.1" 200 32799
2026-03-11 12:56:37,290 [WARNING] django.request: Not Found: /.well-known/appspecific/com.chrome.devtools.json
2026-03-11 12:56:37,292 [WARNING] django.server: "GET /.well-known/appspecific/com.chrome.devtools.json HTTP/1.1" 404 13603
2026-03-11 12:56:37,295 [INFO] django.server: "GET /admin/jsi18n/ HTTP/1.1" 200 3342
2026-03-11 12:56:37,334 [WARNING] django.server: "GET /static/vendor/bootstrap/js/bootstrap.bundle.min.js.map HTTP/1.1" 404 1955
2026-03-11 12:56:37,688 [WARNING] jazzmin.utils: Could not reverse url from superman
2026-03-11 12:56:37,689 [WARNING] jazzmin.utils: Could not reverse url from superman
2026-03-11 12:56:37,707 [INFO] django.server: "GET /admin/document/synonym/ HTTP/1.1" 200 44367
2026-03-11 12:56:37,738 [WARNING] django.request: Not Found: /.well-known/appspecific/com.chrome.devtools.json
2026-03-11 12:56:37,739 [WARNING] django.server: "GET /.well-known/appspecific/com.chrome.devtools.json HTTP/1.1" 404 13603
2026-03-11 12:56:37,743 [INFO] django.server: "GET /admin/jsi18n/ HTTP/1.1" 200 3342
2026-03-11 12:56:37,791 [WARNING] django.server: "GET /static/vendor/bootstrap/js/bootstrap.bundle.min.js.map HTTP/1.1" 404 1955
2026-03-11 12:56:38,337 [WARNING] jazzmin.utils: Could not reverse url from superman
2026-03-11 12:56:38,338 [WARNING] jazzmin.utils: Could not reverse url from superman
2026-03-11 12:56:38,342 [INFO] django.server: "GET /admin/django_celery_beat/clockedschedule/ HTTP/1.1" 200 16127
2026-03-11 12:56:38,377 [WARNING] django.request: Not Found: /.well-known/appspecific/com.chrome.devtools.json
2026-03-11 12:56:38,377 [WARNING] django.server: "GET /.well-known/appspecific/com.chrome.devtools.json HTTP/1.1" 404 13603
2026-03-11 12:56:38,381 [INFO] django.server: "GET /admin/jsi18n/ HTTP/1.1" 200 3342
2026-03-11 12:56:38,427 [WARNING] django.server: "GET /static/vendor/bootstrap/js/bootstrap.bundle.min.js.map HTTP/1.1" 404 1955
2026-03-11 12:56:40,166 [WARNING] jazzmin.utils: Could not reverse url from superman
2026-03-11 12:56:40,167 [WARNING] jazzmin.utils: Could not reverse url from superman
2026-03-11 12:56:40,170 [INFO] django.server: "GET /admin/django_celery_beat/crontabschedule/ HTTP/1.1" 200 16130
2026-03-11 12:56:40,207 [WARNING] django.request: Not Found: /.well-known/appspecific/com.chrome.devtools.json
2026-03-11 12:56:40,207 [WARNING] django.server: "GET /.well-known/appspecific/com.chrome.devtools.json HTTP/1.1" 404 13603
2026-03-11 12:56:40,209 [INFO] django.server: "GET /static/vendor/fontawesome-free/css/all.min.css HTTP/1.1" 304 0
2026-03-11 12:56:40,212 [INFO] django.server: "GET /static/vendor/adminlte/css/adminlte.min.css HTTP/1.1" 304 0
2026-03-11 12:56:40,214 [INFO] django.server: "GET /static/jazzmin/css/main.css HTTP/1.1" 304 0
2026-03-11 12:56:40,215 [INFO] django.server: "GET /static/vendor/select2/css/select2.min.css HTTP/1.1" 304 0
2026-03-11 12:56:40,220 [INFO] django.server: "GET /admin/jsi18n/ HTTP/1.1" 200 3342
2026-03-11 12:56:40,221 [INFO] django.server: "GET /static/vendor/adminlte/img/AdminLTELogo.png HTTP/1.1" 304 0
2026-03-11 12:56:40,222 [INFO] django.server: "GET /static/vendor/bootstrap/js/bootstrap.bundle.min.js HTTP/1.1" 304 0
2026-03-11 12:56:40,228 [INFO] django.server: "GET /static/vendor/adminlte/js/adminlte.min.js HTTP/1.1" 304 0
2026-03-11 12:56:40,230 [INFO] django.server: "GET /static/jazzmin/js/main.js HTTP/1.1" 304 0
2026-03-11 12:56:40,235 [INFO] django.server: "GET /static/vendor/select2/js/select2.min.js HTTP/1.1" 304 0
2026-03-11 12:56:40,236 [INFO] django.server: "GET /static/jazzmin/js/change_list.js HTTP/1.1" 304 0
2026-03-11 12:56:40,241 [WARNING] django.server: "GET /static/vendor/bootstrap/js/bootstrap.bundle.min.js.map HTTP/1.1" 404 1955
2026-03-11 12:56:40,457 [INFO] django.server: "GET /static/vendor/adminlte/css/adminlte.min.css.map HTTP/1.1" 304 0
2026-03-11 12:56:40,458 [INFO] django.server: "GET /static/vendor/adminlte/js/adminlte.min.js.map HTTP/1.1" 304 0
2026-03-11 12:56:40,793 [WARNING] jazzmin.utils: Could not reverse url from superman
2026-03-11 12:56:40,794 [WARNING] jazzmin.utils: Could not reverse url from superman
2026-03-11 12:56:40,798 [INFO] django.server: "GET /admin/django_celery_beat/intervalschedule/ HTTP/1.1" 200 16137
2026-03-11 12:56:40,835 [WARNING] django.request: Not Found: /.well-known/appspecific/com.chrome.devtools.json
2026-03-11 12:56:40,836 [WARNING] django.server: "GET /.well-known/appspecific/com.chrome.devtools.json HTTP/1.1" 404 13603
2026-03-11 12:56:40,839 [INFO] django.server: "GET /admin/jsi18n/ HTTP/1.1" 200 3342
2026-03-11 12:56:40,883 [WARNING] django.server: "GET /static/vendor/bootstrap/js/bootstrap.bundle.min.js.map HTTP/1.1" 404 1955
2026-03-11 12:56:41,420 [WARNING] jazzmin.utils: Could not reverse url from superman
2026-03-11 12:56:41,421 [WARNING] jazzmin.utils: Could not reverse url from superman
2026-03-11 12:56:41,424 [INFO] django.server: "GET /admin/django_celery_beat/crontabschedule/ HTTP/1.1" 200 16130
2026-03-11 12:56:41,460 [WARNING] django.request: Not Found: /.well-known/appspecific/com.chrome.devtools.json
2026-03-11 12:56:41,462 [WARNING] django.server: "GET /.well-known/appspecific/com.chrome.devtools.json HTTP/1.1" 404 13603
2026-03-11 12:56:41,465 [INFO] django.server: "GET /admin/jsi18n/ HTTP/1.1" 200 3342
2026-03-11 12:56:41,511 [WARNING] django.server: "GET /static/vendor/bootstrap/js/bootstrap.bundle.min.js.map HTTP/1.1" 404 1955
2026-03-11 12:56:41,950 [WARNING] jazzmin.utils: Could not reverse url from superman
2026-03-11 12:56:41,951 [WARNING] jazzmin.utils: Could not reverse url from superman
2026-03-11 12:56:41,953 [INFO] django.server: "GET /admin/django_celery_beat/clockedschedule/ HTTP/1.1" 200 16127
2026-03-11 12:56:41,988 [WARNING] django.request: Not Found: /.well-known/appspecific/com.chrome.devtools.json
2026-03-11 12:56:41,988 [WARNING] django.server: "GET /.well-known/appspecific/com.chrome.devtools.json HTTP/1.1" 404 13603
2026-03-11 12:56:41,993 [INFO] django.server: "GET /admin/jsi18n/ HTTP/1.1" 200 3342
2026-03-11 12:56:42,042 [WARNING] django.server: "GET /static/vendor/bootstrap/js/bootstrap.bundle.min.js.map HTTP/1.1" 404 1955
2026-03-11 12:56:42,376 [WARNING] jazzmin.utils: Could not reverse url from superman
2026-03-11 12:56:42,377 [WARNING] jazzmin.utils: Could not reverse url from superman
2026-03-11 12:56:42,385 [INFO] django.server: "GET /admin/django_celery_beat/periodictask/ HTTP/1.1" 200 20839
2026-03-11 12:56:42,423 [WARNING] django.request: Not Found: /.well-known/appspecific/com.chrome.devtools.json
2026-03-11 12:56:42,425 [WARNING] django.server: "GET /.well-known/appspecific/com.chrome.devtools.json HTTP/1.1" 404 13603
2026-03-11 12:56:42,427 [INFO] django.server: "GET /admin/jsi18n/ HTTP/1.1" 200 3342
2026-03-11 12:56:42,478 [WARNING] django.server: "GET /static/vendor/bootstrap/js/bootstrap.bundle.min.js.map HTTP/1.1" 404 1955
2026-03-11 12:56:43,037 [WARNING] jazzmin.utils: Could not reverse url from superman
2026-03-11 12:56:43,038 [WARNING] jazzmin.utils: Could not reverse url from superman
2026-03-11 12:56:43,041 [INFO] django.server: "GET /admin/django_celery_beat/solarschedule/ HTTP/1.1" 200 16146
2026-03-11 12:56:43,082 [WARNING] django.request: Not Found: /.well-known/appspecific/com.chrome.devtools.json
2026-03-11 12:56:43,084 [WARNING] django.server: "GET /.well-known/appspecific/com.chrome.devtools.json HTTP/1.1" 404 13603
2026-03-11 12:56:43,087 [INFO] django.server: "GET /admin/jsi18n/ HTTP/1.1" 200 3342
2026-03-11 12:56:43,134 [WARNING] django.server: "GET /static/vendor/bootstrap/js/bootstrap.bundle.min.js.map HTTP/1.1" 404 1955
2026-03-11 12:56:43,710 [WARNING] jazzmin.utils: Could not reverse url from superman
2026-03-11 12:56:43,711 [WARNING] jazzmin.utils: Could not reverse url from superman
2026-03-11 12:56:43,714 [INFO] django.server: "GET /admin/django_celery_beat/intervalschedule/ HTTP/1.1" 200 16137
2026-03-11 12:56:43,752 [WARNING] django.request: Not Found: /.well-known/appspecific/com.chrome.devtools.json
2026-03-11 12:56:43,753 [WARNING] django.server: "GET /.well-known/appspecific/com.chrome.devtools.json HTTP/1.1" 404 13603
2026-03-11 12:56:43,758 [INFO] django.server: "GET /admin/jsi18n/ HTTP/1.1" 200 3342
2026-03-11 12:56:43,805 [WARNING] django.server: "GET /static/vendor/bootstrap/js/bootstrap.bundle.min.js.map HTTP/1.1" 404 1955
2026-03-11 12:56:44,400 [WARNING] jazzmin.utils: Could not reverse url from superman
2026-03-11 12:56:44,400 [WARNING] jazzmin.utils: Could not reverse url from superman
2026-03-11 12:56:44,406 [INFO] django.server: "GET /admin/django_celery_beat/periodictask/ HTTP/1.1" 200 20839
2026-03-11 12:56:44,450 [WARNING] django.request: Not Found: /.well-known/appspecific/com.chrome.devtools.json
2026-03-11 12:56:44,450 [WARNING] django.server: "GET /.well-known/appspecific/com.chrome.devtools.json HTTP/1.1" 404 13603
2026-03-11 12:56:44,455 [INFO] django.server: "GET /admin/jsi18n/ HTTP/1.1" 200 3342
2026-03-11 12:56:44,504 [WARNING] django.server: "GET /static/vendor/bootstrap/js/bootstrap.bundle.min.js.map HTTP/1.1" 404 1955
2026-03-11 12:56:48,348 [WARNING] jazzmin.utils: Could not reverse url from superman
2026-03-11 12:56:48,349 [WARNING] jazzmin.utils: Could not reverse url from superman
2026-03-11 12:56:48,355 [INFO] django.server: "GET /admin/ HTTP/1.1" 200 32703
2026-03-11 12:56:48,400 [WARNING] django.request: Not Found: /.well-known/appspecific/com.chrome.devtools.json
2026-03-11 12:56:48,401 [WARNING] django.server: "GET /.well-known/appspecific/com.chrome.devtools.json HTTP/1.1" 404 13603
2026-03-11 12:56:48,402 [INFO] django.server: "GET /static/vendor/fontawesome-free/css/all.min.css HTTP/1.1" 304 0
2026-03-11 12:56:48,403 [INFO] django.server: "GET /static/vendor/adminlte/css/adminlte.min.css HTTP/1.1" 304 0
2026-03-11 12:56:48,406 [INFO] django.server: "GET /static/jazzmin/css/main.css HTTP/1.1" 304 0
2026-03-11 12:56:48,406 [INFO] django.server: "GET /static/vendor/adminlte/img/AdminLTELogo.png HTTP/1.1" 304 0
2026-03-11 12:56:48,408 [INFO] django.server: "GET /static/vendor/bootstrap/js/bootstrap.bundle.min.js HTTP/1.1" 304 0
2026-03-11 12:56:48,426 [INFO] django.server: "GET /static/vendor/adminlte/js/adminlte.min.js HTTP/1.1" 304 0
2026-03-11 12:56:48,427 [INFO] django.server: "GET /static/jazzmin/js/main.js HTTP/1.1" 304 0
2026-03-11 12:56:48,437 [WARNING] django.server: "GET /static/vendor/bootstrap/js/bootstrap.bundle.min.js.map HTTP/1.1" 404 1955
2026-03-11 12:56:48,641 [INFO] django.server: "GET /static/vendor/adminlte/js/adminlte.min.js.map HTTP/1.1" 304 0
2026-03-11 12:56:48,642 [INFO] django.server: "GET /static/vendor/adminlte/css/adminlte.min.css.map HTTP/1.1" 304 0
2026-03-11 12:56:52,947 [WARNING] jazzmin.utils: Could not reverse url from superman
2026-03-11 12:56:52,948 [WARNING] jazzmin.utils: Could not reverse url from superman
2026-03-11 12:56:52,954 [INFO] django.server: "GET /admin/ HTTP/1.1" 200 32703
2026-03-11 12:56:52,988 [WARNING] django.request: Not Found: /.well-known/appspecific/com.chrome.devtools.json
2026-03-11 12:56:52,989 [WARNING] django.server: "GET /.well-known/appspecific/com.chrome.devtools.json HTTP/1.1" 404 13603
2026-03-11 12:56:53,030 [WARNING] django.server: "GET /static/vendor/bootstrap/js/bootstrap.bundle.min.js.map HTTP/1.1" 404 1955
2026-03-11 12:56:53,332 [WARNING] jazzmin.utils: Could not reverse url from superman
2026-03-11 12:56:53,333 [WARNING] jazzmin.utils: Could not reverse url from superman
2026-03-11 12:56:53,338 [INFO] django.server: "GET /admin/ HTTP/1.1" 200 32703
2026-03-11 12:56:53,369 [WARNING] django.request: Not Found: /.well-known/appspecific/com.chrome.devtools.json
2026-03-11 12:56:53,369 [WARNING] django.server: "GET /.well-known/appspecific/com.chrome.devtools.json HTTP/1.1" 404 13603
2026-03-11 12:56:53,412 [WARNING] django.server: "GET /static/vendor/bootstrap/js/bootstrap.bundle.min.js.map HTTP/1.1" 404 1955
2026-03-11 12:56:58,404 [WARNING] jazzmin.utils: Could not reverse url from superman
2026-03-11 12:56:58,405 [WARNING] jazzmin.utils: Could not reverse url from superman
2026-03-11 12:56:58,411 [INFO] django.server: "GET /admin/django_celery_beat/periodictask/ HTTP/1.1" 200 20839
2026-03-11 12:56:58,446 [WARNING] django.request: Not Found: /.well-known/appspecific/com.chrome.devtools.json
2026-03-11 12:56:58,446 [WARNING] django.server: "GET /.well-known/appspecific/com.chrome.devtools.json HTTP/1.1" 404 13603
2026-03-11 12:56:58,491 [INFO] django.server: "GET /static/vendor/adminlte/js/adminlte.min.js.map HTTP/1.1" 304 0
2026-03-11 12:56:58,495 [WARNING] django.server: "GET /static/vendor/bootstrap/js/bootstrap.bundle.min.js.map HTTP/1.1" 404 1955
2026-03-11 12:56:58,495 [INFO] django.server: "GET /static/vendor/adminlte/css/adminlte.min.css.map HTTP/1.1" 304 0
2026-03-11 12:56:59,258 [WARNING] jazzmin.utils: Could not reverse url from superman
2026-03-11 12:56:59,258 [WARNING] jazzmin.utils: Could not reverse url from superman
2026-03-11 12:56:59,261 [INFO] django.server: "GET /admin/django_celery_beat/intervalschedule/ HTTP/1.1" 200 16137
2026-03-11 12:56:59,295 [WARNING] django.request: Not Found: /.well-known/appspecific/com.chrome.devtools.json
2026-03-11 12:56:59,297 [WARNING] django.server: "GET /.well-known/appspecific/com.chrome.devtools.json HTTP/1.1" 404 13603
2026-03-11 12:56:59,342 [WARNING] django.server: "GET /static/vendor/bootstrap/js/bootstrap.bundle.min.js.map HTTP/1.1" 404 1955
2026-03-11 12:56:59,570 [WARNING] jazzmin.utils: Could not reverse url from superman
2026-03-11 12:56:59,571 [WARNING] jazzmin.utils: Could not reverse url from superman
2026-03-11 12:56:59,574 [INFO] django.server: "GET /admin/django_celery_beat/solarschedule/ HTTP/1.1" 200 16146
2026-03-11 12:56:59,610 [WARNING] django.request: Not Found: /.well-known/appspecific/com.chrome.devtools.json
2026-03-11 12:56:59,611 [WARNING] django.server: "GET /.well-known/appspecific/com.chrome.devtools.json HTTP/1.1" 404 13603
2026-03-11 12:56:59,660 [WARNING] django.server: "GET /static/vendor/bootstrap/js/bootstrap.bundle.min.js.map HTTP/1.1" 404 1955
2026-03-11 12:57:00,034 [WARNING] jazzmin.utils: Could not reverse url from superman
2026-03-11 12:57:00,035 [WARNING] jazzmin.utils: Could not reverse url from superman
2026-03-11 12:57:00,043 [INFO] django.server: "GET /admin/django_celery_beat/periodictask/ HTTP/1.1" 200 20839
2026-03-11 12:57:00,082 [WARNING] django.request: Not Found: /.well-known/appspecific/com.chrome.devtools.json
2026-03-11 12:57:00,082 [WARNING] django.server: "GET /.well-known/appspecific/com.chrome.devtools.json HTTP/1.1" 404 13603
2026-03-11 12:57:00,131 [WARNING] django.server: "GET /static/vendor/bootstrap/js/bootstrap.bundle.min.js.map HTTP/1.1" 404 1955
2026-03-11 12:57:00,441 [WARNING] jazzmin.utils: Could not reverse url from superman
2026-03-11 12:57:00,442 [WARNING] jazzmin.utils: Could not reverse url from superman
2026-03-11 12:57:00,444 [INFO] django.server: "GET /admin/django_celery_beat/clockedschedule/ HTTP/1.1" 200 16127
2026-03-11 12:57:00,481 [WARNING] django.request: Not Found: /.well-known/appspecific/com.chrome.devtools.json
2026-03-11 12:57:00,481 [WARNING] django.server: "GET /.well-known/appspecific/com.chrome.devtools.json HTTP/1.1" 404 13603
2026-03-11 12:57:00,534 [WARNING] django.server: "GET /static/vendor/bootstrap/js/bootstrap.bundle.min.js.map HTTP/1.1" 404 1955
2026-03-11 12:57:00,817 [WARNING] jazzmin.utils: Could not reverse url from superman
2026-03-11 12:57:00,818 [WARNING] jazzmin.utils: Could not reverse url from superman
2026-03-11 12:57:00,821 [INFO] django.server: "GET /admin/django_celery_beat/crontabschedule/ HTTP/1.1" 200 16130
2026-03-11 12:57:00,857 [WARNING] django.request: Not Found: /.well-known/appspecific/com.chrome.devtools.json
2026-03-11 12:57:00,858 [WARNING] django.server: "GET /.well-known/appspecific/com.chrome.devtools.json HTTP/1.1" 404 13603
2026-03-11 12:57:00,912 [WARNING] django.server: "GET /static/vendor/bootstrap/js/bootstrap.bundle.min.js.map HTTP/1.1" 404 1955
2026-03-11 12:57:01,245 [WARNING] jazzmin.utils: Could not reverse url from superman
2026-03-11 12:57:01,246 [WARNING] jazzmin.utils: Could not reverse url from superman
2026-03-11 12:57:01,249 [INFO] django.server: "GET /admin/django_celery_beat/intervalschedule/ HTTP/1.1" 200 16137
2026-03-11 12:57:01,287 [WARNING] django.request: Not Found: /.well-known/appspecific/com.chrome.devtools.json
2026-03-11 12:57:01,288 [WARNING] django.server: "GET /.well-known/appspecific/com.chrome.devtools.json HTTP/1.1" 404 13603
2026-03-11 12:57:01,345 [WARNING] django.server: "GET /static/vendor/bootstrap/js/bootstrap.bundle.min.js.map HTTP/1.1" 404 1955
2026-03-11 12:57:01,645 [WARNING] jazzmin.utils: Could not reverse url from superman
2026-03-11 12:57:01,646 [WARNING] jazzmin.utils: Could not reverse url from superman
2026-03-11 12:57:01,649 [INFO] django.server: "GET /admin/django_celery_beat/crontabschedule/ HTTP/1.1" 200 16130
2026-03-11 12:57:01,690 [WARNING] django.request: Not Found: /.well-known/appspecific/com.chrome.devtools.json
2026-03-11 12:57:01,690 [WARNING] django.server: "GET /.well-known/appspecific/com.chrome.devtools.json HTTP/1.1" 404 13603
2026-03-11 12:57:01,743 [WARNING] django.server: "GET /static/vendor/bootstrap/js/bootstrap.bundle.min.js.map HTTP/1.1" 404 1955
2026-03-11 12:57:02,358 [WARNING] jazzmin.utils: Could not reverse url from superman
2026-03-11 12:57:02,359 [WARNING] jazzmin.utils: Could not reverse url from superman
2026-03-11 12:57:02,362 [INFO] django.server: "GET /admin/django_celery_beat/clockedschedule/ HTTP/1.1" 200 16127
2026-03-11 12:57:02,401 [WARNING] django.request: Not Found: /.well-known/appspecific/com.chrome.devtools.json
2026-03-11 12:57:02,402 [WARNING] django.server: "GET /.well-known/appspecific/com.chrome.devtools.json HTTP/1.1" 404 13603
2026-03-11 12:57:02,458 [WARNING] django.server: "GET /static/vendor/bootstrap/js/bootstrap.bundle.min.js.map HTTP/1.1" 404 1955
2026-03-11 12:57:02,717 [WARNING] jazzmin.utils: Could not reverse url from superman
2026-03-11 12:57:02,718 [WARNING] jazzmin.utils: Could not reverse url from superman
2026-03-11 12:57:02,735 [INFO] django.server: "GET /admin/document/synonym/ HTTP/1.1" 200 44367
2026-03-11 12:57:02,777 [WARNING] django.request: Not Found: /.well-known/appspecific/com.chrome.devtools.json
2026-03-11 12:57:02,777 [WARNING] django.server: "GET /.well-known/appspecific/com.chrome.devtools.json HTTP/1.1" 404 13603
2026-03-11 12:57:02,837 [WARNING] django.server: "GET /static/vendor/bootstrap/js/bootstrap.bundle.min.js.map HTTP/1.1" 404 1955
2026-03-11 12:57:03,017 [WARNING] jazzmin.utils: Could not reverse url from superman
2026-03-11 12:57:03,018 [WARNING] jazzmin.utils: Could not reverse url from superman
2026-03-11 12:57:03,025 [INFO] django.server: "GET /admin/document/document/ HTTP/1.1" 200 32799
2026-03-11 12:57:03,071 [WARNING] django.request: Not Found: /.well-known/appspecific/com.chrome.devtools.json
2026-03-11 12:57:03,071 [WARNING] django.server: "GET /.well-known/appspecific/com.chrome.devtools.json HTTP/1.1" 404 13603
2026-03-11 12:57:03,130 [WARNING] django.server: "GET /static/vendor/bootstrap/js/bootstrap.bundle.min.js.map HTTP/1.1" 404 1955
2026-03-11 12:57:03,371 [WARNING] jazzmin.utils: Could not reverse url from superman
2026-03-11 12:57:03,371 [WARNING] jazzmin.utils: Could not reverse url from superman
2026-03-11 12:57:03,374 [INFO] django.server: "GET /admin/document/documentpermission/ HTTP/1.1" 200 16160
2026-03-11 12:57:03,451 [WARNING] django.request: Not Found: /.well-known/appspecific/com.chrome.devtools.json
2026-03-11 12:57:03,452 [WARNING] django.server: "GET /.well-known/appspecific/com.chrome.devtools.json HTTP/1.1" 404 13603
2026-03-11 12:57:03,481 [WARNING] django.server: "GET /static/vendor/bootstrap/js/bootstrap.bundle.min.js.map HTTP/1.1" 404 1955
2026-03-11 12:57:03,673 [WARNING] jazzmin.utils: Could not reverse url from superman
2026-03-11 12:57:03,674 [WARNING] jazzmin.utils: Could not reverse url from superman
2026-03-11 12:57:03,676 [INFO] django.server: "GET /admin/document/documentgenerator/ HTTP/1.1" 200 18630
2026-03-11 12:57:03,727 [WARNING] django.request: Not Found: /.well-known/appspecific/com.chrome.devtools.json
2026-03-11 12:57:03,728 [WARNING] django.server: "GET /.well-known/appspecific/com.chrome.devtools.json HTTP/1.1" 404 13603
2026-03-11 12:57:03,737 [WARNING] jazzmin.utils: Could not reverse url from superman
2026-03-11 12:57:03,738 [WARNING] jazzmin.utils: Could not reverse url from superman
2026-03-11 12:57:03,744 [INFO] django.server: "GET /admin/ HTTP/1.1" 200 32703
2026-03-11 12:57:03,814 [WARNING] django.request: Not Found: /.well-known/appspecific/com.chrome.devtools.json
2026-03-11 12:57:03,815 [WARNING] django.server: "GET /.well-known/appspecific/com.chrome.devtools.json HTTP/1.1" 404 13603
2026-03-11 12:57:03,887 [WARNING] django.server: "GET /static/vendor/bootstrap/js/bootstrap.bundle.min.js.map HTTP/1.1" 404 1955
2026-03-11 12:57:03,968 [WARNING] jazzmin.utils: Could not reverse url from superman
2026-03-11 12:57:03,969 [WARNING] jazzmin.utils: Could not reverse url from superman
2026-03-11 12:57:03,970 [INFO] django.server: "GET /admin/auth/group/ HTTP/1.1" 200 16446
2026-03-11 12:57:04,019 [WARNING] django.request: Not Found: /.well-known/appspecific/com.chrome.devtools.json
2026-03-11 12:57:04,019 [WARNING] django.server: "GET /.well-known/appspecific/com.chrome.devtools.json HTTP/1.1" 404 13603
2026-03-11 12:57:04,071 [WARNING] django.server: "GET /static/vendor/bootstrap/js/bootstrap.bundle.min.js.map HTTP/1.1" 404 1955
2026-03-11 12:57:04,272 [WARNING] jazzmin.utils: Could not reverse url from superman
2026-03-11 12:57:04,273 [WARNING] jazzmin.utils: Could not reverse url from superman
2026-03-11 12:57:04,280 [INFO] django.server: - Broken pipe from ('127.0.0.1', 49448)
2026-03-11 12:57:04,420 [INFO] django.server: "GET /static/main/css/style.css HTTP/1.1" 304 0
2026-03-11 12:57:04,425 [WARNING] django.request: Not Found: /.well-known/appspecific/com.chrome.devtools.json
2026-03-11 12:57:04,426 [WARNING] django.server: "GET /.well-known/appspecific/com.chrome.devtools.json HTTP/1.1" 404 13603
2026-03-11 12:57:04,433 [WARNING] django.request: Not Found: /.well-known/appspecific/com.chrome.devtools.json
2026-03-11 12:57:04,434 [WARNING] django.server: "GET /.well-known/appspecific/com.chrome.devtools.json HTTP/1.1" 404 13603
2026-03-11 12:57:04,498 [WARNING] django.request: Not Found: /.well-known/appspecific/com.chrome.devtools.json
2026-03-11 12:57:04,499 [WARNING] django.server: "GET /.well-known/appspecific/com.chrome.devtools.json HTTP/1.1" 404 13603
2026-03-11 12:57:04,510 [WARNING] django.request: Not Found: /.well-known/appspecific/com.chrome.devtools.json
2026-03-11 12:57:04,510 [WARNING] django.server: "GET /.well-known/appspecific/com.chrome.devtools.json HTTP/1.1" 404 13603
2026-03-11 12:57:06,735 [INFO] django.server: "GET / HTTP/1.1" 200 15101
2026-03-11 12:57:06,805 [WARNING] django.request: Not Found: /.well-known/appspecific/com.chrome.devtools.json
2026-03-11 12:57:06,806 [WARNING] django.server: "GET /.well-known/appspecific/com.chrome.devtools.json HTTP/1.1" 404 13603
2026-03-11 12:57:07,279 [INFO] django.server: "GET /?tab=documents HTTP/1.1" 200 15101
2026-03-11 12:57:07,331 [WARNING] django.request: Not Found: /.well-known/appspecific/com.chrome.devtools.json
2026-03-11 12:57:07,332 [WARNING] django.server: "GET /.well-known/appspecific/com.chrome.devtools.json HTTP/1.1" 404 13603
2026-03-11 12:57:48,277 [INFO] django.server: "GET /?tab=documents HTTP/1.1" 200 15101
2026-03-11 12:57:48,310 [WARNING] django.request: Not Found: /.well-known/appspecific/com.chrome.devtools.json
2026-03-11 12:57:48,310 [WARNING] django.server: "GET /.well-known/appspecific/com.chrome.devtools.json HTTP/1.1" 404 13603
2026-03-11 12:57:48,327 [INFO] django.server: "GET /static/main/css/style.css HTTP/1.1" 200 20689
2026-03-11 12:57:48,327 [INFO] django.server: "GET /static/main/images/icon.png HTTP/1.1" 200 49378
2026-03-11 12:57:48,332 [INFO] django.server: "GET /static/main/scripts/app_feedback.js HTTP/1.1" 200 1259
2026-03-11 12:57:48,334 [INFO] django.server: "GET /static/main/scripts/result_view_toggle.js HTTP/1.1" 200 1763
2026-03-11 12:57:51,647 [INFO] django.server: "GET /static/main/images/favicon.ico HTTP/1.1" 200 15406
2026-03-11 12:57:55,080 [INFO] django.server: "GET /?tab=researchers HTTP/1.1" 200 9009
2026-03-11 12:57:55,111 [WARNING] django.request: Not Found: /.well-known/appspecific/com.chrome.devtools.json
2026-03-11 12:57:55,112 [WARNING] django.server: "GET /.well-known/appspecific/com.chrome.devtools.json HTTP/1.1" 404 13603
2026-03-11 12:57:55,552 [INFO] django.server: "GET /?tab=documents HTTP/1.1" 200 15101
2026-03-11 12:57:55,586 [WARNING] django.request: Not Found: /.well-known/appspecific/com.chrome.devtools.json
2026-03-11 12:57:55,587 [WARNING] django.server: "GET /.well-known/appspecific/com.chrome.devtools.json HTTP/1.1" 404 13603
2026-03-11 12:57:57,003 [INFO] django.server: "GET /documents HTTP/1.1" 200 31573
2026-03-11 12:57:57,041 [WARNING] django.request: Not Found: /.well-known/appspecific/com.chrome.devtools.json
2026-03-11 12:57:57,042 [WARNING] django.server: "GET /.well-known/appspecific/com.chrome.devtools.json HTTP/1.1" 404 13603
2026-03-11 12:58:00,047 [INFO] django.server: "GET / HTTP/1.1" 200 15101
2026-03-11 12:58:00,082 [WARNING] django.request: Not Found: /.well-known/appspecific/com.chrome.devtools.json
2026-03-11 12:58:00,083 [WARNING] django.server: "GET /.well-known/appspecific/com.chrome.devtools.json HTTP/1.1" 404 13603
2026-03-11 12:58:01,377 [INFO] django.server: "GET /?tab=documents&search=&status=&type=&y_min=1995&y_max=2026&lang=&oa=&db=&quartile=&area=&venue= HTTP/1.1" 200 73986
2026-03-11 12:58:01,416 [WARNING] django.request: Not Found: /.well-known/appspecific/com.chrome.devtools.json
2026-03-11 12:58:01,417 [WARNING] django.server: "GET /.well-known/appspecific/com.chrome.devtools.json HTTP/1.1" 404 13603
2026-03-11 12:58:01,737 [INFO] django.server: "GET /?tab=documents&search=&status=&type=&y_min=1995&y_max=2026&lang=&oa=&db=&quartile=&area=&venue= HTTP/1.1" 200 73986
2026-03-11 12:58:01,774 [WARNING] django.request: Not Found: /.well-known/appspecific/com.chrome.devtools.json
2026-03-11 12:58:01,775 [WARNING] django.server: "GET /.well-known/appspecific/com.chrome.devtools.json HTTP/1.1" 404 13603
2026-03-11 12:58:13,144 [INFO] django.server: "GET /?tab=documents&search=&status=&type=&y_min=1995&y_max=2026&lang=&oa=&db=&quartile=&area=&venue=&page=2 HTTP/1.1" 200 75794
2026-03-11 12:58:13,181 [WARNING] django.request: Not Found: /.well-known/appspecific/com.chrome.devtools.json
2026-03-11 12:58:13,182 [WARNING] django.server: "GET /.well-known/appspecific/com.chrome.devtools.json HTTP/1.1" 404 13603
2026-03-11 12:58:49,728 [INFO] django.server: "GET /?tab=documents&search=&status=&type=&y_min=1995&y_max=2026&lang=&oa=&db=&quartile=&area=&venue=&page=3 HTTP/1.1" 200 74560
2026-03-11 12:58:49,760 [WARNING] django.request: Not Found: /.well-known/appspecific/com.chrome.devtools.json
2026-03-11 12:58:49,761 [WARNING] django.server: "GET /.well-known/appspecific/com.chrome.devtools.json HTTP/1.1" 404 13603
2026-03-11 13:02:19,795 [INFO] main.utils: Generation request accepted user=74 template_id=13 filters_tags=0
2026-03-11 13:02:19,796 [INFO] main.utils: Generation start template_id=13 user=74 template_file_type=docx publications_count=388 requested_title=
2026-03-11 13:02:19,796 [INFO] utils.document_generator: Template render start template_id=13 base_len=0
2026-03-11 13:02:19,796 [INFO] utils.document_generator: Template render after synonyms template_id=13 len=0
2026-03-11 13:02:19,797 [WARNING] utils.document_generator: Template render result is empty template_id=13
2026-03-11 13:02:19,797 [INFO] main.utils: Text render result template_id=13 text_len=0 non_empty=False
2026-03-11 13:02:19,797 [INFO] main.utils: DOCX render branch template_id=13 source_file=synthetic_documents/template-from-document-5.docx
2026-03-11 13:02:19,857 [INFO] utils.document_generator: DOCX render start template_id=13 source=D:\PROJECTs\su_science\project\media\synthetic_documents\template-from-document-5.docx output=C:\Users\admin\AppData\Local\Temp\tmpzbg4j5i7.docx
2026-03-11 13:02:21,051 [INFO] utils.document_generator: DOCX render finished template_id=13 output=C:\Users\admin\AppData\Local\Temp\tmpzbg4j5i7.docx
2026-03-11 13:02:21,078 [INFO] main.utils: Generation finished document_id=50 generated_by=13 file_type=docx file_name=documents/report-20260311080221.docx
2026-03-11 13:02:21,079 [INFO] django.server: "POST /search/ HTTP/1.1" 302 0
2026-03-11 13:02:21,084 [INFO] document.views: Document file served document=50
2026-03-11 13:02:21,086 [INFO] django.server: "GET /files/50?download=1 HTTP/1.1" 200 185784
2026-03-11 13:02:21,272 [INFO] django.server: "GET /?tab=documents&search=%D0%9D%D1%83%D1%80%D1%82%D0%B0%D0%B9&status=&type=&y_min=1995&y_max=2026&lang=&oa=&db=&quartile=&area=&venue= HTTP/1.1" 200 75188
2026-03-11 13:02:21,313 [WARNING] django.request: Not Found: /.well-known/appspecific/com.chrome.devtools.json
2026-03-11 13:02:21,313 [WARNING] django.server: "GET /.well-known/appspecific/com.chrome.devtools.json HTTP/1.1" 404 13603
2026-03-11 13:02:21,320 [INFO] django.server: "GET /static/main/css/style.css HTTP/1.1" 304 0
2026-03-11 13:04:04,934 [INFO] django.server: "GET /?tab=researchers HTTP/1.1" 200 9009
2026-03-11 13:04:04,968 [WARNING] django.request: Not Found: /.well-known/appspecific/com.chrome.devtools.json
2026-03-11 13:04:04,969 [WARNING] django.server: "GET /.well-known/appspecific/com.chrome.devtools.json HTTP/1.1" 404 13603
2026-03-11 13:04:05,474 [INFO] django.server: "GET /?tab=documents HTTP/1.1" 200 15101
2026-03-11 13:04:05,507 [WARNING] django.request: Not Found: /.well-known/appspecific/com.chrome.devtools.json
2026-03-11 13:04:05,508 [WARNING] django.server: "GET /.well-known/appspecific/com.chrome.devtools.json HTTP/1.1" 404 13603
2026-03-11 13:04:32,949 [INFO] django.server: "GET /account/ HTTP/1.1" 302 0
2026-03-11 13:04:32,969 [INFO] django.server: "GET /employees/74/ HTTP/1.1" 200 19053
2026-03-11 13:04:33,014 [WARNING] django.request: Not Found: /.well-known/appspecific/com.chrome.devtools.json
2026-03-11 13:04:33,014 [WARNING] django.server: "GET /.well-known/appspecific/com.chrome.devtools.json HTTP/1.1" 404 13603
2026-03-11 13:04:34,393 [INFO] django.server: "GET /documents HTTP/1.1" 200 31573
2026-03-11 13:04:34,432 [WARNING] django.request: Not Found: /.well-known/appspecific/com.chrome.devtools.json
2026-03-11 13:04:34,432 [WARNING] django.server: "GET /.well-known/appspecific/com.chrome.devtools.json HTTP/1.1" 404 13603
2026-03-11 13:04:34,967 [INFO] django.server: "GET /account/ HTTP/1.1" 302 0
2026-03-11 13:04:34,988 [INFO] django.server: "GET /employees/74/ HTTP/1.1" 200 19053
2026-03-11 13:04:35,021 [WARNING] django.request: Not Found: /.well-known/appspecific/com.chrome.devtools.json
2026-03-11 13:04:35,021 [WARNING] django.server: "GET /.well-known/appspecific/com.chrome.devtools.json HTTP/1.1" 404 13603
2026-03-11 13:04:35,880 [INFO] django.server: "GET / HTTP/1.1" 200 15101
2026-03-11 13:04:35,917 [WARNING] django.request: Not Found: /.well-known/appspecific/com.chrome.devtools.json
2026-03-11 13:04:35,918 [WARNING] django.server: "GET /.well-known/appspecific/com.chrome.devtools.json HTTP/1.1" 404 13603
2026-03-11 13:04:42,459 [INFO] django.server: "GET /?tab=documents&search=&status=&type=3&y_min=1995&y_max=2026&lang=&oa=&db=&quartile=&area=&venue= HTTP/1.1" 200 74828
2026-03-11 13:04:42,492 [WARNING] django.request: Not Found: /.well-known/appspecific/com.chrome.devtools.json
2026-03-11 13:04:42,493 [WARNING] django.server: "GET /.well-known/appspecific/com.chrome.devtools.json HTTP/1.1" 404 13603
2026-03-11 13:04:49,176 [INFO] django.server: "GET /?tab=documents&search=&status=&type=5&y_min=1995&y_max=2026&lang=&oa=&db=&quartile=&area=&venue= HTTP/1.1" 200 35172
2026-03-11 13:04:49,206 [WARNING] django.request: Not Found: /.well-known/appspecific/com.chrome.devtools.json
2026-03-11 13:04:49,206 [WARNING] django.server: "GET /.well-known/appspecific/com.chrome.devtools.json HTTP/1.1" 404 13603
2026-03-11 13:04:53,708 [INFO] django.server: "GET /publications/29/ HTTP/1.1" 200 11457
2026-03-11 13:04:53,743 [WARNING] django.request: Not Found: /.well-known/appspecific/com.chrome.devtools.json
2026-03-11 13:04:53,744 [WARNING] django.server: "GET /.well-known/appspecific/com.chrome.devtools.json HTTP/1.1" 404 13603
2026-03-11 13:05:04,263 [WARNING] django.request: Not Found: /.well-known/appspecific/com.chrome.devtools.json
2026-03-11 13:05:04,264 [WARNING] django.server: "GET /.well-known/appspecific/com.chrome.devtools.json HTTP/1.1" 404 13603
2026-03-11 13:05:04,275 [WARNING] django.request: Not Found: /.well-known/appspecific/com.chrome.devtools.json
2026-03-11 13:05:04,276 [WARNING] django.server: "GET /.well-known/appspecific/com.chrome.devtools.json HTTP/1.1" 404 13603
2026-03-11 13:05:24,185 [INFO] django.server: "GET /publications/320/ HTTP/1.1" 200 12967
2026-03-11 13:05:24,213 [WARNING] django.request: Not Found: /.well-known/appspecific/com.chrome.devtools.json
2026-03-11 13:05:24,215 [WARNING] django.server: "GET /.well-known/appspecific/com.chrome.devtools.json HTTP/1.1" 404 13603
2026-03-11 13:14:24,355 [INFO] django.server: "GET / HTTP/1.1" 200 15082
2026-03-11 13:14:24,391 [WARNING] django.request: Not Found: /.well-known/appspecific/com.chrome.devtools.json
2026-03-11 13:14:24,392 [WARNING] django.server: "GET /.well-known/appspecific/com.chrome.devtools.json HTTP/1.1" 404 13603
2026-03-11 13:14:24,394 [INFO] django.server: "GET /static/main/css/style.css HTTP/1.1" 304 0
2026-03-11 13:15:25,119 [INFO] django.server: "GET /?tab=documents HTTP/1.1" 200 15082
2026-03-11 13:15:25,150 [WARNING] django.request: Not Found: /.well-known/appspecific/com.chrome.devtools.json
2026-03-11 13:15:25,151 [WARNING] django.server: "GET /.well-known/appspecific/com.chrome.devtools.json HTTP/1.1" 404 13603
2026-03-11 13:15:27,088 [INFO] django.server: "GET /?tab=documents&search=&status=&type=&y_min=1995&y_max=2026&lang=&oa=&db=&quartile=&area=&venue= HTTP/1.1" 200 73887
2026-03-11 13:15:27,125 [WARNING] django.request: Not Found: /.well-known/appspecific/com.chrome.devtools.json
2026-03-11 13:15:27,125 [WARNING] django.server: "GET /.well-known/appspecific/com.chrome.devtools.json HTTP/1.1" 404 13603
2026-03-11 13:15:32,463 [INFO] django.server: "GET /?tab=documents&search=%D0%9D%D1%83%D1%80%D1%82%D0%B0%D0%B9&status=&type=&y_min=1995&y_max=2026&lang=&oa=&db=&quartile=&area=&venue= HTTP/1.1" 200 77481
2026-03-11 13:15:32,507 [WARNING] django.request: Not Found: /.well-known/appspecific/com.chrome.devtools.json
2026-03-11 13:15:32,508 [WARNING] django.server: "GET /.well-known/appspecific/com.chrome.devtools.json HTTP/1.1" 404 13603
2026-03-11 13:15:38,106 [INFO] django.server: "GET /?tab=documents&search=%D0%9D%D1%83%D1%80%D1%82%D0%B0%D0%B9&status=&type=&y_min=1995&y_max=2026&lang=&oa=&db=&quartile=&area=&venue=&page=2 HTTP/1.1" 200 26281
2026-03-11 13:15:38,140 [WARNING] django.request: Not Found: /.well-known/appspecific/com.chrome.devtools.json
2026-03-11 13:15:38,141 [WARNING] django.server: "GET /.well-known/appspecific/com.chrome.devtools.json HTTP/1.1" 404 13603
2026-03-11 13:15:51,455 [INFO] django.server: "GET /?tab=documents&search=%D0%9D%D1%83%D1%80%D1%82%D0%B0%D0%B9&status=&type=&y_min=1995&y_max=2026&lang=&oa=&db=&quartile=&area=&venue=&page=1 HTTP/1.1" 200 77481
2026-03-11 13:15:51,490 [WARNING] django.request: Not Found: /.well-known/appspecific/com.chrome.devtools.json
2026-03-11 13:15:51,491 [WARNING] django.server: "GET /.well-known/appspecific/com.chrome.devtools.json HTTP/1.1" 404 13603
2026-03-11 13:15:57,893 [INFO] django.server: "GET /?tab=documents&search=%D0%9D%D1%83%D1%80%D1%82%D0%B0%D0%B9&status=&type=&y_min=1995&y_max=2026&lang=&oa=&db=&quartile=&area=&venue=&page=2 HTTP/1.1" 200 26281
2026-03-11 13:15:57,926 [WARNING] django.request: Not Found: /.well-known/appspecific/com.chrome.devtools.json
2026-03-11 13:15:57,927 [WARNING] django.server: "GET /.well-known/appspecific/com.chrome.devtools.json HTTP/1.1" 404 13603
2026-03-11 13:16:00,296 [INFO] django.server: "GET /?tab=documents&search=%D0%9D%D1%83%D1%80%D1%82%D0%B0%D0%B9&status=&type=&y_min=1995&y_max=2026&lang=&oa=&db=&quartile=&area=&venue=&page=1 HTTP/1.1" 200 77481
2026-03-11 13:16:00,331 [WARNING] django.request: Not Found: /.well-known/appspecific/com.chrome.devtools.json
2026-03-11 13:16:00,332 [WARNING] django.server: "GET /.well-known/appspecific/com.chrome.devtools.json HTTP/1.1" 404 13603
2026-03-11 13:17:38,251 [INFO] django.server: "GET /?tab=researchers HTTP/1.1" 200 9009
2026-03-11 13:17:38,281 [WARNING] django.request: Not Found: /.well-known/appspecific/com.chrome.devtools.json
2026-03-11 13:17:38,282 [WARNING] django.server: "GET /.well-known/appspecific/com.chrome.devtools.json HTTP/1.1" 404 13603
2026-03-11 13:17:39,071 [INFO] django.server: "GET /documents HTTP/1.1" 200 31573
2026-03-11 13:17:39,101 [WARNING] django.request: Not Found: /.well-known/appspecific/com.chrome.devtools.json
2026-03-11 13:17:39,102 [WARNING] django.server: "GET /.well-known/appspecific/com.chrome.devtools.json HTTP/1.1" 404 13603
2026-03-11 13:17:44,666 [INFO] django.server: "GET /documents/50/edit HTTP/1.1" 200 21613
2026-03-11 13:17:44,697 [WARNING] django.request: Not Found: /.well-known/appspecific/com.chrome.devtools.json
2026-03-11 13:17:44,698 [WARNING] django.server: "GET /.well-known/appspecific/com.chrome.devtools.json HTTP/1.1" 404 13603
2026-03-11 13:17:44,729 [INFO] document.views: ONLYOFFICE config document=50 user=74 mode=edit key=doc-50-v1
2026-03-11 13:17:44,729 [INFO] django.server: "GET /onlyoffice/config/50 HTTP/1.1" 200 1659
2026-03-11 13:17:45,600 [INFO] document.views: ONLYOFFICE callback document=50 status=1
2026-03-11 13:17:45,601 [INFO] django.server: "POST /onlyoffice/callback/50 HTTP/1.1" 200 12
2026-03-11 13:17:45,612 [INFO] document.views: Document file served document=50
2026-03-11 13:17:45,618 [INFO] django.server: "GET /files/50?access_token=eyJkb2N1bWVudF9pZCI6NTAsInVzZXJfaWQiOjc0LCJ2ZXJzaW9uIjoxfQ%3A1w0ElE%3AT1zVAfv1iAShA5fxFo_k08-hjrjF-5-3nRp1ebxjoqQ HTTP/1.1" 200 185784
2026-03-11 13:17:51,831 [INFO] django.server: "GET /account/ HTTP/1.1" 302 0
2026-03-11 13:17:51,852 [INFO] django.server: "GET /employees/74/ HTTP/1.1" 200 19053
2026-03-11 13:17:52,582 [INFO] document.views: ONLYOFFICE callback document=50 status=4
2026-03-11 13:17:52,583 [INFO] django.server: "POST /onlyoffice/callback/50 HTTP/1.1" 200 12
2026-03-11 13:17:52,590 [WARNING] django.request: Not Found: /.well-known/appspecific/com.chrome.devtools.json
2026-03-11 13:17:52,591 [WARNING] django.server: "GET /.well-known/appspecific/com.chrome.devtools.json HTTP/1.1" 404 13603
2026-03-11 13:17:57,845 [INFO] django.server: "GET / HTTP/1.1" 200 15082
2026-03-11 13:17:57,876 [WARNING] django.request: Not Found: /.well-known/appspecific/com.chrome.devtools.json
2026-03-11 13:17:57,877 [WARNING] django.server: "GET /.well-known/appspecific/com.chrome.devtools.json HTTP/1.1" 404 13603
2026-03-11 13:18:42,972 [INFO] django.server: "GET /?tab=researchers HTTP/1.1" 200 9009
2026-03-11 13:18:43,004 [WARNING] django.request: Not Found: /.well-known/appspecific/com.chrome.devtools.json
2026-03-11 13:18:43,005 [WARNING] django.server: "GET /.well-known/appspecific/com.chrome.devtools.json HTTP/1.1" 404 13603
2026-03-11 13:18:43,798 [INFO] django.server: "GET /?tab=documents HTTP/1.1" 200 15082
2026-03-11 13:18:43,830 [WARNING] django.request: Not Found: /.well-known/appspecific/com.chrome.devtools.json
2026-03-11 13:18:43,831 [WARNING] django.server: "GET /.well-known/appspecific/com.chrome.devtools.json HTTP/1.1" 404 13603
2026-03-11 13:18:53,397 [INFO] django.server: "GET /?tab=researchers HTTP/1.1" 200 9009
2026-03-11 13:18:53,433 [WARNING] django.request: Not Found: /.well-known/appspecific/com.chrome.devtools.json
2026-03-11 13:18:53,434 [WARNING] django.server: "GET /.well-known/appspecific/com.chrome.devtools.json HTTP/1.1" 404 13603
2026-03-11 13:18:54,757 [INFO] django.server: "GET /?tab=documents HTTP/1.1" 200 15082
2026-03-11 13:18:54,791 [WARNING] django.request: Not Found: /.well-known/appspecific/com.chrome.devtools.json
2026-03-11 13:18:54,793 [WARNING] django.server: "GET /.well-known/appspecific/com.chrome.devtools.json HTTP/1.1" 404 13603
2026-03-11 13:19:17,800 [INFO] django.server: "GET /?tab=documents HTTP/1.1" 200 15082
2026-03-11 13:19:17,832 [WARNING] django.request: Not Found: /.well-known/appspecific/com.chrome.devtools.json
2026-03-11 13:19:17,833 [WARNING] django.server: "GET /.well-known/appspecific/com.chrome.devtools.json HTTP/1.1" 404 13603
2026-03-11 13:19:18,991 [INFO] django.server: "GET /documents HTTP/1.1" 200 31573
2026-03-11 13:19:19,021 [WARNING] django.request: Not Found: /.well-known/appspecific/com.chrome.devtools.json
2026-03-11 13:19:19,023 [WARNING] django.server: "GET /.well-known/appspecific/com.chrome.devtools.json HTTP/1.1" 404 13603
2026-03-11 13:19:20,125 [INFO] django.server: "GET /account/ HTTP/1.1" 302 0
2026-03-11 13:19:20,146 [INFO] django.server: "GET /employees/74/ HTTP/1.1" 200 19053
2026-03-11 13:19:20,181 [WARNING] django.request: Not Found: /.well-known/appspecific/com.chrome.devtools.json
2026-03-11 13:19:20,182 [WARNING] django.server: "GET /.well-known/appspecific/com.chrome.devtools.json HTTP/1.1" 404 13603
2026-03-11 13:19:25,637 [INFO] django.server: "GET / HTTP/1.1" 200 15082
2026-03-11 13:19:25,672 [WARNING] django.request: Not Found: /.well-known/appspecific/com.chrome.devtools.json
2026-03-11 13:19:25,674 [INFO] django.server: "GET /static/main/css/style.css HTTP/1.1" 304 0
2026-03-11 13:19:25,674 [WARNING] django.server: "GET /.well-known/appspecific/com.chrome.devtools.json HTTP/1.1" 404 13603
2026-03-11 13:19:33,702 [INFO] django.server: "GET /?tab=documents HTTP/1.1" 200 15082
2026-03-11 13:19:33,737 [WARNING] django.request: Not Found: /.well-known/appspecific/com.chrome.devtools.json
2026-03-11 13:19:33,739 [WARNING] django.server: "GET /.well-known/appspecific/com.chrome.devtools.json HTTP/1.1" 404 13603
2026-03-11 13:19:35,277 [INFO] django.server: "GET /?tab=researchers HTTP/1.1" 200 9009
2026-03-11 13:19:35,313 [WARNING] django.request: Not Found: /.well-known/appspecific/com.chrome.devtools.json
2026-03-11 13:19:35,314 [WARNING] django.server: "GET /.well-known/appspecific/com.chrome.devtools.json HTTP/1.1" 404 13603
2026-03-11 13:19:51,852 [INFO] django.server: "GET /?tab=researchers HTTP/1.1" 200 9009
2026-03-11 13:19:51,881 [WARNING] django.request: Not Found: /.well-known/appspecific/com.chrome.devtools.json
2026-03-11 13:19:51,883 [WARNING] django.server: "GET /.well-known/appspecific/com.chrome.devtools.json HTTP/1.1" 404 13603
2026-03-11 13:19:53,086 [INFO] django.server: "GET /documents HTTP/1.1" 200 31573
2026-03-11 13:19:53,122 [WARNING] django.request: Not Found: /.well-known/appspecific/com.chrome.devtools.json
2026-03-11 13:19:53,123 [WARNING] django.server: "GET /.well-known/appspecific/com.chrome.devtools.json HTTP/1.1" 404 13603
2026-03-11 13:19:56,111 [INFO] django.server: "GET /generators/13/edit HTTP/1.1" 200 228133
2026-03-11 13:19:56,149 [WARNING] django.request: Not Found: /.well-known/appspecific/com.chrome.devtools.json
2026-03-11 13:19:56,150 [WARNING] django.server: "GET /.well-known/appspecific/com.chrome.devtools.json HTTP/1.1" 404 13603
2026-03-11 13:19:56,180 [INFO] document.views: ONLYOFFICE config generator=13 user=74 mode=edit key=gen-13-1772885817-s28439
2026-03-11 13:19:56,181 [INFO] django.server: "GET /onlyoffice/generator/config/13 HTTP/1.1" 200 1712
2026-03-11 13:19:57,182 [INFO] document.views: ONLYOFFICE callback generator=13 status=1
2026-03-11 13:19:57,183 [INFO] django.server: "POST /onlyoffice/generator/callback/13 HTTP/1.1" 200 12
2026-03-11 13:21:14,096 [INFO] django.server: "GET / HTTP/1.1" 200 15082
2026-03-11 13:21:14,146 [WARNING] django.request: Not Found: /.well-known/appspecific/com.chrome.devtools.json
2026-03-11 13:21:14,148 [WARNING] django.server: "GET /.well-known/appspecific/com.chrome.devtools.json HTTP/1.1" 404 13603
2026-03-11 13:21:15,381 [INFO] django.server: "GET /?tab=researchers HTTP/1.1" 200 9009
2026-03-11 13:21:15,412 [WARNING] django.request: Not Found: /.well-known/appspecific/com.chrome.devtools.json
2026-03-11 13:21:15,414 [WARNING] django.server: "GET /.well-known/appspecific/com.chrome.devtools.json HTTP/1.1" 404 13603
2026-03-11 13:21:17,593 [INFO] django.server: "GET /documents HTTP/1.1" 200 31573
2026-03-11 13:21:17,631 [WARNING] django.request: Not Found: /.well-known/appspecific/com.chrome.devtools.json
2026-03-11 13:21:17,632 [WARNING] django.server: "GET /.well-known/appspecific/com.chrome.devtools.json HTTP/1.1" 404 13603
2026-03-11 13:21:19,469 [INFO] django.server: "GET /generators/13/edit HTTP/1.1" 200 228133
2026-03-11 13:21:19,509 [WARNING] django.request: Not Found: /.well-known/appspecific/com.chrome.devtools.json
2026-03-11 13:21:19,510 [WARNING] django.server: "GET /.well-known/appspecific/com.chrome.devtools.json HTTP/1.1" 404 13603
2026-03-11 13:21:19,538 [INFO] document.views: ONLYOFFICE config generator=13 user=74 mode=edit key=gen-13-1772885817-s28439
2026-03-11 13:21:19,539 [INFO] django.server: "GET /onlyoffice/generator/config/13 HTTP/1.1" 200 1712
2026-03-11 13:21:19,558 [INFO] document.views: ONLYOFFICE callback generator=13 status=2
2026-03-11 13:21:19,587 [INFO] document.views: ONLYOFFICE callback saved generator=13 file=synthetic_documents/template-from-document-5.docx
2026-03-11 13:21:19,589 [INFO] django.server: "POST /onlyoffice/generator/callback/13 HTTP/1.1" 200 12
2026-03-11 13:22:30,675 [WARNING] jazzmin.utils: Could not reverse url from superman
2026-03-11 13:22:30,676 [WARNING] jazzmin.utils: Could not reverse url from superman
2026-03-11 13:22:30,690 [INFO] django.server: "GET /admin/document/document/ HTTP/1.1" 200 33209
2026-03-11 13:22:30,715 [INFO] django.server: "GET /static/vendor/fontawesome-free/css/all.min.css HTTP/1.1" 200 103010
2026-03-11 13:22:30,722 [INFO] django.server: "GET /static/jazzmin/css/main.css HTTP/1.1" 200 14372
2026-03-11 13:22:30,723 [INFO] django.server: "GET /static/admin/js/vendor/jquery/jquery.js HTTP/1.1" 304 0
2026-03-11 13:22:30,724 [INFO] django.server: "GET /static/vendor/select2/css/select2.min.css HTTP/1.1" 200 16264
2026-03-11 13:22:30,727 [INFO] django.server: "GET /static/admin/js/core.js HTTP/1.1" 304 0
2026-03-11 13:22:30,729 [INFO] django.server: "GET /static/admin/js/admin/RelatedObjectLookups.js HTTP/1.1" 304 0
2026-03-11 13:22:30,729 [INFO] django.server: "GET /static/admin/js/jquery.init.js HTTP/1.1" 304 0
2026-03-11 13:22:30,730 [INFO] django.server: "GET /admin/jsi18n/ HTTP/1.1" 200 3342
2026-03-11 13:22:30,731 [INFO] django.server: "GET /static/admin/js/actions.js HTTP/1.1" 304 0
2026-03-11 13:22:30,731 [INFO] django.server: "GET /static/admin/js/urlify.js HTTP/1.1" 304 0
2026-03-11 13:22:30,732 [INFO] django.server: "GET /static/admin/js/prepopulate.js HTTP/1.1" 304 0
2026-03-11 13:22:30,733 [INFO] django.server: "GET /static/admin/js/vendor/xregexp/xregexp.js HTTP/1.1" 304 0
2026-03-11 13:22:30,735 [INFO] django.server: "GET /static/vendor/adminlte/css/adminlte.min.css HTTP/1.1" 200 298755
2026-03-11 13:22:30,737 [INFO] django.server: "GET /static/vendor/adminlte/img/AdminLTELogo.png HTTP/1.1" 200 2637
2026-03-11 13:22:30,737 [INFO] django.server: "GET /static/vendor/bootstrap/js/bootstrap.bundle.min.js HTTP/1.1" 200 80721
2026-03-11 13:22:30,752 [INFO] django.server: "GET /static/jazzmin/js/main.js HTTP/1.1" 200 4542
2026-03-11 13:22:30,752 [INFO] django.server: "GET /static/vendor/adminlte/js/adminlte.min.js HTTP/1.1" 200 18270
2026-03-11 13:22:30,755 [INFO] django.server: "GET /static/jazzmin/js/change_list.js HTTP/1.1" 200 2205
2026-03-11 13:22:30,756 [INFO] django.server: "GET /static/vendor/select2/js/select2.min.js HTTP/1.1" 200 73170
2026-03-11 13:22:31,548 [INFO] django.server: "GET /static/vendor/fontawesome-free/webfonts/fa-regular-400.woff2 HTTP/1.1" 200 25392
2026-03-11 13:22:31,549 [INFO] django.server: "GET /static/vendor/fontawesome-free/webfonts/fa-solid-900.woff2 HTTP/1.1" 200 156400
2026-03-11 13:22:41,238 [WARNING] jazzmin.utils: Could not reverse url from superman
2026-03-11 13:22:41,239 [WARNING] jazzmin.utils: Could not reverse url from superman
2026-03-11 13:22:41,262 [INFO] django.server: "GET /admin/document/document/add/ HTTP/1.1" 200 28094
2026-03-11 13:22:41,294 [INFO] django.server: "GET /admin/jsi18n/ HTTP/1.1" 200 3342
2026-03-11 13:22:41,297 [INFO] django.server: "GET /static/admin/js/change_form.js HTTP/1.1" 304 0
2026-03-11 13:22:41,300 [INFO] django.server: "GET /static/admin/js/prepopulate_init.js HTTP/1.1" 304 0
2026-03-11 13:22:41,305 [INFO] django.server: "GET /static/admin/img/icon-changelink.svg HTTP/1.1" 304 0
2026-03-11 13:22:41,306 [INFO] django.server: "GET /static/admin/img/icon-addlink.svg HTTP/1.1" 304 0
2026-03-11 13:22:41,306 [INFO] django.server: "GET /static/admin/img/icon-viewlink.svg HTTP/1.1" 304 0
2026-03-11 13:22:41,306 [INFO] django.server: "GET /static/jazzmin/js/change_form.js HTTP/1.1" 200 6045
2026-03-11 13:22:41,306 [INFO] django.server: "GET /static/admin/img/icon-deletelink.svg HTTP/1.1" 304 0
2026-03-11 13:22:50,058 [WARNING] jazzmin.utils: Could not reverse url from superman
2026-03-11 13:22:50,059 [WARNING] jazzmin.utils: Could not reverse url from superman
2026-03-11 13:22:50,067 [INFO] django.server: "GET /admin/ HTTP/1.1" 200 32703
2026-03-11 13:23:08,658 [INFO] django.server: "GET /documents HTTP/1.1" 200 31573
2026-03-11 13:23:08,697 [WARNING] django.request: Not Found: /.well-known/appspecific/com.chrome.devtools.json
2026-03-11 13:23:08,698 [WARNING] django.server: "GET /.well-known/appspecific/com.chrome.devtools.json HTTP/1.1" 404 13603
2026-03-11 13:26:17,078 [INFO] django.server: "GET / HTTP/1.1" 200 15082
2026-03-11 13:26:17,114 [WARNING] django.request: Not Found: /.well-known/appspecific/com.chrome.devtools.json
2026-03-11 13:26:17,115 [WARNING] django.server: "GET /.well-known/appspecific/com.chrome.devtools.json HTTP/1.1" 404 13603
2026-03-11 13:26:17,117 [INFO] django.server: "GET /static/main/css/style.css HTTP/1.1" 304 0
2026-03-11 13:26:18,285 [INFO] django.server: "GET /?tab=researchers HTTP/1.1" 200 9009
2026-03-11 13:26:18,320 [WARNING] django.request: Not Found: /.well-known/appspecific/com.chrome.devtools.json
2026-03-11 13:26:18,321 [WARNING] django.server: "GET /.well-known/appspecific/com.chrome.devtools.json HTTP/1.1" 404 13603
2026-03-11 13:26:18,573 [INFO] django.server: "GET /?tab=researchers HTTP/1.1" 200 9009
2026-03-11 13:26:18,604 [WARNING] django.request: Not Found: /.well-known/appspecific/com.chrome.devtools.json
2026-03-11 13:26:18,605 [WARNING] django.server: "GET /.well-known/appspecific/com.chrome.devtools.json HTTP/1.1" 404 13603
2026-03-11 13:26:18,982 [INFO] django.server: "GET /?tab=documents HTTP/1.1" 200 15082
2026-03-11 13:26:19,016 [WARNING] django.request: Not Found: /.well-known/appspecific/com.chrome.devtools.json
2026-03-11 13:26:19,017 [WARNING] django.server: "GET /.well-known/appspecific/com.chrome.devtools.json HTTP/1.1" 404 13603
2026-03-11 13:26:20,098 [INFO] django.server: "GET /?tab=documents&search=&status=&type=&y_min=1995&y_max=2026&lang=&oa=&db=&quartile=&area=&venue= HTTP/1.1" 200 73887
2026-03-11 13:26:20,133 [WARNING] django.request: Not Found: /.well-known/appspecific/com.chrome.devtools.json
2026-03-11 13:26:20,134 [WARNING] django.server: "GET /.well-known/appspecific/com.chrome.devtools.json HTTP/1.1" 404 13603
2026-03-11 13:26:20,314 [INFO] django.server: "GET /?tab=documents&search=&status=&type=&y_min=1995&y_max=2026&lang=&oa=&db=&quartile=&area=&venue= HTTP/1.1" 200 73887
2026-03-11 13:26:20,352 [WARNING] django.request: Not Found: /.well-known/appspecific/com.chrome.devtools.json
2026-03-11 13:26:20,353 [WARNING] django.server: "GET /.well-known/appspecific/com.chrome.devtools.json HTTP/1.1" 404 13603
2026-03-11 13:26:32,662 [INFO] django.server: "GET /account/ HTTP/1.1" 302 0
2026-03-11 13:26:32,682 [INFO] django.server: "GET /employees/74/ HTTP/1.1" 200 19053
2026-03-11 13:26:33,153 [WARNING] django.request: Not Found: /.well-known/appspecific/com.chrome.devtools.json
2026-03-11 13:26:33,154 [WARNING] django.server: "GET /.well-known/appspecific/com.chrome.devtools.json HTTP/1.1" 404 13603
2026-03-11 13:26:34,975 [INFO] django.server: "GET /documents HTTP/1.1" 200 31573
2026-03-11 13:26:35,012 [WARNING] django.request: Not Found: /.well-known/appspecific/com.chrome.devtools.json
2026-03-11 13:26:35,014 [WARNING] django.server: "GET /.well-known/appspecific/com.chrome.devtools.json HTTP/1.1" 404 13603
2026-03-11 13:26:41,654 [INFO] django.server: "GET / HTTP/1.1" 200 15082
2026-03-11 13:26:41,689 [WARNING] django.request: Not Found: /.well-known/appspecific/com.chrome.devtools.json
2026-03-11 13:26:41,690 [WARNING] django.server: "GET /.well-known/appspecific/com.chrome.devtools.json HTTP/1.1" 404 13603
2026-03-11 13:26:50,839 [INFO] django.server: "GET / HTTP/1.1" 200 15082
2026-03-11 13:26:50,869 [WARNING] django.request: Not Found: /.well-known/appspecific/com.chrome.devtools.json
2026-03-11 13:26:50,871 [WARNING] django.server: "GET /.well-known/appspecific/com.chrome.devtools.json HTTP/1.1" 404 13603
2026-03-11 13:26:55,948 [INFO] django.server: "GET /?tab=documents&search=&status=&type=&y_min=1995&y_max=2026&lang=&oa=&db=&quartile=&area=&venue= HTTP/1.1" 200 73887
2026-03-11 13:26:55,985 [WARNING] django.request: Not Found: /.well-known/appspecific/com.chrome.devtools.json
2026-03-11 13:26:55,985 [WARNING] django.server: "GET /.well-known/appspecific/com.chrome.devtools.json HTTP/1.1" 404 13603
2026-03-11 13:27:04,734 [INFO] django.server: "GET /publications/380/ HTTP/1.1" 200 12780
2026-03-11 13:27:04,771 [WARNING] django.request: Not Found: /.well-known/appspecific/com.chrome.devtools.json
2026-03-11 13:27:04,772 [WARNING] django.server: "GET /.well-known/appspecific/com.chrome.devtools.json HTTP/1.1" 404 13603
2026-03-11 13:27:17,394 [WARNING] django.request: Not Found: /.well-known/appspecific/com.chrome.devtools.json
2026-03-11 13:27:17,395 [WARNING] django.server: "GET /.well-known/appspecific/com.chrome.devtools.json HTTP/1.1" 404 13603
2026-03-11 13:27:17,407 [WARNING] django.request: Not Found: /.well-known/appspecific/com.chrome.devtools.json
2026-03-11 13:27:17,408 [WARNING] django.server: "GET /.well-known/appspecific/com.chrome.devtools.json HTTP/1.1" 404 13603
2026-03-11 13:27:22,759 [INFO] django.server: "GET /publications/343/ HTTP/1.1" 200 11762
2026-03-11 13:27:22,790 [WARNING] django.request: Not Found: /.well-known/appspecific/com.chrome.devtools.json
2026-03-11 13:27:22,791 [WARNING] django.server: "GET /.well-known/appspecific/com.chrome.devtools.json HTTP/1.1" 404 13603
2026-03-11 13:27:37,861 [WARNING] django.request: Not Found: /.well-known/appspecific/com.chrome.devtools.json
2026-03-11 13:27:37,862 [WARNING] django.server: "GET /.well-known/appspecific/com.chrome.devtools.json HTTP/1.1" 404 13603
2026-03-11 13:27:37,873 [WARNING] django.request: Not Found: /.well-known/appspecific/com.chrome.devtools.json
2026-03-11 13:27:37,874 [WARNING] django.server: "GET /.well-known/appspecific/com.chrome.devtools.json HTTP/1.1" 404 13603
2026-03-11 13:27:44,287 [INFO] django.server: "GET /publications/380/ HTTP/1.1" 200 12780
2026-03-11 13:27:44,327 [WARNING] django.request: Not Found: /.well-known/appspecific/com.chrome.devtools.json
2026-03-11 13:27:44,330 [WARNING] django.server: "GET /.well-known/appspecific/com.chrome.devtools.json HTTP/1.1" 404 13603
2026-03-11 13:28:28,541 [INFO] django.server: "GET / HTTP/1.1" 200 15082
2026-03-11 13:28:28,574 [WARNING] django.request: Not Found: /.well-known/appspecific/com.chrome.devtools.json
2026-03-11 13:28:28,575 [WARNING] django.server: "GET /.well-known/appspecific/com.chrome.devtools.json HTTP/1.1" 404 13603
2026-03-11 13:29:22,806 [INFO] django.server: "GET /?tab=documents HTTP/1.1" 200 15082
2026-03-11 13:29:22,838 [WARNING] django.request: Not Found: /.well-known/appspecific/com.chrome.devtools.json
2026-03-11 13:29:22,839 [WARNING] django.server: "GET /.well-known/appspecific/com.chrome.devtools.json HTTP/1.1" 404 13603
2026-03-11 13:29:23,822 [INFO] django.server: "GET /?tab=researchers HTTP/1.1" 200 9009
2026-03-11 13:29:23,856 [WARNING] django.request: Not Found: /.well-known/appspecific/com.chrome.devtools.json
2026-03-11 13:29:23,857 [WARNING] django.server: "GET /.well-known/appspecific/com.chrome.devtools.json HTTP/1.1" 404 13603
2026-03-11 13:29:24,806 [INFO] django.server: "GET /?tab=documents HTTP/1.1" 200 15082
2026-03-11 13:29:24,838 [WARNING] django.request: Not Found: /.well-known/appspecific/com.chrome.devtools.json
2026-03-11 13:29:24,839 [WARNING] django.server: "GET /.well-known/appspecific/com.chrome.devtools.json HTTP/1.1" 404 13603
2026-03-11 13:29:25,879 [INFO] django.server: "GET /?tab=researchers HTTP/1.1" 200 9009
2026-03-11 13:29:25,914 [WARNING] django.request: Not Found: /.well-known/appspecific/com.chrome.devtools.json
2026-03-11 13:29:25,916 [WARNING] django.server: "GET /.well-known/appspecific/com.chrome.devtools.json HTTP/1.1" 404 13603
2026-03-11 13:29:29,189 [INFO] django.server: "GET /?tab=documents HTTP/1.1" 200 15082
2026-03-11 13:29:29,222 [WARNING] django.request: Not Found: /.well-known/appspecific/com.chrome.devtools.json
2026-03-11 13:29:29,223 [WARNING] django.server: "GET /.well-known/appspecific/com.chrome.devtools.json HTTP/1.1" 404 13603
2026-03-11 13:29:29,828 [INFO] django.server: "GET /?tab=researchers HTTP/1.1" 200 9009
2026-03-11 13:29:29,863 [WARNING] django.request: Not Found: /.well-known/appspecific/com.chrome.devtools.json
2026-03-11 13:29:29,864 [WARNING] django.server: "GET /.well-known/appspecific/com.chrome.devtools.json HTTP/1.1" 404 13603
2026-03-11 13:31:27,632 [INFO] django.server: "GET / HTTP/1.1" 200 15082
2026-03-11 13:31:27,801 [INFO] django.server: "GET /static/main/css/style.css HTTP/1.1" 200 20689
2026-03-11 13:31:27,912 [INFO] django.server: "GET /static/main/images/icon.png HTTP/1.1" 200 49378
2026-03-11 13:31:28,544 [INFO] django.server: "GET /static/main/scripts/app_feedback.js HTTP/1.1" 200 1259
2026-03-11 13:31:28,649 [INFO] django.server: "GET /static/main/scripts/result_view_toggle.js HTTP/1.1" 200 1763
2026-03-11 13:31:29,381 [INFO] django.server: "GET /static/main/images/favicon.ico HTTP/1.1" 200 15406
2026-03-11 13:31:43,422 [INFO] django.server: "GET /?tab=researchers HTTP/1.1" 200 9009
2026-03-11 13:31:44,803 [INFO] django.server: "GET /?tab=documents HTTP/1.1" 200 15082
2026-03-11 13:31:45,108 [INFO] django.server: "GET /?tab=documents HTTP/1.1" 200 15082
2026-03-11 13:41:58,456 [INFO] django.server: "GET /?tab=researchers HTTP/1.1" 200 9009
2026-03-11 13:41:58,491 [INFO] django.server: "GET /static/main/css/style.css HTTP/1.1" 200 20689
2026-03-11 13:41:58,637 [INFO] django.server: "GET /static/main/scripts/result_view_toggle.js HTTP/1.1" 304 0
2026-03-11 13:41:59,185 [INFO] django.server: "GET /?tab=documents HTTP/1.1" 200 15082
2026-03-11 13:42:00,827 [INFO] django.server: "GET /?tab=documents&search=&status=&type=&y_min=1995&y_max=2026&lang=&oa=&db=&quartile=&area=&venue= HTTP/1.1" 200 73887
2026-03-11 13:42:09,608 [INFO] django.server: "GET /?tab=documents&search=&status=&type=&y_min=1995&y_max=2026&lang=&oa=&db=&quartile=&area=&venue= HTTP/1.1" 200 73887
2026-03-11 13:42:10,501 [INFO] django.server: "GET /?tab=documents HTTP/1.1" 200 15082
2026-03-11 13:42:11,720 [INFO] django.server: "GET /?tab=documents&search=&status=&type=&y_min=1995&y_max=2026&lang=&oa=&db=&quartile=&area=&venue= HTTP/1.1" 200 73887
2026-03-11 13:42:15,219 [INFO] django.server: "GET /?tab=documents&search=&status=&type=&y_min=1995&y_max=2026&lang=&oa=&db=&quartile=&area=&venue=&page=2 HTTP/1.1" 200 75324
2026-03-11 13:42:17,256 [INFO] django.server: "GET /?tab=documents&search=&status=&type=&y_min=1995&y_max=2026&lang=&oa=&db=&quartile=&area=&venue=&page=3 HTTP/1.1" 200 78203
2026-03-11 13:42:19,698 [INFO] django.server: "GET /?tab=documents&search=&status=&type=&y_min=1995&y_max=2026&lang=&oa=&db=&quartile=&area=&venue=&page=4 HTTP/1.1" 200 75935
2026-03-11 13:42:21,796 [INFO] django.server: "GET /?tab=documents&search=&status=&type=&y_min=1995&y_max=2026&lang=&oa=&db=&quartile=&area=&venue=&page=5 HTTP/1.1" 200 76193
2026-03-11 13:42:29,457 [INFO] main.utils: Generation request accepted user=74 template_id=13 filters_tags=0
2026-03-11 13:42:29,458 [INFO] main.utils: Generation start template_id=13 user=74 template_file_type=docx publications_count=307 requested_title=
2026-03-11 13:42:29,459 [INFO] utils.document_generator: Template render start template_id=13 base_len=0
2026-03-11 13:42:29,459 [INFO] utils.document_generator: Template render after synonyms template_id=13 len=0
2026-03-11 13:42:29,460 [WARNING] utils.document_generator: Template render result is empty template_id=13
2026-03-11 13:42:29,460 [INFO] main.utils: Text render result template_id=13 text_len=0 non_empty=False
2026-03-11 13:42:29,460 [INFO] main.utils: DOCX render branch template_id=13 source_file=synthetic_documents/template-from-document-5.docx
2026-03-11 13:42:29,461 [INFO] utils.document_generator: DOCX render start template_id=13 source=D:\PROJECTs\su_science\project\media\synthetic_documents\template-from-document-5.docx output=C:\Users\admin\AppData\Local\Temp\tmp1lc23jwc.docx
2026-03-11 13:42:30,470 [INFO] utils.document_generator: DOCX render finished template_id=13 output=C:\Users\admin\AppData\Local\Temp\tmp1lc23jwc.docx
2026-03-11 13:42:30,494 [INFO] main.utils: Generation finished document_id=51 generated_by=13 file_type=docx file_name=documents/report-20260311084230.docx
2026-03-11 13:42:30,495 [INFO] django.server: "POST /search/ HTTP/1.1" 302 0
2026-03-11 13:42:30,561 [INFO] document.views: Document file served document=51
2026-03-11 13:42:30,563 [INFO] django.server: "GET /files/51?download=1 HTTP/1.1" 200 169419
2026-03-11 13:42:47,747 [WARNING] jazzmin.utils: Could not reverse url from superman
2026-03-11 13:42:47,749 [WARNING] jazzmin.utils: Could not reverse url from superman
2026-03-11 13:42:47,753 [INFO] django.server: "GET /admin/document/documentgenerator/ HTTP/1.1" 200 18630
2026-03-11 13:42:47,789 [INFO] django.server: "GET /static/vendor/fontawesome-free/css/all.min.css HTTP/1.1" 304 0
2026-03-11 13:42:47,792 [INFO] django.server: "GET /static/vendor/adminlte/css/adminlte.min.css HTTP/1.1" 304 0
2026-03-11 13:42:47,794 [INFO] django.server: "GET /static/jazzmin/css/main.css HTTP/1.1" 304 0
2026-03-11 13:42:47,795 [INFO] django.server: "GET /static/vendor/select2/css/select2.min.css HTTP/1.1" 304 0
2026-03-11 13:42:47,795 [INFO] django.server: "GET /static/vendor/adminlte/img/AdminLTELogo.png HTTP/1.1" 304 0
2026-03-11 13:42:47,799 [INFO] django.server: "GET /static/vendor/bootstrap/js/bootstrap.bundle.min.js HTTP/1.1" 304 0
2026-03-11 13:42:47,800 [INFO] django.server: "GET /admin/jsi18n/ HTTP/1.1" 200 3342
2026-03-11 13:42:47,801 [INFO] django.server: "GET /static/vendor/adminlte/js/adminlte.min.js HTTP/1.1" 304 0
2026-03-11 13:42:47,817 [INFO] django.server: "GET /static/jazzmin/js/main.js HTTP/1.1" 304 0
2026-03-11 13:42:47,819 [INFO] django.server: "GET /static/jazzmin/js/change_list.js HTTP/1.1" 304 0
2026-03-11 13:42:47,819 [INFO] django.server: "GET /static/vendor/select2/js/select2.min.js HTTP/1.1" 304 0
2026-03-11 13:42:49,052 [WARNING] jazzmin.utils: Could not reverse url from superman
2026-03-11 13:42:49,053 [WARNING] jazzmin.utils: Could not reverse url from superman
2026-03-11 13:42:49,057 [INFO] django.server: "GET /admin/document/documentgenerator/?o=1 HTTP/1.1" 200 19100
2026-03-11 13:42:49,092 [INFO] django.server: "GET /admin/jsi18n/ HTTP/1.1" 200 3342
2026-03-11 13:42:53,497 [WARNING] jazzmin.utils: Could not reverse url from superman
2026-03-11 13:42:53,498 [WARNING] jazzmin.utils: Could not reverse url from superman
2026-03-11 13:42:53,503 [INFO] django.server: "GET /admin/document/documentgenerator/?o=-1 HTTP/1.1" 200 19095
2026-03-11 13:42:53,534 [INFO] django.server: "GET /admin/jsi18n/ HTTP/1.1" 200 3342
2026-03-11 13:42:54,107 [WARNING] jazzmin.utils: Could not reverse url from superman
2026-03-11 13:42:54,108 [WARNING] jazzmin.utils: Could not reverse url from superman
2026-03-11 13:42:54,113 [INFO] django.server: "GET /admin/document/documentgenerator/?o=1 HTTP/1.1" 200 19100
2026-03-11 13:42:54,148 [INFO] django.server: "GET /admin/jsi18n/ HTTP/1.1" 200 3342
2026-03-11 13:42:54,443 [WARNING] jazzmin.utils: Could not reverse url from superman
2026-03-11 13:42:54,445 [WARNING] jazzmin.utils: Could not reverse url from superman
2026-03-11 13:42:54,449 [INFO] django.server: "GET /admin/document/documentgenerator/?o=-1 HTTP/1.1" 200 19095
2026-03-11 13:42:54,485 [INFO] django.server: "GET /admin/jsi18n/ HTTP/1.1" 200 3342
2026-03-11 13:42:55,027 [WARNING] jazzmin.utils: Could not reverse url from superman
2026-03-11 13:42:55,028 [WARNING] jazzmin.utils: Could not reverse url from superman
2026-03-11 13:42:55,044 [INFO] django.server: "GET /admin/document/documentgenerator/13/change/?_changelist_filters=o%3D-1 HTTP/1.1" 200 25657
2026-03-11 13:42:55,078 [INFO] django.server: "GET /admin/jsi18n/ HTTP/1.1" 200 3342
2026-03-11 13:42:55,079 [INFO] django.server: "GET /static/jazzmin/js/change_form.js HTTP/1.1" 304 0
2026-03-11 13:42:57,074 [WARNING] jazzmin.utils: Could not reverse url from superman
2026-03-11 13:42:57,075 [WARNING] jazzmin.utils: Could not reverse url from superman
2026-03-11 13:42:57,079 [INFO] django.server: "GET /admin/document/documentgenerator/ HTTP/1.1" 200 18630
2026-03-11 13:42:57,120 [INFO] django.server: "GET /admin/jsi18n/ HTTP/1.1" 200 3342
2026-03-11 13:42:58,026 [WARNING] jazzmin.utils: Could not reverse url from superman
2026-03-11 13:42:58,027 [WARNING] jazzmin.utils: Could not reverse url from superman
2026-03-11 13:42:58,041 [INFO] django.server: "GET /admin/document/documentgenerator/13/change/ HTTP/1.1" 200 25576
2026-03-11 13:42:58,077 [INFO] django.server: "GET /admin/jsi18n/ HTTP/1.1" 200 3342
2026-03-11 13:43:03,810 [WARNING] jazzmin.utils: Could not reverse url from superman
2026-03-11 13:43:03,812 [WARNING] jazzmin.utils: Could not reverse url from superman
2026-03-11 13:43:03,818 [INFO] django.server: "GET /admin/ HTTP/1.1" 200 32703
2026-03-11 13:46:31,308 [INFO] django.server: "GET /?tab=researchers HTTP/1.1" 200 9009
2026-03-11 13:46:31,337 [WARNING] django.request: Not Found: /.well-known/appspecific/com.chrome.devtools.json
2026-03-11 13:46:31,338 [WARNING] django.server: "GET /.well-known/appspecific/com.chrome.devtools.json HTTP/1.1" 404 13603
2026-03-11 13:46:31,347 [INFO] django.server: "GET /static/main/css/style.css HTTP/1.1" 304 0
2026-03-11 13:46:44,254 [INFO] django.server: "GET /?tab=documents HTTP/1.1" 200 15082
2026-03-11 13:46:44,282 [WARNING] django.request: Not Found: /.well-known/appspecific/com.chrome.devtools.json
2026-03-11 13:46:44,283 [WARNING] django.server: "GET /.well-known/appspecific/com.chrome.devtools.json HTTP/1.1" 404 13603
2026-03-11 13:46:46,464 [INFO] django.server: "GET /?tab=documents&search=&status=&type=&y_min=1995&y_max=2026&lang=&oa=&db=&quartile=&area=&venue= HTTP/1.1" 200 73887
2026-03-11 13:46:46,496 [WARNING] django.request: Not Found: /.well-known/appspecific/com.chrome.devtools.json
2026-03-11 13:46:46,497 [WARNING] django.server: "GET /.well-known/appspecific/com.chrome.devtools.json HTTP/1.1" 404 13603
2026-03-11 13:46:48,135 [INFO] main.utils: Generation request accepted user=74 template_id=13 filters_tags=0
2026-03-11 13:46:48,137 [INFO] main.utils: Generation start template_id=13 user=74 template_file_type=docx publications_count=307 requested_title=
2026-03-11 13:46:48,138 [INFO] utils.document_generator: Template render start template_id=13 base_len=0
2026-03-11 13:46:48,138 [INFO] utils.document_generator: Template render after synonyms template_id=13 len=0
2026-03-11 13:46:48,139 [WARNING] utils.document_generator: Template render result is empty template_id=13
2026-03-11 13:46:48,140 [INFO] main.utils: Text render result template_id=13 text_len=0 non_empty=False
2026-03-11 13:46:48,141 [INFO] main.utils: DOCX render branch template_id=13 source_file=synthetic_documents/template-from-document-5.docx
2026-03-11 13:46:48,142 [INFO] utils.document_generator: DOCX render start template_id=13 source=D:\PROJECTs\su_science\project\media\synthetic_documents\template-from-document-5.docx output=C:\Users\admin\AppData\Local\Temp\tmprsta2rie.docx
2026-03-11 13:46:49,033 [INFO] utils.document_generator: DOCX render finished template_id=13 output=C:\Users\admin\AppData\Local\Temp\tmprsta2rie.docx
2026-03-11 13:46:49,066 [INFO] main.utils: Generation finished document_id=52 generated_by=13 file_type=docx file_name=documents/report-20260311084649.docx
2026-03-11 13:46:49,066 [INFO] django.server: "POST /search/ HTTP/1.1" 302 0
2026-03-11 13:46:49,071 [INFO] document.views: Document file served document=52
2026-03-11 13:46:49,073 [INFO] django.server: "GET /files/52?download=1 HTTP/1.1" 200 169419
2026-03-11 13:47:00,503 [INFO] django.server: "GET /publications/380/ HTTP/1.1" 200 12780
2026-03-11 13:47:00,532 [WARNING] django.request: Not Found: /.well-known/appspecific/com.chrome.devtools.json
2026-03-11 13:47:00,533 [WARNING] django.server: "GET /.well-known/appspecific/com.chrome.devtools.json HTTP/1.1" 404 13603
2026-03-11 13:47:04,519 [INFO] django.server: "GET /?tab=documents HTTP/1.1" 200 15082
2026-03-11 13:47:05,799 [INFO] django.server: "GET /?tab=researchers HTTP/1.1" 200 9009
2026-03-11 13:47:06,833 [INFO] django.server: "GET /?tab=documents HTTP/1.1" 200 15082
2026-03-11 13:47:10,104 [INFO] django.server: "GET /?tab=documents HTTP/1.1" 200 15082
2026-03-11 13:50:58,670 [INFO] django.server: "GET / HTTP/1.1" 200 15082
2026-03-11 13:50:58,701 [WARNING] django.request: Not Found: /.well-known/appspecific/com.chrome.devtools.json
2026-03-11 13:50:58,702 [WARNING] django.server: "GET /.well-known/appspecific/com.chrome.devtools.json HTTP/1.1" 404 13603
2026-03-11 13:51:00,175 [INFO] django.server: "GET /?tab=researchers HTTP/1.1" 200 9009
2026-03-11 13:51:00,204 [WARNING] django.request: Not Found: /.well-known/appspecific/com.chrome.devtools.json
2026-03-11 13:51:00,205 [WARNING] django.server: "GET /.well-known/appspecific/com.chrome.devtools.json HTTP/1.1" 404 13603
2026-03-11 13:51:01,301 [INFO] django.server: "GET /?tab=documents HTTP/1.1" 200 15082
2026-03-11 13:51:01,332 [WARNING] django.request: Not Found: /.well-known/appspecific/com.chrome.devtools.json
2026-03-11 13:51:01,333 [WARNING] django.server: "GET /.well-known/appspecific/com.chrome.devtools.json HTTP/1.1" 404 13603
2026-03-11 13:51:09,174 [INFO] django.server: "GET / HTTP/1.1" 200 15082
2026-03-11 13:51:09,203 [WARNING] django.request: Not Found: /.well-known/appspecific/com.chrome.devtools.json
2026-03-11 13:51:09,204 [WARNING] django.server: "GET /.well-known/appspecific/com.chrome.devtools.json HTTP/1.1" 404 13603
2026-03-11 13:51:10,606 [INFO] django.server: "GET /?tab=documents&search=&status=&type=&y_min=1995&y_max=2026&lang=&oa=&db=&quartile=&area=&venue= HTTP/1.1" 200 73887
2026-03-11 13:51:10,641 [WARNING] django.request: Not Found: /.well-known/appspecific/com.chrome.devtools.json
2026-03-11 13:51:10,643 [WARNING] django.server: "GET /.well-known/appspecific/com.chrome.devtools.json HTTP/1.1" 404 13603
2026-03-11 13:53:04,775 [INFO] django.utils.autoreload: D:\PROJECTs\su_science\project\main\models.py changed, reloading.
2026-03-11 13:53:05,493 [INFO] django.utils.autoreload: Watching for file changes with StatReloader
2026-03-11 13:53:36,646 [INFO] main.utils: Generation request accepted user=74 template_id=13 filters_tags=0
2026-03-11 13:53:36,647 [INFO] main.utils: Generation start template_id=13 user=74 template_file_type=docx publications_count=307 requested_title=
2026-03-11 13:53:36,647 [INFO] utils.document_generator: Template render start template_id=13 base_len=0
2026-03-11 13:53:36,648 [INFO] utils.document_generator: Template render after synonyms template_id=13 len=0
2026-03-11 13:53:36,648 [WARNING] utils.document_generator: Template render result is empty template_id=13
2026-03-11 13:53:36,648 [INFO] main.utils: Text render result template_id=13 text_len=0 non_empty=False
2026-03-11 13:53:36,648 [INFO] main.utils: DOCX render branch template_id=13 source_file=synthetic_documents/template-from-document-5.docx
2026-03-11 13:53:36,701 [INFO] utils.document_generator: DOCX render start template_id=13 source=D:\PROJECTs\su_science\project\media\synthetic_documents\template-from-document-5.docx output=C:\Users\admin\AppData\Local\Temp\tmpmuqisw6l.docx
2026-03-11 13:53:37,115 [INFO] utils.document_generator: DOCX render finished template_id=13 output=C:\Users\admin\AppData\Local\Temp\tmpmuqisw6l.docx
2026-03-11 13:53:37,134 [INFO] main.utils: Generation finished document_id=53 generated_by=13 file_type=docx file_name=documents/report-20260311085337.docx
2026-03-11 13:53:37,141 [INFO] django.server: "POST /search/ HTTP/1.1" 302 0
2026-03-11 13:53:37,175 [INFO] document.views: Document file served document=53
2026-03-11 13:53:37,176 [INFO] django.server: "GET /files/53?download=1 HTTP/1.1" 200 90535
2026-03-11 13:53:57,399 [INFO] django.server: "GET /publications/256/ HTTP/1.1" 200 11584
2026-03-11 13:53:57,430 [WARNING] django.request: Not Found: /.well-known/appspecific/com.chrome.devtools.json
2026-03-11 13:53:57,431 [WARNING] django.server: "GET /.well-known/appspecific/com.chrome.devtools.json HTTP/1.1" 404 13603
2026-03-11 14:09:06,133 [INFO] django.server: "GET / HTTP/1.1" 200 15082
2026-03-11 14:09:06,163 [WARNING] django.request: Not Found: /.well-known/appspecific/com.chrome.devtools.json
2026-03-11 14:09:06,164 [WARNING] django.server: "GET /.well-known/appspecific/com.chrome.devtools.json HTTP/1.1" 404 13603
2026-03-11 14:09:06,172 [INFO] django.server: "GET /static/main/css/style.css HTTP/1.1" 304 0
2026-03-11 14:09:22,869 [INFO] django.server: "GET /?tab=researchers HTTP/1.1" 200 9009
2026-03-11 14:09:22,900 [WARNING] django.request: Not Found: /.well-known/appspecific/com.chrome.devtools.json
2026-03-11 14:09:22,901 [WARNING] django.server: "GET /.well-known/appspecific/com.chrome.devtools.json HTTP/1.1" 404 13603
2026-03-11 14:09:24,277 [INFO] django.server: "GET /?tab=documents HTTP/1.1" 200 15082
2026-03-11 14:09:24,305 [WARNING] django.request: Not Found: /.well-known/appspecific/com.chrome.devtools.json
2026-03-11 14:09:24,306 [WARNING] django.server: "GET /.well-known/appspecific/com.chrome.devtools.json HTTP/1.1" 404 13603
2026-03-11 14:09:24,980 [INFO] django.server: "GET /?tab=researchers HTTP/1.1" 200 9009
2026-03-11 14:09:25,010 [WARNING] django.request: Not Found: /.well-known/appspecific/com.chrome.devtools.json
2026-03-11 14:09:25,011 [WARNING] django.server: "GET /.well-known/appspecific/com.chrome.devtools.json HTTP/1.1" 404 13603
2026-03-11 14:09:26,894 [INFO] django.server: "GET /?tab=documents HTTP/1.1" 200 15082
2026-03-11 14:09:26,924 [WARNING] django.request: Not Found: /.well-known/appspecific/com.chrome.devtools.json
2026-03-11 14:09:26,925 [WARNING] django.server: "GET /.well-known/appspecific/com.chrome.devtools.json HTTP/1.1" 404 13603
2026-03-11 14:09:27,953 [INFO] django.server: "GET /documents HTTP/1.1" 200 31573
2026-03-11 14:09:27,989 [WARNING] django.request: Not Found: /.well-known/appspecific/com.chrome.devtools.json
2026-03-11 14:09:27,990 [WARNING] django.server: "GET /.well-known/appspecific/com.chrome.devtools.json HTTP/1.1" 404 13603
2026-03-11 14:09:29,670 [INFO] django.server: "GET / HTTP/1.1" 200 15082
2026-03-11 14:09:29,700 [WARNING] django.request: Not Found: /.well-known/appspecific/com.chrome.devtools.json
2026-03-11 14:09:29,702 [WARNING] django.server: "GET /.well-known/appspecific/com.chrome.devtools.json HTTP/1.1" 404 13603
2026-03-11 14:09:30,377 [INFO] django.server: "GET /documents HTTP/1.1" 200 31573
2026-03-11 14:09:30,413 [WARNING] django.request: Not Found: /.well-known/appspecific/com.chrome.devtools.json
2026-03-11 14:09:30,413 [WARNING] django.server: "GET /.well-known/appspecific/com.chrome.devtools.json HTTP/1.1" 404 13603
2026-03-11 14:09:31,229 [INFO] django.server: "GET /generators/13/edit HTTP/1.1" 200 228133
2026-03-11 14:09:31,268 [WARNING] django.request: Not Found: /.well-known/appspecific/com.chrome.devtools.json
2026-03-11 14:09:31,269 [WARNING] django.server: "GET /.well-known/appspecific/com.chrome.devtools.json HTTP/1.1" 404 13603
2026-03-11 14:09:31,296 [INFO] document.views: ONLYOFFICE config generator=13 user=74 mode=edit key=gen-13-1772885817-s28474
2026-03-11 14:09:31,296 [INFO] django.server: "GET /onlyoffice/generator/config/13 HTTP/1.1" 200 1712
2026-03-11 14:09:32,275 [INFO] document.views: ONLYOFFICE callback generator=13 status=1
2026-03-11 14:09:32,275 [INFO] django.server: "POST /onlyoffice/generator/callback/13 HTTP/1.1" 200 12
2026-03-11 14:09:32,286 [INFO] document.views: Generator file served generator=13
2026-03-11 14:09:32,287 [INFO] django.server: "GET /generator-files/13?access_token=eyJnZW5lcmF0b3JfaWQiOjEzLCJ1c2VyX2lkIjo3NH0%3A1w0FZL%3Aq4hOdHnVHVrLdE-_KfcuxumI3HIKfywfNoalmUl5Uz0 HTTP/1.1" 200 28474
2026-03-11 14:09:33,367 [INFO] django.server: "GET / HTTP/1.1" 200 15082
2026-03-11 14:09:33,393 [INFO] document.views: ONLYOFFICE callback generator=13 status=4
2026-03-11 14:09:33,393 [INFO] django.server: "POST /onlyoffice/generator/callback/13 HTTP/1.1" 200 12
2026-03-11 14:09:33,406 [WARNING] django.request: Not Found: /.well-known/appspecific/com.chrome.devtools.json
2026-03-11 14:09:33,408 [WARNING] django.server: "GET /.well-known/appspecific/com.chrome.devtools.json HTTP/1.1" 404 13603
2026-03-11 14:13:44,669 [INFO] django.utils.autoreload: D:\PROJECTs\su_science\project\project\settings.py changed, reloading.
2026-03-11 14:13:45,215 [INFO] django.utils.autoreload: Watching for file changes with StatReloader
